{
"type": "FeatureCollection",
"name": "raleigh_boundary",
"crs": { "type": "name", "properties": { "name": "urn:ogc:def:crs:OGC:1.3:CRS84" } },
"features": [
{ "type": "Feature", "properties": { "display_name": "Raleigh, Wake County, North Carolina, United States" }, "geometry": { "type": "MultiPolygon", "coordinates": [ [ [ [ -78.7109016, 35.802307 ], [ -78.711733, 35.8023261 ], [ -78.711789, 35.8007632 ], [ -78.7116298, 35.8007604 ], [ -78.7116675, 35.7996805 ], [ -78.7122494, 35.7996888 ], [ -78.7122842, 35.7987116 ], [ -78.7122854, 35.7986769 ], [ -78.7115895, 35.7986174 ], [ -78.7099243, 35.798465 ], [ -78.7093711, 35.7984197 ], [ -78.7092762, 35.8010376 ], [ -78.7108522, 35.8010853 ], [ -78.7109016, 35.802307 ] ] ], [ [ [ -78.8189744, 35.8972414 ], [ -78.8189578, 35.8968714 ], [ -78.8189247, 35.8968752 ], [ -78.8175808, 35.8968473 ], [ -78.8154672, 35.8968151 ], [ -78.8154769, 35.8956753 ], [ -78.815489, 35.8945637 ], [ -78.8154905, 35.8942287 ], [ -78.8155066, 35.8937226 ], [ -78.8156442, 35.8935864 ], [ -78.8138692, 35.8936123 ], [ -78.8119229, 35.8936384 ], [ -78.8102653, 35.8936613 ], [ -78.8092013, 35.8936755 ], [ -78.8079045, 35.8936938 ], [ -78.8066475, 35.8938615 ], [ -78.8050557, 35.8939729 ], [ -78.8041105, 35.8940427 ], [ -78.8035701, 35.8940819 ], [ -78.8031911, 35.8940969 ], [ -78.803073, 35.894093 ], [ -78.802995, 35.894107 ], [ -78.802969, 35.894113 ], [ -78.8029346, 35.8940299 ], [ -78.802851, 35.893804 ], [ -78.80282, 35.893728 ], [ -78.8028135, 35.893712 ], [ -78.802723, 35.89349 ], [ -78.802432, 35.892777 ], [ -78.802336, 35.892539 ], [ -78.8022096, 35.89243 ], [ -78.8020147, 35.8920911 ], [ -78.801841, 35.8917495 ], [ -78.8014362, 35.8910156 ], [ -78.8011111, 35.8905013 ], [ -78.8005204, 35.889599 ], [ -78.7999147, 35.8896522 ], [ -78.7993314, 35.8895484 ], [ -78.7994128, 35.8891378 ], [ -78.7994608, 35.8889136 ], [ -78.7995716, 35.8888729 ], [ -78.7995947, 35.8888321 ], [ -78.7990277, 35.888858 ], [ -78.7983822, 35.8888455 ], [ -78.7978053, 35.8888344 ], [ -78.7974824, 35.8888529 ], [ -78.7973284, 35.8889286 ], [ -78.797334, 35.889008 ], [ -78.7972908, 35.8895754 ], [ -78.7974921, 35.8895816 ], [ -78.7976766, 35.8896516 ], [ -78.7975685, 35.8896733 ], [ -78.7974371, 35.8896848 ], [ -78.7970289, 35.889757 ], [ -78.79696, 35.8905046 ], [ -78.7976849, 35.8907293 ], [ -78.7966153, 35.8906874 ], [ -78.7961809, 35.8908749 ], [ -78.7957984, 35.8911342 ], [ -78.7956496, 35.8912678 ], [ -78.7955257, 35.8914236 ], [ -78.7953932, 35.8916372 ], [ -78.7952503, 35.8918179 ], [ -78.7950941, 35.8919799 ], [ -78.7949867, 35.8920398 ], [ -78.7905767, 35.8919732 ], [ -78.7885747, 35.8919041 ], [ -78.78851, 35.8937414 ], [ -78.7862994, 35.8936608 ], [ -78.7863313, 35.8951676 ], [ -78.7876297, 35.8951938 ], [ -78.7880915, 35.895635 ], [ -78.786716, 35.89565 ], [ -78.7855419, 35.89569 ], [ -78.785579, 35.8962145 ], [ -78.7846329, 35.895654 ], [ -78.7838647, 35.8957989 ], [ -78.783361, 35.8979467 ], [ -78.7822093, 35.8979311 ], [ -78.7819612, 35.8978266 ], [ -78.7820185, 35.8980421 ], [ -78.78147, 35.8980375 ], [ -78.7803445, 35.8989608 ], [ -78.7803458, 35.8988697 ], [ -78.7795824, 35.8987914 ], [ -78.7775609, 35.900409 ], [ -78.7775626, 35.9019308 ], [ -78.7744729, 35.9018411 ], [ -78.7750546, 35.8998205 ], [ -78.7722872, 35.8992853 ], [ -78.7720779, 35.8993048 ], [ -78.7720821, 35.8995976 ], [ -78.7720359, 35.899862 ], [ -78.7711644, 35.899728 ], [ -78.7712299, 35.8995379 ], [ -78.7709271, 35.8992903 ], [ -78.7693997, 35.9003682 ], [ -78.7698027, 35.9007395 ], [ -78.7692996, 35.9007747 ], [ -78.7691325, 35.9005096 ], [ -78.768513, 35.8999513 ], [ -78.7691415, 35.8995094 ], [ -78.7684577, 35.8988744 ], [ -78.7684399, 35.8974574 ], [ -78.7685116, 35.897446 ], [ -78.7684342, 35.8973563 ], [ -78.7683735, 35.89506 ], [ -78.7672755, 35.8960238 ], [ -78.7666006, 35.8952989 ], [ -78.7652812, 35.8952788 ], [ -78.7641129, 35.8964286 ], [ -78.7631014, 35.8974088 ], [ -78.7623972, 35.8969332 ], [ -78.7628733, 35.8964519 ], [ -78.7626547, 35.8961276 ], [ -78.7622095, 35.896097 ], [ -78.7620766, 35.8959659 ], [ -78.761112, 35.8957727 ], [ -78.7605741, 35.8955025 ], [ -78.7600766, 35.8954749 ], [ -78.7597484, 35.8953457 ], [ -78.7598946, 35.895222 ], [ -78.7596835, 35.8952183 ], [ -78.759745, 35.8933616 ], [ -78.7594027, 35.8933765 ], [ -78.7594545, 35.8919022 ], [ -78.7598006, 35.891901 ], [ -78.7638175, 35.8920843 ], [ -78.763809, 35.8887258 ], [ -78.763808, 35.8880656 ], [ -78.7638497, 35.8861357 ], [ -78.763912, 35.8838859 ], [ -78.76986, 35.8841085 ], [ -78.769448, 35.8831557 ], [ -78.7690446, 35.8829819 ], [ -78.7690187, 35.8827021 ], [ -78.7689931, 35.8824256 ], [ -78.7692592, 35.882057 ], [ -78.7698276, 35.881719 ], [ -78.7706411, 35.8812851 ], [ -78.770735, 35.880284 ], [ -78.7707054, 35.8800146 ], [ -78.7707179, 35.8797856 ], [ -78.7708098, 35.8780624 ], [ -78.7709667, 35.8750255 ], [ -78.7710721, 35.8729843 ], [ -78.7711161, 35.8721321 ], [ -78.771184, 35.8708132 ], [ -78.7712762, 35.8690237 ], [ -78.7663824, 35.8650874 ], [ -78.765517, 35.8643913 ], [ -78.7661131, 35.8637537 ], [ -78.7682443, 35.8614709 ], [ -78.7691238, 35.8610429 ], [ -78.7692332, 35.860989 ], [ -78.7695758, 35.8608286 ], [ -78.770071, 35.8613705 ], [ -78.7702549, 35.8615602 ], [ -78.7718632, 35.8616378 ], [ -78.7726329, 35.8616749 ], [ -78.7740057, 35.8617411 ], [ -78.7740853, 35.8586325 ], [ -78.7747222, 35.8586668 ], [ -78.7747528, 35.8586843 ], [ -78.7748458, 35.8586879 ], [ -78.7748886, 35.8586933 ], [ -78.7749619, 35.8587082 ], [ -78.7750275, 35.8587144 ], [ -78.775053, 35.8587131 ], [ -78.7751968, 35.8586973 ], [ -78.7752561, 35.8587102 ], [ -78.77536, 35.8587288 ], [ -78.7754171, 35.8587407 ], [ -78.775467, 35.8587486 ], [ -78.7755747, 35.8587563 ], [ -78.7756164, 35.8587764 ], [ -78.7756971, 35.8588077 ], [ -78.7757531, 35.8588353 ], [ -78.7758101, 35.8588549 ], [ -78.7758583, 35.8588885 ], [ -78.7759176, 35.8589132 ], [ -78.7760002, 35.8589365 ], [ -78.7760922, 35.8589359 ], [ -78.776146, 35.8589174 ], [ -78.7762067, 35.8588724 ], [ -78.7762556, 35.8588735 ], [ -78.7764349, 35.8589093 ], [ -78.7765478, 35.8588897 ], [ -78.7766597, 35.8588189 ], [ -78.7767066, 35.8587887 ], [ -78.7768203, 35.8586983 ], [ -78.7769118, 35.8586433 ], [ -78.7770756, 35.8585861 ], [ -78.7772074, 35.858546 ], [ -78.7772653, 35.8585058 ], [ -78.7773835, 35.8584646 ], [ -78.7774244, 35.8584121 ], [ -78.777549, 35.858283 ], [ -78.7775937, 35.8582434 ], [ -78.7776655, 35.8581865 ], [ -78.777685, 35.8581496 ], [ -78.7777154, 35.8580894 ], [ -78.7777319, 35.8579818 ], [ -78.7777373, 35.8578637 ], [ -78.7777561, 35.8577884 ], [ -78.7778681, 35.8576922 ], [ -78.7779776, 35.8576013 ], [ -78.7781015, 35.8575435 ], [ -78.7782948, 35.8575297 ], [ -78.7783378, 35.8575237 ], [ -78.7785056, 35.8574831 ], [ -78.7787224, 35.8574699 ], [ -78.7788502, 35.8574671 ], [ -78.7791115, 35.857408 ], [ -78.7792991, 35.8573791 ], [ -78.7793773, 35.8573654 ], [ -78.7795036, 35.8572898 ], [ -78.779616, 35.8572318 ], [ -78.7796741, 35.8572118 ], [ -78.7797955, 35.8571833 ], [ -78.7808015, 35.8571505 ], [ -78.7819552, 35.857113 ], [ -78.7823776, 35.8570984 ], [ -78.782755, 35.8570865 ], [ -78.783296, 35.8570699 ], [ -78.7839491, 35.8570479 ], [ -78.7843386, 35.8570355 ], [ -78.7847794, 35.8570214 ], [ -78.7856867, 35.8569913 ], [ -78.7859475, 35.8569833 ], [ -78.7858675, 35.8559838 ], [ -78.7858029, 35.8551539 ], [ -78.7857654, 35.8546721 ], [ -78.7857188, 35.8540735 ], [ -78.7856534, 35.8532332 ], [ -78.7856266, 35.8528891 ], [ -78.7856043, 35.8525714 ], [ -78.785017, 35.852547 ], [ -78.7826485, 35.8524434 ], [ -78.7817588, 35.8524066 ], [ -78.781665, 35.8524027 ], [ -78.7815765, 35.852399 ], [ -78.7800284, 35.852335 ], [ -78.7793506, 35.852307 ], [ -78.7787907, 35.8522838 ], [ -78.7778673, 35.8522495 ], [ -78.7772415, 35.8522247 ], [ -78.7772755, 35.8515717 ], [ -78.7772882, 35.8513286 ], [ -78.7773587, 35.8499741 ], [ -78.7774907, 35.8473497 ], [ -78.7774962, 35.8472367 ], [ -78.7775868, 35.8452553 ], [ -78.7776122, 35.8445101 ], [ -78.7776155, 35.8440061 ], [ -78.776747, 35.8439764 ], [ -78.7765683, 35.8439707 ], [ -78.7751763, 35.8439235 ], [ -78.7744187, 35.8438975 ], [ -78.7737503, 35.8438752 ], [ -78.7732354, 35.8438575 ], [ -78.7720307, 35.8438167 ], [ -78.771069, 35.8437844 ], [ -78.7698875, 35.8437444 ], [ -78.769589, 35.8437338 ], [ -78.7695339, 35.8438343 ], [ -78.7695005, 35.8439558 ], [ -78.7694625, 35.844042 ], [ -78.7694375, 35.8441147 ], [ -78.7694068, 35.844204 ], [ -78.769388, 35.8442587 ], [ -78.7692506, 35.8444396 ], [ -78.7691047, 35.844537 ], [ -78.7689402, 35.8445644 ], [ -78.76877, 35.8445927 ], [ -78.7686155, 35.8446762 ], [ -78.7684095, 35.8447319 ], [ -78.7682807, 35.8447736 ], [ -78.7680576, 35.8447736 ], [ -78.7679031, 35.8447527 ], [ -78.7677486, 35.8446553 ], [ -78.7677057, 35.8445927 ], [ -78.7676325, 35.8444993 ], [ -78.7675804, 35.8443848 ], [ -78.7674911, 35.8442379 ], [ -78.7674482, 35.8441196 ], [ -78.7673967, 35.8439974 ], [ -78.767328, 35.8438343 ], [ -78.7672642, 35.8437049 ], [ -78.7672019, 35.8435833 ], [ -78.7671186, 35.8434795 ], [ -78.7669761, 35.8433473 ], [ -78.7669246, 35.8432777 ], [ -78.7666242, 35.8430273 ], [ -78.7664783, 35.842902 ], [ -78.7661047, 35.8426492 ], [ -78.7658625, 35.8425246 ], [ -78.7657872, 35.8425017 ], [ -78.7656972, 35.8424289 ], [ -78.7655771, 35.8423871 ], [ -78.7654054, 35.8423037 ], [ -78.7651755, 35.8421612 ], [ -78.7650717, 35.8420985 ], [ -78.7648132, 35.8419488 ], [ -78.7645309, 35.8417591 ], [ -78.7644704, 35.8417265 ], [ -78.7643669, 35.8416705 ], [ -78.7641242, 35.8415641 ], [ -78.7640277, 35.8415226 ], [ -78.7638698, 35.8414465 ], [ -78.7637317, 35.8413504 ], [ -78.7636802, 35.8412878 ], [ -78.7635991, 35.8412448 ], [ -78.7634571, 35.8411695 ], [ -78.7633657, 35.8411422 ], [ -78.763262, 35.8411182 ], [ -78.7631567, 35.841093 ], [ -78.7630537, 35.8411139 ], [ -78.7629641, 35.8411192 ], [ -78.7628133, 35.8411835 ], [ -78.7627596, 35.8412197 ], [ -78.7627268, 35.8412419 ], [ -78.7626862, 35.8412693 ], [ -78.7626564, 35.8412895 ], [ -78.762617, 35.841315 ], [ -78.7623241, 35.8416148 ], [ -78.7623226, 35.8412493 ], [ -78.7623206, 35.8404676 ], [ -78.7623192, 35.8399262 ], [ -78.7623068, 35.8351576 ], [ -78.7622838, 35.8342527 ], [ -78.7622774, 35.8332822 ], [ -78.7602896, 35.8332933 ], [ -78.7595579, 35.8332906 ], [ -78.7564499, 35.8332785 ], [ -78.7564622, 35.8320256 ], [ -78.7564746, 35.8307275 ], [ -78.756123, 35.830717 ], [ -78.7550188, 35.8306843 ], [ -78.7545472, 35.8306704 ], [ -78.7539499, 35.8303434 ], [ -78.7536855, 35.8301987 ], [ -78.7532705, 35.8299716 ], [ -78.7529809, 35.829813 ], [ -78.7529771, 35.8295213 ], [ -78.7529717, 35.8290962 ], [ -78.7529709, 35.8290136 ], [ -78.7529108, 35.8289672 ], [ -78.752857, 35.8289273 ], [ -78.7528101, 35.8288955 ], [ -78.7527613, 35.8288644 ], [ -78.7527142, 35.8288398 ], [ -78.7526681, 35.8288184 ], [ -78.7526171, 35.8287988 ], [ -78.7526065, 35.8287952 ], [ -78.7525196, 35.828765 ], [ -78.7524087, 35.8287271 ], [ -78.7523668, 35.8287104 ], [ -78.7523015, 35.82868 ], [ -78.7522622, 35.8286622 ], [ -78.7522009, 35.8286374 ], [ -78.7520198, 35.8285637 ], [ -78.7519366, 35.8285342 ], [ -78.751891, 35.8285207 ], [ -78.7518636, 35.8285137 ], [ -78.7517941, 35.8284957 ], [ -78.7517124, 35.828469 ], [ -78.7516749, 35.8284609 ], [ -78.751629, 35.8284551 ], [ -78.7515869, 35.8284505 ], [ -78.7515513, 35.8284439 ], [ -78.7515342, 35.8284398 ], [ -78.7515045, 35.8284315 ], [ -78.7514793, 35.8284208 ], [ -78.7514377, 35.828399 ], [ -78.7514185, 35.8283862 ], [ -78.751399, 35.8283724 ], [ -78.7513795, 35.8283622 ], [ -78.7513586, 35.8283537 ], [ -78.7513314, 35.8283468 ], [ -78.7512401, 35.8283374 ], [ -78.751209, 35.828333 ], [ -78.7511907, 35.8283241 ], [ -78.7511784, 35.8283149 ], [ -78.7511587, 35.8283057 ], [ -78.7511405, 35.8282989 ], [ -78.7511269, 35.8282983 ], [ -78.7510972, 35.8283028 ], [ -78.7510812, 35.8283041 ], [ -78.7510647, 35.8283032 ], [ -78.7510537, 35.828299 ], [ -78.7510277, 35.8282842 ], [ -78.7510154, 35.8282735 ], [ -78.7510079, 35.8282608 ], [ -78.7509965, 35.8282343 ], [ -78.7509872, 35.8282227 ], [ -78.7509779, 35.8282129 ], [ -78.7509676, 35.8282076 ], [ -78.7509312, 35.8281964 ], [ -78.7509104, 35.8281919 ], [ -78.7508847, 35.8281906 ], [ -78.7508588, 35.8281931 ], [ -78.750801, 35.8282057 ], [ -78.7507726, 35.8282105 ], [ -78.7507047, 35.8282088 ], [ -78.7507669, 35.8256618 ], [ -78.7459294, 35.8255962 ], [ -78.7453998, 35.8255381 ], [ -78.7434843, 35.8252833 ], [ -78.7434748, 35.8274928 ], [ -78.7434705, 35.828497 ], [ -78.7434683, 35.8290016 ], [ -78.7434671, 35.8292917 ], [ -78.7411057, 35.8292205 ], [ -78.7404399, 35.8292004 ], [ -78.740218, 35.828918 ], [ -78.74001, 35.82867 ], [ -78.739841, 35.828467 ], [ -78.739734, 35.828339 ], [ -78.739539, 35.828104 ], [ -78.739509, 35.828069 ], [ -78.739418, 35.82796 ], [ -78.7390234, 35.827498 ], [ -78.738878, 35.8276662 ], [ -78.7385919, 35.8273245 ], [ -78.7383954, 35.827531 ], [ -78.7381997, 35.8277109 ], [ -78.7380237, 35.827846 ], [ -78.737865, 35.8279557 ], [ -78.7376993, 35.8280565 ], [ -78.7372498, 35.8282949 ], [ -78.7367533, 35.8285632 ], [ -78.7362037, 35.8288589 ], [ -78.7359723, 35.8289817 ], [ -78.7360712, 35.8290868 ], [ -78.7359676, 35.8300791 ], [ -78.7358878, 35.8302392 ], [ -78.734758, 35.8294866 ], [ -78.7342769, 35.8297344 ], [ -78.734087, 35.8296916 ], [ -78.732466, 35.8302276 ], [ -78.7308918, 35.8292437 ], [ -78.7282289, 35.8318634 ], [ -78.7270029, 35.8314549 ], [ -78.726984, 35.8304827 ], [ -78.7270192, 35.8304926 ], [ -78.7279157, 35.8304876 ], [ -78.7290596, 35.8298258 ], [ -78.7291614, 35.8293413 ], [ -78.7288824, 35.8285089 ], [ -78.7286447, 35.8281111 ], [ -78.7291629, 35.8276021 ], [ -78.7297958, 35.827358 ], [ -78.7300695, 35.8274197 ], [ -78.7301955, 35.8273227 ], [ -78.7303474, 35.8272843 ], [ -78.7305036, 35.8274562 ], [ -78.7304786, 35.8272659 ], [ -78.7307454, 35.826702 ], [ -78.7309098, 35.8266088 ], [ -78.7312553, 35.8267567 ], [ -78.7311593, 35.8265552 ], [ -78.7307365, 35.8262094 ], [ -78.7307186, 35.8258252 ], [ -78.7308361, 35.8257342 ], [ -78.730802, 35.8256622 ], [ -78.731066, 35.8253902 ], [ -78.7313011, 35.8251715 ], [ -78.7315811, 35.8250369 ], [ -78.7316933, 35.825008 ], [ -78.7317243, 35.8250146 ], [ -78.73196, 35.8249607 ], [ -78.7323815, 35.8249244 ], [ -78.7324879, 35.8249899 ], [ -78.7326381, 35.8251109 ], [ -78.7327845, 35.8252586 ], [ -78.7328593, 35.8253535 ], [ -78.7328799, 35.8253468 ], [ -78.7329843, 35.8255621 ], [ -78.7330496, 35.8257537 ], [ -78.733073, 35.8259575 ], [ -78.7330693, 35.8261041 ], [ -78.7330309, 35.8263583 ], [ -78.7330167, 35.8265248 ], [ -78.73302, 35.8266715 ], [ -78.733053, 35.8268196 ], [ -78.733105, 35.8269459 ], [ -78.7331875, 35.82709 ], [ -78.7333067, 35.8272861 ], [ -78.7334329, 35.8274744 ], [ -78.7337492, 35.8279356 ], [ -78.7343528, 35.8288018 ], [ -78.7345845, 35.8290586 ], [ -78.7348511, 35.8292723 ], [ -78.7349968, 35.8292772 ], [ -78.7355828, 35.8289555 ], [ -78.7344928, 35.8276234 ], [ -78.7358897, 35.8268114 ], [ -78.7373115, 35.8254829 ], [ -78.7373718, 35.8255686 ], [ -78.737452, 35.8258125 ], [ -78.7375658, 35.825963 ], [ -78.7377407, 35.8264534 ], [ -78.7378962, 35.8266015 ], [ -78.7380558, 35.8266409 ], [ -78.7381505, 35.8266643 ], [ -78.7382015, 35.8266138 ], [ -78.7385987, 35.8270259 ], [ -78.7389417, 35.8266356 ], [ -78.7394282, 35.8259582 ], [ -78.740065, 35.8250217 ], [ -78.7402617, 35.8246919 ], [ -78.7404024, 35.824401 ], [ -78.7406472, 35.82382 ], [ -78.7317791, 35.8233259 ], [ -78.7317918, 35.8229025 ], [ -78.7316844, 35.8226854 ], [ -78.7314272, 35.8224836 ], [ -78.7311518, 35.8218236 ], [ -78.7312814, 35.8216504 ], [ -78.7303705, 35.8215996 ], [ -78.7303661, 35.8215534 ], [ -78.730353, 35.8215098 ], [ -78.7303515, 35.8214477 ], [ -78.7303449, 35.821426 ], [ -78.730328, 35.8213904 ], [ -78.7303239, 35.8213696 ], [ -78.7303205, 35.8213316 ], [ -78.7303169, 35.8213097 ], [ -78.7302822, 35.8212313 ], [ -78.7302715, 35.8212015 ], [ -78.730265, 35.8211701 ], [ -78.7302625, 35.8211383 ], [ -78.7302658, 35.8211115 ], [ -78.7302827, 35.8210309 ], [ -78.7303036, 35.8209743 ], [ -78.7303272, 35.8209415 ], [ -78.7303483, 35.8209251 ], [ -78.7303914, 35.8209035 ], [ -78.7304132, 35.8208919 ], [ -78.7304584, 35.8208597 ], [ -78.7305204, 35.8208352 ], [ -78.7305386, 35.8208337 ], [ -78.7305545, 35.8208355 ], [ -78.7305819, 35.8208468 ], [ -78.7306124, 35.8208416 ], [ -78.7306279, 35.8208434 ], [ -78.7306703, 35.8208646 ], [ -78.7307006, 35.8208919 ], [ -78.7307266, 35.820902 ], [ -78.7307806, 35.8209111 ], [ -78.7308036, 35.8209016 ], [ -78.7308718, 35.820866 ], [ -78.7309004, 35.8208491 ], [ -78.7309267, 35.8208129 ], [ -78.7309357, 35.8207659 ], [ -78.7309533, 35.8207477 ], [ -78.7309902, 35.8207319 ], [ -78.731018, 35.8207239 ], [ -78.7310404, 35.8207247 ], [ -78.7310713, 35.8207184 ], [ -78.7310812, 35.8207138 ], [ -78.7311053, 35.8207029 ], [ -78.7311186, 35.8207004 ], [ -78.7311325, 35.8207005 ], [ -78.7311678, 35.820704 ], [ -78.7312505, 35.8206857 ], [ -78.731285, 35.8206833 ], [ -78.7313842, 35.820688 ], [ -78.7314472, 35.8206942 ], [ -78.7314638, 35.8206906 ], [ -78.7316021, 35.8206874 ], [ -78.7317358, 35.8206999 ], [ -78.7318296, 35.8206963 ], [ -78.7318562, 35.8206932 ], [ -78.7318754, 35.820687 ], [ -78.7319471, 35.8206398 ], [ -78.731971, 35.8206266 ], [ -78.7320217, 35.8206098 ], [ -78.7320416, 35.820598 ], [ -78.7320768, 35.8205722 ], [ -78.7320937, 35.8205635 ], [ -78.7321432, 35.8205442 ], [ -78.7321677, 35.8205267 ], [ -78.7321984, 35.8204936 ], [ -78.7322198, 35.8204607 ], [ -78.732243, 35.8204374 ], [ -78.732264, 35.8203913 ], [ -78.7322632, 35.8203717 ], [ -78.7322473, 35.820333 ], [ -78.7322213, 35.8202892 ], [ -78.7322113, 35.8202466 ], [ -78.732278, 35.8202015 ], [ -78.7323374, 35.8201555 ], [ -78.7323858, 35.8201267 ], [ -78.732412, 35.8201033 ], [ -78.7324214, 35.820088 ], [ -78.7324276, 35.8200663 ], [ -78.7324287, 35.8200483 ], [ -78.7324259, 35.8200312 ], [ -78.7324173, 35.8200136 ], [ -78.7324106, 35.8200065 ], [ -78.7323851, 35.8199923 ], [ -78.7323601, 35.8199837 ], [ -78.7323261, 35.8199754 ], [ -78.7323134, 35.8199672 ], [ -78.7322997, 35.819942 ], [ -78.732295, 35.8199247 ], [ -78.7322941, 35.819891 ], [ -78.7322941, 35.8198699 ], [ -78.7323018, 35.8198408 ], [ -78.732322, 35.8197961 ], [ -78.7323222, 35.819784 ], [ -78.7323126, 35.8197675 ], [ -78.7322865, 35.8197488 ], [ -78.7322825, 35.8197404 ], [ -78.732295, 35.8197008 ], [ -78.7322949, 35.8196684 ], [ -78.7322782, 35.819616 ], [ -78.7322733, 35.8196054 ], [ -78.7322493, 35.819587 ], [ -78.7322103, 35.8195779 ], [ -78.7321707, 35.8195654 ], [ -78.7321387, 35.8195495 ], [ -78.7320938, 35.8195447 ], [ -78.7320555, 35.8195293 ], [ -78.7320476, 35.8195225 ], [ -78.732029, 35.8194948 ], [ -78.7320155, 35.8194802 ], [ -78.7320029, 35.8194295 ], [ -78.7320051, 35.819292 ], [ -78.7320122, 35.8192646 ], [ -78.7320703, 35.8192021 ], [ -78.7321086, 35.8191433 ], [ -78.732137, 35.8190708 ], [ -78.7321538, 35.8189711 ], [ -78.7321634, 35.8189353 ], [ -78.7321699, 35.8188427 ], [ -78.7321796, 35.8188058 ], [ -78.7322105, 35.818775 ], [ -78.7322494, 35.8187504 ], [ -78.7323353, 35.8187246 ], [ -78.7323761, 35.8187091 ], [ -78.7324849, 35.8186532 ], [ -78.7325058, 35.818608 ], [ -78.7325069, 35.8185859 ], [ -78.7325238, 35.8185649 ], [ -78.7325707, 35.8185424 ], [ -78.7326561, 35.8184907 ], [ -78.732725, 35.8184681 ], [ -78.7327708, 35.8184407 ], [ -78.7328247, 35.8183459 ], [ -78.7328464, 35.8182896 ], [ -78.7328576, 35.8182714 ], [ -78.7328912, 35.818246 ], [ -78.7329649, 35.8182159 ], [ -78.7330121, 35.8181936 ], [ -78.7330671, 35.8181608 ], [ -78.7331179, 35.8181157 ], [ -78.7331476, 35.8180958 ], [ -78.7332237, 35.8180637 ], [ -78.73328, 35.81805 ], [ -78.73333, 35.8180538 ], [ -78.7334095, 35.8180678 ], [ -78.7334608, 35.8180744 ], [ -78.733499, 35.8180606 ], [ -78.7335555, 35.8180575 ], [ -78.7335927, 35.8180621 ], [ -78.7336394, 35.8180781 ], [ -78.7336737, 35.8180967 ], [ -78.7337512, 35.8181478 ], [ -78.7338123, 35.8181701 ], [ -78.7338669, 35.8181964 ], [ -78.7339173, 35.8182278 ], [ -78.7339451, 35.8182438 ], [ -78.7339856, 35.8182594 ], [ -78.734015, 35.8182455 ], [ -78.7340347, 35.8182143 ], [ -78.734101, 35.818094 ], [ -78.7341435, 35.8180657 ], [ -78.7341836, 35.8180468 ], [ -78.7342271, 35.8180368 ], [ -78.7342708, 35.8180172 ], [ -78.7343246, 35.817977 ], [ -78.7343777, 35.8179361 ], [ -78.7344169, 35.8179101 ], [ -78.7344514, 35.817896 ], [ -78.7345036, 35.8178913 ], [ -78.7345645, 35.8178912 ], [ -78.7346359, 35.8178836 ], [ -78.7346769, 35.8178741 ], [ -78.7347103, 35.8178546 ], [ -78.734731, 35.8178397 ], [ -78.734732, 35.8177899 ], [ -78.7347192, 35.8177432 ], [ -78.7346955, 35.8177127 ], [ -78.7346677, 35.8176865 ], [ -78.7346244, 35.8176492 ], [ -78.7345513, 35.8176024 ], [ -78.7345166, 35.8175689 ], [ -78.7344836, 35.8175052 ], [ -78.7343639, 35.8171938 ], [ -78.734302, 35.8171461 ], [ -78.7342652, 35.8171219 ], [ -78.7342184, 35.8171016 ], [ -78.7341763, 35.8170754 ], [ -78.7341243, 35.8170215 ], [ -78.7340786, 35.8169162 ], [ -78.7340556, 35.8168766 ], [ -78.7339986, 35.8167272 ], [ -78.733991, 35.8166953 ], [ -78.7339728, 35.8166629 ], [ -78.7339413, 35.8166399 ], [ -78.7338138, 35.8165505 ], [ -78.7337874, 35.8165226 ], [ -78.7337622, 35.816489 ], [ -78.7337484, 35.8164593 ], [ -78.7337487, 35.8164205 ], [ -78.7337705, 35.8163132 ], [ -78.7337823, 35.8162897 ], [ -78.7337796, 35.8162553 ], [ -78.7337905, 35.8162296 ], [ -78.7338613, 35.8162233 ], [ -78.7342004, 35.8165811 ], [ -78.7344941, 35.8168956 ], [ -78.7346462, 35.8170598 ], [ -78.7348314, 35.8177406 ], [ -78.7349545, 35.8184923 ], [ -78.7349904, 35.8187194 ], [ -78.7350411, 35.819066 ], [ -78.7350884, 35.8193886 ], [ -78.7350594, 35.8200686 ], [ -78.7350287, 35.8206777 ], [ -78.7350163, 35.820915 ], [ -78.7349543, 35.821349 ], [ -78.7348667, 35.8218445 ], [ -78.7352228, 35.8218649 ], [ -78.7365935, 35.8219347 ], [ -78.7367865, 35.8215927 ], [ -78.7371014, 35.8211587 ], [ -78.7378865, 35.8203943 ], [ -78.7381174, 35.8202991 ], [ -78.7385826, 35.8201068 ], [ -78.7387515, 35.8200618 ], [ -78.738877, 35.820034 ], [ -78.7390353, 35.8200068 ], [ -78.7391572, 35.8199899 ], [ -78.7393031, 35.8199763 ], [ -78.7394921, 35.819968 ], [ -78.7396173, 35.819968 ], [ -78.7397639, 35.8199737 ], [ -78.7398726, 35.8199822 ], [ -78.7399365, 35.8199899 ], [ -78.7401069, 35.8200145 ], [ -78.740352, 35.8200565 ], [ -78.7405877, 35.8201047 ], [ -78.7408843, 35.8201757 ], [ -78.7414533, 35.8203454 ], [ -78.7418487, 35.820712 ], [ -78.7424807, 35.8209304 ], [ -78.7423172, 35.8211014 ], [ -78.7421566, 35.8212651 ], [ -78.7420916, 35.8213466 ], [ -78.7420028, 35.8214692 ], [ -78.7418515, 35.8216872 ], [ -78.7415658, 35.8221693 ], [ -78.7414041, 35.8225356 ], [ -78.7411709, 35.8231471 ], [ -78.7455689, 35.8234808 ], [ -78.7457512, 35.8223268 ], [ -78.7470845, 35.8232173 ], [ -78.7480142, 35.8235832 ], [ -78.7487244, 35.8239744 ], [ -78.7490576, 35.8241641 ], [ -78.7495312, 35.8244301 ], [ -78.7499334, 35.8246564 ], [ -78.7503624, 35.8248978 ], [ -78.750605, 35.8250361 ], [ -78.7507376, 35.8251119 ], [ -78.7510971, 35.8253577 ], [ -78.7514585, 35.8256114 ], [ -78.7515887, 35.8256971 ], [ -78.7521921, 35.8246711 ], [ -78.7515639, 35.8243092 ], [ -78.7513736, 35.8241998 ], [ -78.7509539, 35.8239555 ], [ -78.750582, 35.8237396 ], [ -78.7498283, 35.8233034 ], [ -78.7494942, 35.8231138 ], [ -78.7493494, 35.8230319 ], [ -78.7492599, 35.822983 ], [ -78.7487444, 35.8227013 ], [ -78.7485131, 35.822576 ], [ -78.7479139, 35.822254 ], [ -78.7478322, 35.8221855 ], [ -78.7476532, 35.82204 ], [ -78.7472378, 35.8218102 ], [ -78.7471254, 35.8217492 ], [ -78.7469463, 35.8216568 ], [ -78.7468266, 35.8215929 ], [ -78.7465022, 35.8214901 ], [ -78.7453688, 35.8208748 ], [ -78.7443566, 35.8203178 ], [ -78.7435373, 35.8196527 ], [ -78.7435561, 35.8196304 ], [ -78.743537, 35.8196172 ], [ -78.7435336, 35.8196211 ], [ -78.7433122, 35.8194577 ], [ -78.7430407, 35.8192655 ], [ -78.7426543, 35.8188468 ], [ -78.7419347, 35.8180687 ], [ -78.7410974, 35.817167 ], [ -78.741048, 35.8167598 ], [ -78.7411076, 35.8167326 ], [ -78.741189, 35.8166906 ], [ -78.74128, 35.8166355 ], [ -78.7413634, 35.8165757 ], [ -78.7414406, 35.8165109 ], [ -78.7415124, 35.8164385 ], [ -78.7415769, 35.8163636 ], [ -78.741632, 35.8162857 ], [ -78.7416804, 35.8162032 ], [ -78.7417206, 35.8161182 ], [ -78.7417509, 35.8160326 ], [ -78.741764, 35.8159856 ], [ -78.7418549, 35.8157886 ], [ -78.7418379, 35.8155931 ], [ -78.7417874, 35.8153997 ], [ -78.7416332, 35.8151501 ], [ -78.7414754, 35.8149818 ], [ -78.7413234, 35.8148733 ], [ -78.7410385, 35.814732 ], [ -78.7408161, 35.8146681 ], [ -78.7406661, 35.8146294 ], [ -78.7404276, 35.8145668 ], [ -78.7403561, 35.8144389 ], [ -78.7407049, 35.8129114 ], [ -78.7400428, 35.8102415 ], [ -78.74001, 35.8092112 ], [ -78.7400325, 35.8083927 ], [ -78.7402001, 35.8077392 ], [ -78.7403095, 35.8070264 ], [ -78.740409, 35.8065933 ], [ -78.7406832, 35.8065661 ], [ -78.7407726, 35.8057764 ], [ -78.7407632, 35.8057165 ], [ -78.7407645, 35.8056446 ], [ -78.7407844, 35.8055595 ], [ -78.7408578, 35.8052775 ], [ -78.7407234, 35.8052562 ], [ -78.740646, 35.8052417 ], [ -78.7407039, 35.8050159 ], [ -78.7408296, 35.8044898 ], [ -78.7411624, 35.8036121 ], [ -78.7413234, 35.8031716 ], [ -78.7414249, 35.8027882 ], [ -78.7415209, 35.8024052 ], [ -78.7417503, 35.8013953 ], [ -78.7419846, 35.8003859 ], [ -78.7420534, 35.8001049 ], [ -78.7421408, 35.7998077 ], [ -78.7422549, 35.7994728 ], [ -78.7424028, 35.7990727 ], [ -78.7426262, 35.7985086 ], [ -78.7427615, 35.7981832 ], [ -78.7430145, 35.7975835 ], [ -78.7433055, 35.7969437 ], [ -78.7434875, 35.7965563 ], [ -78.743716, 35.7960812 ], [ -78.7444969, 35.7952282 ], [ -78.7446932, 35.7950549 ], [ -78.7451891, 35.7947249 ], [ -78.7454511, 35.7945522 ], [ -78.7460606, 35.7941475 ], [ -78.7462869, 35.7939968 ], [ -78.7465893, 35.7937136 ], [ -78.7467973, 35.7933907 ], [ -78.7468568, 35.793292 ], [ -78.7471378, 35.7928251 ], [ -78.7474176, 35.7923546 ], [ -78.747441, 35.7920914 ], [ -78.7474843, 35.79162 ], [ -78.7475482, 35.7909313 ], [ -78.7475929, 35.7905103 ], [ -78.7476523, 35.7899699 ], [ -78.7476846, 35.7899458 ], [ -78.7482004, 35.7894542 ], [ -78.7485, 35.7884838 ], [ -78.7485594, 35.7883943 ], [ -78.7488852, 35.7878873 ], [ -78.7492681, 35.7872813 ], [ -78.7493754, 35.7869794 ], [ -78.7496126, 35.786292 ], [ -78.7496898, 35.7860333 ], [ -78.7497539, 35.7857829 ], [ -78.7498052, 35.7855487 ], [ -78.7498495, 35.7853181 ], [ -78.7499058, 35.7849329 ], [ -78.7499471, 35.7846177 ], [ -78.7499912, 35.7842618 ], [ -78.7500166, 35.78396 ], [ -78.7500272, 35.7838815 ], [ -78.7500577, 35.7836525 ], [ -78.7500837, 35.7833992 ], [ -78.7503261, 35.7826297 ], [ -78.7510872, 35.7804101 ], [ -78.7509198, 35.7797646 ], [ -78.7507356, 35.7790549 ], [ -78.7506013, 35.7788975 ], [ -78.75047, 35.778743 ], [ -78.7503692, 35.7786249 ], [ -78.7501058, 35.7784385 ], [ -78.749829, 35.7782439 ], [ -78.7493891, 35.7780927 ], [ -78.7491708, 35.7780176 ], [ -78.7490087, 35.7779621 ], [ -78.748745, 35.7778715 ], [ -78.7485753, 35.7778132 ], [ -78.7482541, 35.7776502 ], [ -78.7480224, 35.7775326 ], [ -78.7478632, 35.7773618 ], [ -78.7475684, 35.7770451 ], [ -78.7473179, 35.7767924 ], [ -78.7470318, 35.7765061 ], [ -78.7467509, 35.7762239 ], [ -78.7464069, 35.7758781 ], [ -78.7462958, 35.7756703 ], [ -78.7462401, 35.7756058 ], [ -78.7459587, 35.7752893 ], [ -78.7457362, 35.7750395 ], [ -78.7455636, 35.7748454 ], [ -78.745497, 35.7747771 ], [ -78.7452569, 35.7745338 ], [ -78.7449587, 35.7742343 ], [ -78.7446033, 35.7739098 ], [ -78.7443618, 35.773702 ], [ -78.7440692, 35.7734567 ], [ -78.7438706, 35.7732944 ], [ -78.7434795, 35.7729783 ], [ -78.7432081, 35.7729641 ], [ -78.7427418, 35.7726227 ], [ -78.7423442, 35.7723258 ], [ -78.7421458, 35.772182 ], [ -78.7417934, 35.7719235 ], [ -78.7413801, 35.77162 ], [ -78.7406029, 35.7703378 ], [ -78.7404349, 35.7700583 ], [ -78.7398248, 35.7698033 ], [ -78.7395945, 35.7699318 ], [ -78.7391584, 35.7695353 ], [ -78.7387226, 35.7690555 ], [ -78.7386074, 35.7689401 ], [ -78.7384107, 35.7684282 ], [ -78.7382463, 35.7680019 ], [ -78.7381681, 35.7678003 ], [ -78.7382018, 35.7672443 ], [ -78.7382328, 35.7667327 ], [ -78.7380915, 35.7663648 ], [ -78.73769, 35.7653302 ], [ -78.7373946, 35.7645632 ], [ -78.7368062, 35.7644629 ], [ -78.7363395, 35.7643104 ], [ -78.7355439, 35.7637486 ], [ -78.7351867, 35.7630401 ], [ -78.734811, 35.7627122 ], [ -78.7346372, 35.7622906 ], [ -78.7346204, 35.7622977 ], [ -78.7345969, 35.7622461 ], [ -78.7346104, 35.7622368 ], [ -78.734478, 35.7619661 ], [ -78.7343176, 35.7616517 ], [ -78.7338984, 35.7609484 ], [ -78.7337256, 35.7606648 ], [ -78.7333494, 35.7602191 ], [ -78.733077, 35.7599164 ], [ -78.7328282, 35.7596637 ], [ -78.732597, 35.7594391 ], [ -78.7324066, 35.7592535 ], [ -78.7322324, 35.7591026 ], [ -78.7317107, 35.7587101 ], [ -78.7312156, 35.7584242 ], [ -78.7308459, 35.7582165 ], [ -78.7303431, 35.7579394 ], [ -78.7298802, 35.7577332 ], [ -78.7294985, 35.7575895 ], [ -78.7289977, 35.7574373 ], [ -78.7288029, 35.7573781 ], [ -78.7290703, 35.7572329 ], [ -78.7292435, 35.7567279 ], [ -78.729615, 35.755768 ], [ -78.7296514, 35.7556804 ], [ -78.7297609, 35.7554528 ], [ -78.7300889, 35.7548249 ], [ -78.730258, 35.7545216 ], [ -78.7306123, 35.7538819 ], [ -78.729143, 35.753353 ], [ -78.7294133, 35.7528474 ], [ -78.7286098, 35.7525661 ], [ -78.7285827, 35.7525566 ], [ -78.7283839, 35.7524865 ], [ -78.7279905, 35.7523622 ], [ -78.7272642, 35.7521575 ], [ -78.7271399, 35.752129 ], [ -78.726996, 35.7520923 ], [ -78.7268017, 35.7520298 ], [ -78.7267067, 35.7520008 ], [ -78.7242351, 35.7512422 ], [ -78.7239738, 35.7511556 ], [ -78.7235635, 35.7510103 ], [ -78.7226539, 35.7506563 ], [ -78.7227165, 35.7504586 ], [ -78.7227257, 35.7500345 ], [ -78.7237194, 35.7500534 ], [ -78.7241455, 35.7500407 ], [ -78.7241305, 35.7509921 ], [ -78.7241966, 35.7510144 ], [ -78.7242151, 35.7500382 ], [ -78.7247724, 35.7500172 ], [ -78.7248026, 35.7511753 ], [ -78.7262386, 35.7516171 ], [ -78.7267187, 35.7517673 ], [ -78.7270917, 35.7512143 ], [ -78.730828, 35.7524339 ], [ -78.7307812, 35.75253 ], [ -78.7312544, 35.7527021 ], [ -78.7314396, 35.7523596 ], [ -78.731648, 35.752002 ], [ -78.7312107, 35.7517018 ], [ -78.7308708, 35.7514698 ], [ -78.7317168, 35.7508365 ], [ -78.7324231, 35.7513202 ], [ -78.7335064, 35.7506152 ], [ -78.7339977, 35.7502954 ], [ -78.7336737, 35.7500777 ], [ -78.7344758, 35.7494659 ], [ -78.7341416, 35.7481371 ], [ -78.7348956, 35.7480109 ], [ -78.7347853, 35.7475699 ], [ -78.7347545, 35.7474627 ], [ -78.7347312, 35.7473053 ], [ -78.7347304, 35.7471971 ], [ -78.734742, 35.7470783 ], [ -78.7347809, 35.7468962 ], [ -78.7348245, 35.7466804 ], [ -78.7348172, 35.7466565 ], [ -78.7348015, 35.746638 ], [ -78.7347688, 35.7466254 ], [ -78.7347344, 35.7466268 ], [ -78.7337991, 35.7467587 ], [ -78.7336283, 35.7460854 ], [ -78.7332711, 35.7461369 ], [ -78.7327153, 35.7462193 ], [ -78.7315211, 35.7463957 ], [ -78.7315026, 35.7470902 ], [ -78.7309184, 35.747091 ], [ -78.7309081, 35.7473525 ], [ -78.7308639, 35.7484762 ], [ -78.7308608, 35.7485563 ], [ -78.7301204, 35.7487327 ], [ -78.7301463, 35.7482133 ], [ -78.7301835, 35.7474673 ], [ -78.730226, 35.7466156 ], [ -78.7301369, 35.7466284 ], [ -78.7301279, 35.746588 ], [ -78.7301047, 35.7465914 ], [ -78.7295075, 35.74668 ], [ -78.7295062, 35.7466934 ], [ -78.7288345, 35.7467924 ], [ -78.7282345, 35.7468823 ], [ -78.727467, 35.7469962 ], [ -78.7272661, 35.7470304 ], [ -78.7270935, 35.7470639 ], [ -78.7270947, 35.7470696 ], [ -78.7268545, 35.7471188 ], [ -78.7261124, 35.747323 ], [ -78.7257103, 35.7474349 ], [ -78.7257141, 35.7474777 ], [ -78.7256402, 35.7474985 ], [ -78.7250429, 35.7476649 ], [ -78.7250055, 35.7491763 ], [ -78.7241638, 35.7491727 ], [ -78.7241837, 35.7479014 ], [ -78.7233651, 35.7481574 ], [ -78.723013, 35.7482614 ], [ -78.722619, 35.7483578 ], [ -78.7222672, 35.7484297 ], [ -78.7219051, 35.7484855 ], [ -78.7215819, 35.7485309 ], [ -78.7213702, 35.7485573 ], [ -78.7212174, 35.7487274 ], [ -78.7212327, 35.7494611 ], [ -78.7211842, 35.7497975 ], [ -78.7211492, 35.7500396 ], [ -78.7211394, 35.7504213 ], [ -78.721105, 35.7517619 ], [ -78.7218255, 35.751802 ], [ -78.7217426, 35.7551718 ], [ -78.7217148, 35.7563044 ], [ -78.7210159, 35.7562979 ], [ -78.720742, 35.7562954 ], [ -78.7206196, 35.7562885 ], [ -78.7204865, 35.7562737 ], [ -78.7201722, 35.756214 ], [ -78.7200721, 35.7561874 ], [ -78.7199704, 35.7561493 ], [ -78.7198487, 35.7560815 ], [ -78.7197137, 35.7559958 ], [ -78.719541, 35.7559016 ], [ -78.7193266, 35.7558023 ], [ -78.7191622, 35.7557391 ], [ -78.7188076, 35.7556251 ], [ -78.7186474, 35.7555871 ], [ -78.7180083, 35.7554343 ], [ -78.7178939, 35.7553992 ], [ -78.7176818, 35.7553341 ], [ -78.7173049, 35.7552198 ], [ -78.7170475, 35.7551395 ], [ -78.7175267, 35.7543602 ], [ -78.7177124, 35.7540551 ], [ -78.7178092, 35.753766 ], [ -78.7178739, 35.7535362 ], [ -78.7179174, 35.7533175 ], [ -78.7179724, 35.7528417 ], [ -78.7179748, 35.7527 ], [ -78.7179455, 35.7521287 ], [ -78.7178932, 35.7517082 ], [ -78.7180097, 35.7516973 ], [ -78.7179659, 35.7513548 ], [ -78.71792, 35.7510141 ], [ -78.7178962, 35.7508237 ], [ -78.717802, 35.7500793 ], [ -78.7177523, 35.7496827 ], [ -78.7176909, 35.7491977 ], [ -78.7176681, 35.7490167 ], [ -78.7161852, 35.7492045 ], [ -78.7160443, 35.7492223 ], [ -78.7158665, 35.7492448 ], [ -78.7153987, 35.7493212 ], [ -78.7154215, 35.7489831 ], [ -78.7155618, 35.7481659 ], [ -78.7116693, 35.7472463 ], [ -78.7114118, 35.7495446 ], [ -78.7118624, 35.7494883 ], [ -78.7118521, 35.7497939 ], [ -78.711827, 35.7505414 ], [ -78.7118117, 35.7509234 ], [ -78.7117959, 35.7513178 ], [ -78.7116752, 35.7513281 ], [ -78.7099781, 35.7510943 ], [ -78.7094581, 35.7510227 ], [ -78.7106951, 35.750018 ], [ -78.7106645, 35.7499162 ], [ -78.7101597, 35.7499713 ], [ -78.7098745, 35.7499932 ], [ -78.709707, 35.7500027 ], [ -78.709568, 35.7500105 ], [ -78.7092511, 35.7500196 ], [ -78.7089301, 35.7500208 ], [ -78.7086224, 35.750014 ], [ -78.7078196, 35.7499616 ], [ -78.7075271, 35.749928 ], [ -78.7071642, 35.7498793 ], [ -78.7067376, 35.749806 ], [ -78.7062796, 35.7497099 ], [ -78.706218, 35.7496955 ], [ -78.7058926, 35.7496194 ], [ -78.7054999, 35.7495274 ], [ -78.7055034, 35.7492768 ], [ -78.7055569, 35.7454497 ], [ -78.7032202, 35.7454012 ], [ -78.7029918, 35.7453965 ], [ -78.7023667, 35.7453835 ], [ -78.6985202, 35.7453009 ], [ -78.6985242, 35.7453727 ], [ -78.6987606, 35.7471776 ], [ -78.6990163, 35.74729 ], [ -78.6995609, 35.7476985 ], [ -78.6995294, 35.7477653 ], [ -78.7000052, 35.7479183 ], [ -78.7004292, 35.7480514 ], [ -78.7004344, 35.7480111 ], [ -78.7011359, 35.7482062 ], [ -78.7010409, 35.748549 ], [ -78.7012953, 35.7487373 ], [ -78.7010882, 35.749635 ], [ -78.7007917, 35.7498641 ], [ -78.6997441, 35.7496026 ], [ -78.6998077, 35.7493044 ], [ -78.699713, 35.749284 ], [ -78.6996485, 35.7495754 ], [ -78.6991204, 35.7494448 ], [ -78.6992753, 35.7487207 ], [ -78.6992103, 35.748704 ], [ -78.6992865, 35.7483431 ], [ -78.6996843, 35.7481194 ], [ -78.6989445, 35.7478343 ], [ -78.6987314, 35.7484286 ], [ -78.6986556, 35.7485186 ], [ -78.6984388, 35.7489381 ], [ -78.6987345, 35.7490421 ], [ -78.6987706, 35.7491027 ], [ -78.6987713, 35.7492737 ], [ -78.6987408, 35.7494499 ], [ -78.698745, 35.7497529 ], [ -78.6987097, 35.7499597 ], [ -78.6987946, 35.7500173 ], [ -78.698871, 35.7503536 ], [ -78.6988622, 35.7504727 ], [ -78.6985579, 35.7506201 ], [ -78.697647, 35.7510099 ], [ -78.6974929, 35.7510649 ], [ -78.6969032, 35.7511964 ], [ -78.6960129, 35.7513022 ], [ -78.6970527, 35.7501306 ], [ -78.6970703, 35.7499312 ], [ -78.6977565, 35.750051 ], [ -78.6980258, 35.7489145 ], [ -78.6983185, 35.7476792 ], [ -78.6983393, 35.7475915 ], [ -78.6977065, 35.7473386 ], [ -78.696914, 35.747022 ], [ -78.6962261, 35.7467662 ], [ -78.6959123, 35.7468229 ], [ -78.6956681, 35.7466496 ], [ -78.6956013, 35.7465772 ], [ -78.6949871, 35.7463396 ], [ -78.6947232, 35.7462394 ], [ -78.6945592, 35.7467844 ], [ -78.6945373, 35.7471627 ], [ -78.6940915, 35.7471207 ], [ -78.6941057, 35.7468998 ], [ -78.6941394, 35.7463731 ], [ -78.6935306, 35.7462172 ], [ -78.6934761, 35.7462116 ], [ -78.6927858, 35.7461404 ], [ -78.6925287, 35.7461435 ], [ -78.6914514, 35.7461934 ], [ -78.6915063, 35.7457639 ], [ -78.6915556, 35.745378 ], [ -78.6914378, 35.7450519 ], [ -78.6911013, 35.7449216 ], [ -78.6910564, 35.7449042 ], [ -78.6909358, 35.7448787 ], [ -78.6906063, 35.7447311 ], [ -78.6904191, 35.7446588 ], [ -78.6899904, 35.7444931 ], [ -78.6898621, 35.7444437 ], [ -78.6895913, 35.7443395 ], [ -78.6894612, 35.7442894 ], [ -78.6889395, 35.7440885 ], [ -78.6889306, 35.7443763 ], [ -78.6889223, 35.7446807 ], [ -78.6889088, 35.7450104 ], [ -78.6885933, 35.7448917 ], [ -78.6886001, 35.7446729 ], [ -78.6884947, 35.7446332 ], [ -78.6878802, 35.7444018 ], [ -78.6880236, 35.744144 ], [ -78.687772, 35.7440712 ], [ -78.6879702, 35.7437153 ], [ -78.6870984, 35.7433794 ], [ -78.6870593, 35.7437451 ], [ -78.6869688, 35.7445752 ], [ -78.686651, 35.7446196 ], [ -78.686306, 35.7446678 ], [ -78.6864114, 35.7442401 ], [ -78.6860202, 35.743679 ], [ -78.6859797, 35.7436209 ], [ -78.6862854, 35.7437368 ], [ -78.6863105, 35.7434052 ], [ -78.6863319, 35.7431219 ], [ -78.6862237, 35.7431106 ], [ -78.6861459, 35.7430912 ], [ -78.6860745, 35.7430458 ], [ -78.6860228, 35.7430342 ], [ -78.6860204, 35.7430673 ], [ -78.6859928, 35.743443 ], [ -78.6859787, 35.7435975 ], [ -78.685454, 35.7434715 ], [ -78.6854509, 35.7429553 ], [ -78.6854508, 35.7429365 ], [ -78.6855032, 35.742688 ], [ -78.6855411, 35.7421927 ], [ -78.6850654, 35.7421235 ], [ -78.6845304, 35.7421042 ], [ -78.6845168, 35.742594 ], [ -78.6844968, 35.7428576 ], [ -78.6841852, 35.7428651 ], [ -78.683863, 35.7428765 ], [ -78.6835862, 35.7428959 ], [ -78.6834286, 35.7429215 ], [ -78.6830702, 35.7429368 ], [ -78.6821014, 35.7430101 ], [ -78.6821629, 35.7439484 ], [ -78.6821734, 35.744257 ], [ -78.6822515, 35.746732 ], [ -78.6792286, 35.7466736 ], [ -78.6776018, 35.7453376 ], [ -78.6778633, 35.7451417 ], [ -78.6793609, 35.7463756 ], [ -78.6797767, 35.7460681 ], [ -78.678635, 35.7451291 ], [ -78.6787571, 35.7451019 ], [ -78.6790916, 35.7448218 ], [ -78.6795429, 35.7449158 ], [ -78.6795709, 35.7448977 ], [ -78.6799666, 35.7452379 ], [ -78.680804, 35.7445616 ], [ -78.6814327, 35.7440064 ], [ -78.6814293, 35.7430765 ], [ -78.6809914, 35.7431033 ], [ -78.6806242, 35.7431189 ], [ -78.6804172, 35.7431471 ], [ -78.6803579, 35.7431552 ], [ -78.679984, 35.7432058 ], [ -78.6794908, 35.7436016 ], [ -78.6793923, 35.7435903 ], [ -78.6776854, 35.743394 ], [ -78.6771402, 35.7433319 ], [ -78.6759913, 35.7432849 ], [ -78.6754235, 35.7432617 ], [ -78.6752232, 35.7432486 ], [ -78.6752168, 35.7432675 ], [ -78.6749782, 35.7432552 ], [ -78.6743439, 35.7432226 ], [ -78.6743493, 35.7439161 ], [ -78.6743527, 35.7443435 ], [ -78.6721492, 35.74426 ], [ -78.6721413, 35.743729 ], [ -78.6721279, 35.7425759 ], [ -78.6721206, 35.7419972 ], [ -78.6720352, 35.741967 ], [ -78.6718631, 35.7418977 ], [ -78.6716709, 35.7418216 ], [ -78.671556, 35.741744 ], [ -78.671302, 35.741621 ], [ -78.6710222, 35.7414671 ], [ -78.6706642, 35.7418833 ], [ -78.6704853, 35.7417793 ], [ -78.6706674, 35.7412604 ], [ -78.670419, 35.7411223 ], [ -78.6702164, 35.7410071 ], [ -78.6696256, 35.7406779 ], [ -78.6692708, 35.7415931 ], [ -78.6688434, 35.7415954 ], [ -78.6684589, 35.741375 ], [ -78.6692309, 35.7404409 ], [ -78.6692457, 35.740423 ], [ -78.6694344, 35.7403226 ], [ -78.6696906, 35.7397836 ], [ -78.6679337, 35.7388087 ], [ -78.6667508, 35.7381563 ], [ -78.6660051, 35.7377411 ], [ -78.6646193, 35.7369681 ], [ -78.6633879, 35.7362795 ], [ -78.6629461, 35.7360377 ], [ -78.6626505, 35.7358174 ], [ -78.662806, 35.734704 ], [ -78.6629688, 35.7337429 ], [ -78.663045, 35.733145 ], [ -78.6632206, 35.7320886 ], [ -78.6633016, 35.7315529 ], [ -78.6613136, 35.7315189 ], [ -78.6603507, 35.7314982 ], [ -78.6540169, 35.731403 ], [ -78.6540406, 35.7311924 ], [ -78.6540343, 35.7274174 ], [ -78.654034, 35.7272693 ], [ -78.654033, 35.7266831 ], [ -78.6540328, 35.7265452 ], [ -78.6527762, 35.7265213 ], [ -78.6511959, 35.7253787 ], [ -78.6503118, 35.7252884 ], [ -78.6488193, 35.7251325 ], [ -78.6476067, 35.7250074 ], [ -78.6476077, 35.7261421 ], [ -78.6464368, 35.726105 ], [ -78.6464452, 35.7256809 ], [ -78.646341, 35.7256763 ], [ -78.6463371, 35.7259716 ], [ -78.645712, 35.7259445 ], [ -78.6456968, 35.7265369 ], [ -78.6450795, 35.7265084 ], [ -78.6450527, 35.7277508 ], [ -78.6448428, 35.7278271 ], [ -78.6441324, 35.7278167 ], [ -78.6441564, 35.7271076 ], [ -78.6441867, 35.7262646 ], [ -78.6421273, 35.7262433 ], [ -78.6422083, 35.7279554 ], [ -78.6411719, 35.7281669 ], [ -78.6411003, 35.7280402 ], [ -78.6410653, 35.7277577 ], [ -78.6401639, 35.727831 ], [ -78.6402395, 35.7277364 ], [ -78.6402872, 35.7273554 ], [ -78.6401536, 35.7268527 ], [ -78.6400246, 35.7264983 ], [ -78.6398383, 35.7261014 ], [ -78.6395524, 35.7255772 ], [ -78.6393456, 35.7254418 ], [ -78.6391465, 35.7253902 ], [ -78.6386016, 35.72552 ], [ -78.6385723, 35.7254401 ], [ -78.6381561, 35.7255229 ], [ -78.6379746, 35.7255405 ], [ -78.6379905, 35.7256743 ], [ -78.6384273, 35.7256847 ], [ -78.6383554, 35.7271448 ], [ -78.6383173, 35.727867 ], [ -78.6382859, 35.7284784 ], [ -78.6382195, 35.7293263 ], [ -78.6381921, 35.7296987 ], [ -78.6381321, 35.7304281 ], [ -78.6377917, 35.7303809 ], [ -78.6367755, 35.7302454 ], [ -78.6362139, 35.730209 ], [ -78.6357966, 35.7301929 ], [ -78.635384, 35.7301883 ], [ -78.6347019, 35.7302249 ], [ -78.6340381, 35.7303022 ], [ -78.6334101, 35.7303956 ], [ -78.6329244, 35.7304969 ], [ -78.6325345, 35.7305854 ], [ -78.6320352, 35.7307022 ], [ -78.6313404, 35.7308439 ], [ -78.6310756, 35.7306853 ], [ -78.6308377, 35.730515 ], [ -78.630637, 35.7303551 ], [ -78.6304121, 35.7301482 ], [ -78.6300666, 35.7297707 ], [ -78.6296636, 35.7292732 ], [ -78.6292664, 35.7287747 ], [ -78.6288999, 35.7283124 ], [ -78.6281006, 35.7282628 ], [ -78.6269034, 35.7281984 ], [ -78.6269841, 35.7291796 ], [ -78.6266689, 35.729238 ], [ -78.6267344, 35.7293643 ], [ -78.6263126, 35.7294366 ], [ -78.6261417, 35.7294659 ], [ -78.6262714, 35.7296558 ], [ -78.6264215, 35.7298645 ], [ -78.6266906, 35.7302386 ], [ -78.6266458, 35.7302478 ], [ -78.6270571, 35.7308279 ], [ -78.6271214, 35.7308655 ], [ -78.6272285, 35.7310232 ], [ -78.6272906, 35.7311198 ], [ -78.6271633, 35.7311551 ], [ -78.6262171, 35.7313177 ], [ -78.6260793, 35.7307946 ], [ -78.6260218, 35.7307922 ], [ -78.6220662, 35.7306417 ], [ -78.6215983, 35.7322922 ], [ -78.6201087, 35.7322306 ], [ -78.617573, 35.732118 ], [ -78.6112367, 35.7318657 ], [ -78.6110845, 35.7343393 ], [ -78.6110654, 35.7343784 ], [ -78.6110364, 35.7349798 ], [ -78.6098928, 35.7349304 ], [ -78.6099584, 35.735196 ], [ -78.6096316, 35.7357995 ], [ -78.6095737, 35.7359065 ], [ -78.6095043, 35.7360347 ], [ -78.6089642, 35.7370155 ], [ -78.6102107, 35.7379504 ], [ -78.6100467, 35.7380965 ], [ -78.6080806, 35.7366874 ], [ -78.6075228, 35.7368299 ], [ -78.6070691, 35.7376968 ], [ -78.6070455, 35.7371847 ], [ -78.6068359, 35.7371876 ], [ -78.6057336, 35.7373394 ], [ -78.606006, 35.735277 ], [ -78.604857, 35.73467 ], [ -78.603883, 35.734139 ], [ -78.603504, 35.733902 ], [ -78.602957, 35.73353 ], [ -78.6026451, 35.7342944 ], [ -78.6018409, 35.7363111 ], [ -78.6016245, 35.736868 ], [ -78.6013, 35.7377424 ], [ -78.5990911, 35.7372228 ], [ -78.5977088, 35.7368559 ], [ -78.5975165, 35.7366798 ], [ -78.597528, 35.7399339 ], [ -78.597526, 35.7404744 ], [ -78.5975251, 35.7407255 ], [ -78.5975571, 35.7407347 ], [ -78.5976485, 35.7407312 ], [ -78.5976749, 35.7407083 ], [ -78.597752, 35.7407776 ], [ -78.5978169, 35.7408063 ], [ -78.5977971, 35.7408536 ], [ -78.5978764, 35.7409196 ], [ -78.5980821, 35.7410459 ], [ -78.5983187, 35.7411704 ], [ -78.5984487, 35.7412759 ], [ -78.5984652, 35.7413629 ], [ -78.5985177, 35.7413974 ], [ -78.5986312, 35.7415139 ], [ -78.5986852, 35.7415299 ], [ -78.5987706, 35.7416387 ], [ -78.5988545, 35.74164 ], [ -78.5988632, 35.7416658 ], [ -78.5989023, 35.7417037 ], [ -78.5989018, 35.7417438 ], [ -78.5989517, 35.7418031 ], [ -78.5990271, 35.7418669 ], [ -78.5990816, 35.741886 ], [ -78.5991593, 35.7419006 ], [ -78.5992446, 35.7419035 ], [ -78.5993086, 35.742053 ], [ -78.5993718, 35.7420879 ], [ -78.5993812, 35.7421711 ], [ -78.5994134, 35.7422452 ], [ -78.5994388, 35.7422544 ], [ -78.5994733, 35.7423109 ], [ -78.5994919, 35.7423307 ], [ -78.5995072, 35.7423668 ], [ -78.5990561, 35.7439492 ], [ -78.5970397, 35.7440223 ], [ -78.5972285, 35.7472824 ], [ -78.597878, 35.7472616 ], [ -78.5990679, 35.7472099 ], [ -78.6005076, 35.7471396 ], [ -78.6006869, 35.7471258 ], [ -78.6006846, 35.7474 ], [ -78.6006834, 35.7475454 ], [ -78.60063, 35.7490839 ], [ -78.6015159, 35.7490457 ], [ -78.6014484, 35.750196 ], [ -78.601276, 35.7525494 ], [ -78.6011534, 35.7539874 ], [ -78.6010599, 35.7552556 ], [ -78.6010497, 35.755394 ], [ -78.6010883, 35.7564607 ], [ -78.6011025, 35.7567567 ], [ -78.5992221, 35.7563004 ], [ -78.598105, 35.756026 ], [ -78.5982641, 35.7590185 ], [ -78.5982375, 35.7589995 ], [ -78.5982087, 35.7589661 ], [ -78.5981657, 35.758928 ], [ -78.5981544, 35.7589139 ], [ -78.5981474, 35.758888 ], [ -78.5981411, 35.7588721 ], [ -78.5980875, 35.7588389 ], [ -78.5980382, 35.7588139 ], [ -78.5979924, 35.7587983 ], [ -78.5979463, 35.7587781 ], [ -78.5978974, 35.7587528 ], [ -78.5978774, 35.7587351 ], [ -78.5978737, 35.7587287 ], [ -78.597866, 35.7587053 ], [ -78.5978636, 35.7586933 ], [ -78.5978645, 35.7586875 ], [ -78.5978936, 35.7586225 ], [ -78.5978965, 35.7586124 ], [ -78.5978973, 35.75859 ], [ -78.5978957, 35.7585721 ], [ -78.597881, 35.758517 ], [ -78.5978791, 35.7585023 ], [ -78.5978833, 35.7584847 ], [ -78.5979328, 35.7583934 ], [ -78.5979695, 35.758347 ], [ -78.5980226, 35.7582894 ], [ -78.5980365, 35.7582648 ], [ -78.5980402, 35.7582509 ], [ -78.5980191, 35.7581308 ], [ -78.5980242, 35.7580691 ], [ -78.5980147, 35.7580339 ], [ -78.5980058, 35.7578527 ], [ -78.5980053, 35.7578173 ], [ -78.5979886, 35.757722 ], [ -78.5979954, 35.7576486 ], [ -78.5980046, 35.7576102 ], [ -78.5979982, 35.75759 ], [ -78.5979694, 35.7575547 ], [ -78.5979486, 35.7575451 ], [ -78.5979438, 35.7575415 ], [ -78.5979342, 35.7575305 ], [ -78.5978968, 35.7575007 ], [ -78.597797, 35.7574476 ], [ -78.5977545, 35.7574325 ], [ -78.59771, 35.7574182 ], [ -78.5976382, 35.7573899 ], [ -78.5975592, 35.7573617 ], [ -78.5975093, 35.7573341 ], [ -78.5974258, 35.7573039 ], [ -78.5973294, 35.7572623 ], [ -78.5972978, 35.7572434 ], [ -78.5972829, 35.7572377 ], [ -78.5972324, 35.7572218 ], [ -78.597216, 35.757215 ], [ -78.5971354, 35.757181 ], [ -78.5971006, 35.7571715 ], [ -78.5970716, 35.7571733 ], [ -78.5970092, 35.7571826 ], [ -78.5969747, 35.7571916 ], [ -78.5969395, 35.7572025 ], [ -78.5968846, 35.7572118 ], [ -78.5968744, 35.7572111 ], [ -78.5968487, 35.7572052 ], [ -78.5968382, 35.7572005 ], [ -78.5968133, 35.7571837 ], [ -78.5967906, 35.7571741 ], [ -78.5967464, 35.7571398 ], [ -78.5967326, 35.7571279 ], [ -78.596701, 35.7571085 ], [ -78.596685, 35.7571021 ], [ -78.5966633, 35.7570969 ], [ -78.5966196, 35.7570901 ], [ -78.5965918, 35.7570836 ], [ -78.596559, 35.7570739 ], [ -78.5965218, 35.757057 ], [ -78.5964919, 35.7570365 ], [ -78.5964467, 35.7569974 ], [ -78.5964189, 35.7569607 ], [ -78.596411, 35.7569446 ], [ -78.5964069, 35.7569263 ], [ -78.5964064, 35.7569076 ], [ -78.5964073, 35.7568949 ], [ -78.5964047, 35.7568825 ], [ -78.5963966, 35.7568628 ], [ -78.596378, 35.7568372 ], [ -78.5963463, 35.7568023 ], [ -78.596324, 35.756785 ], [ -78.5963176, 35.756782 ], [ -78.5962942, 35.7567779 ], [ -78.5962821, 35.7567771 ], [ -78.5962434, 35.7567791 ], [ -78.5962152, 35.756783 ], [ -78.5961916, 35.7567865 ], [ -78.5961174, 35.7567912 ], [ -78.5960411, 35.7568427 ], [ -78.5960195, 35.7568704 ], [ -78.5959404, 35.7569121 ], [ -78.5958745, 35.7569133 ], [ -78.5957951, 35.7569137 ], [ -78.5957231, 35.7569035 ], [ -78.5956166, 35.7569309 ], [ -78.5955738, 35.7569636 ], [ -78.5955362, 35.756977 ], [ -78.5953297, 35.7569972 ], [ -78.5952644, 35.7569971 ], [ -78.5951482, 35.7569594 ], [ -78.595052, 35.7569169 ], [ -78.5949225, 35.7568843 ], [ -78.5947961, 35.7568527 ], [ -78.594718, 35.756874 ], [ -78.5946356, 35.7569051 ], [ -78.5945744, 35.7568954 ], [ -78.5945482, 35.7569021 ], [ -78.5944847, 35.7569272 ], [ -78.5944149, 35.7569373 ], [ -78.5943797, 35.7569565 ], [ -78.59433, 35.7569962 ], [ -78.5942801, 35.757042 ], [ -78.5942381, 35.7570661 ], [ -78.5941719, 35.7570764 ], [ -78.5941383, 35.7570707 ], [ -78.5940836, 35.7570514 ], [ -78.5940426, 35.7570356 ], [ -78.5938746, 35.7569925 ], [ -78.593818, 35.7569915 ], [ -78.5938001, 35.7569927 ], [ -78.5937909, 35.7569947 ], [ -78.5937704, 35.7570031 ], [ -78.5937577, 35.7570108 ], [ -78.5936851, 35.7570836 ], [ -78.5936358, 35.7571753 ], [ -78.593596, 35.7572257 ], [ -78.5935758, 35.7572415 ], [ -78.5935546, 35.7572452 ], [ -78.593542, 35.7572418 ], [ -78.5935329, 35.7572355 ], [ -78.5935179, 35.7572244 ], [ -78.5935026, 35.7572172 ], [ -78.5934881, 35.7571963 ], [ -78.5934711, 35.7571853 ], [ -78.5934294, 35.7571768 ], [ -78.5933907, 35.7571694 ], [ -78.5933343, 35.7571473 ], [ -78.5933124, 35.7571436 ], [ -78.5932571, 35.7571393 ], [ -78.5932121, 35.7571277 ], [ -78.5931638, 35.7571094 ], [ -78.5931421, 35.7571056 ], [ -78.5930988, 35.7571132 ], [ -78.5930418, 35.7571228 ], [ -78.5930287, 35.7571214 ], [ -78.5930077, 35.7571043 ], [ -78.5929141, 35.7570653 ], [ -78.5928681, 35.7570618 ], [ -78.5928273, 35.7570607 ], [ -78.5928101, 35.7570545 ], [ -78.5927594, 35.7570107 ], [ -78.5927264, 35.7569781 ], [ -78.5926772, 35.7569528 ], [ -78.5926453, 35.7569468 ], [ -78.5926216, 35.7569435 ], [ -78.5925751, 35.7569565 ], [ -78.5925206, 35.756977 ], [ -78.5924446, 35.7570121 ], [ -78.5924334, 35.7570195 ], [ -78.5923523, 35.7571081 ], [ -78.5923249, 35.7571245 ], [ -78.5922862, 35.7571638 ], [ -78.5922706, 35.7571867 ], [ -78.5922416, 35.7572131 ], [ -78.5921775, 35.7572819 ], [ -78.5919451, 35.7574469 ], [ -78.5918333, 35.7575181 ], [ -78.5917927, 35.7575318 ], [ -78.5917447, 35.7575312 ], [ -78.5916357, 35.7553938 ], [ -78.5906366, 35.755132 ], [ -78.5900904, 35.7549086 ], [ -78.5886967, 35.7543268 ], [ -78.5880552, 35.7541249 ], [ -78.5867601, 35.7539455 ], [ -78.5846435, 35.7540193 ], [ -78.5840884, 35.7541339 ], [ -78.5836608, 35.7542463 ], [ -78.583235, 35.7543616 ], [ -78.5826899, 35.7545354 ], [ -78.5826469, 35.7548087 ], [ -78.5826387, 35.7550013 ], [ -78.58266, 35.7554004 ], [ -78.5827956, 35.7560605 ], [ -78.5829022, 35.7566445 ], [ -78.5829451, 35.7569031 ], [ -78.5824633, 35.7569391 ], [ -78.5825943, 35.7582871 ], [ -78.582535, 35.7582329 ], [ -78.5824957, 35.7581818 ], [ -78.582457, 35.7581523 ], [ -78.5824401, 35.7581327 ], [ -78.5823898, 35.7580686 ], [ -78.5823474, 35.7580151 ], [ -78.5822821, 35.7579759 ], [ -78.5822301, 35.7579534 ], [ -78.5822148, 35.7579377 ], [ -78.582196, 35.7579063 ], [ -78.5821538, 35.7578822 ], [ -78.5820884, 35.7578712 ], [ -78.5820199, 35.7578473 ], [ -78.5819786, 35.7578296 ], [ -78.5819702, 35.7578149 ], [ -78.5819698, 35.7577884 ], [ -78.581932, 35.7577346 ], [ -78.5818969, 35.7576881 ], [ -78.5818785, 35.7576733 ], [ -78.5817871, 35.7576146 ], [ -78.5817464, 35.7575995 ], [ -78.5817274, 35.7575806 ], [ -78.581702, 35.7575736 ], [ -78.5816618, 35.7575579 ], [ -78.5815691, 35.7575436 ], [ -78.5815449, 35.7575224 ], [ -78.581528, 35.7575099 ], [ -78.5815243, 35.7575032 ], [ -78.5815231, 35.7574833 ], [ -78.5815186, 35.7574748 ], [ -78.5814883, 35.7574628 ], [ -78.5814727, 35.7574517 ], [ -78.5814622, 35.7574375 ], [ -78.581438, 35.7574314 ], [ -78.5814049, 35.7574348 ], [ -78.5813793, 35.7574339 ], [ -78.5813506, 35.7574225 ], [ -78.5813072, 35.7573953 ], [ -78.5812772, 35.7573863 ], [ -78.5811989, 35.7573596 ], [ -78.5811372, 35.7573322 ], [ -78.5810837, 35.7573038 ], [ -78.5810685, 35.7572879 ], [ -78.5810283, 35.7572578 ], [ -78.5809843, 35.757216 ], [ -78.5808973, 35.7571455 ], [ -78.5808111, 35.7571037 ], [ -78.5807262, 35.7570018 ], [ -78.5807164, 35.7569566 ], [ -78.5807098, 35.7569374 ], [ -78.5806984, 35.7569113 ], [ -78.5806834, 35.7568597 ], [ -78.5806519, 35.7568061 ], [ -78.5806472, 35.7567883 ], [ -78.5806431, 35.7567532 ], [ -78.5806401, 35.7567441 ], [ -78.5806238, 35.7567262 ], [ -78.5806168, 35.756708 ], [ -78.5806096, 35.7566991 ], [ -78.5805861, 35.756689 ], [ -78.5805776, 35.7566812 ], [ -78.5805641, 35.7566588 ], [ -78.5805483, 35.7566365 ], [ -78.5805453, 35.7566216 ], [ -78.5805406, 35.7566123 ], [ -78.5805179, 35.7565904 ], [ -78.5805088, 35.7565635 ], [ -78.5804894, 35.7565533 ], [ -78.5804838, 35.7565322 ], [ -78.5804742, 35.756521 ], [ -78.5804619, 35.7565162 ], [ -78.5804364, 35.7564923 ], [ -78.5804102, 35.7564784 ], [ -78.5803375, 35.7564565 ], [ -78.58033, 35.7564571 ], [ -78.5803092, 35.7564621 ], [ -78.5802781, 35.7564584 ], [ -78.580239, 35.7564495 ], [ -78.580226, 35.7564499 ], [ -78.5801516, 35.7564696 ], [ -78.5801317, 35.7564719 ], [ -78.5800841, 35.7564697 ], [ -78.580058, 35.7564633 ], [ -78.5800025, 35.7564471 ], [ -78.5799524, 35.7564456 ], [ -78.5799311, 35.7564523 ], [ -78.5799164, 35.7564601 ], [ -78.5798699, 35.7564938 ], [ -78.5798518, 35.7565497 ], [ -78.5798263, 35.756578 ], [ -78.5797746, 35.756645 ], [ -78.5797293, 35.7566701 ], [ -78.5796586, 35.7566933 ], [ -78.5796341, 35.7566893 ], [ -78.5796093, 35.7566945 ], [ -78.5795803, 35.7566997 ], [ -78.5795152, 35.7567012 ], [ -78.5794837, 35.7567036 ], [ -78.57944, 35.7567001 ], [ -78.5794004, 35.7566935 ], [ -78.5793903, 35.7566938 ], [ -78.5793706, 35.7566987 ], [ -78.5793598, 35.7567046 ], [ -78.5793403, 35.7567204 ], [ -78.5793155, 35.7567362 ], [ -78.5793099, 35.7567442 ], [ -78.5793048, 35.7567563 ], [ -78.5792931, 35.7567734 ], [ -78.5792858, 35.756782 ], [ -78.5792737, 35.7567915 ], [ -78.5792556, 35.756801 ], [ -78.5792106, 35.7568201 ], [ -78.5791586, 35.7568472 ], [ -78.5791453, 35.7568587 ], [ -78.5791337, 35.7568805 ], [ -78.5791045, 35.756913 ], [ -78.5790704, 35.7569336 ], [ -78.5790596, 35.7569468 ], [ -78.5790455, 35.7569992 ], [ -78.579047, 35.7570096 ], [ -78.5790516, 35.7570255 ], [ -78.5790534, 35.7570414 ], [ -78.5790685, 35.7570607 ], [ -78.5790759, 35.7570758 ], [ -78.5790821, 35.7570914 ], [ -78.579094, 35.757132 ], [ -78.5791009, 35.7571473 ], [ -78.5791526, 35.7572018 ], [ -78.5792026, 35.7572388 ], [ -78.5792118, 35.7572676 ], [ -78.5792077, 35.7573174 ], [ -78.5792024, 35.757353 ], [ -78.5791733, 35.7573885 ], [ -78.5791449, 35.7574122 ], [ -78.579097, 35.7574144 ], [ -78.5790506, 35.7574067 ], [ -78.5789809, 35.757391 ], [ -78.5788188, 35.7573775 ], [ -78.5787752, 35.7573824 ], [ -78.5787421, 35.7573732 ], [ -78.5786958, 35.7573697 ], [ -78.578671, 35.7573726 ], [ -78.578634, 35.7573644 ], [ -78.5785725, 35.7573469 ], [ -78.5784689, 35.7573275 ], [ -78.578418, 35.7573126 ], [ -78.5783905, 35.7573009 ], [ -78.5783511, 35.7572769 ], [ -78.5783127, 35.7572442 ], [ -78.5782884, 35.7572302 ], [ -78.5782513, 35.7571907 ], [ -78.5781991, 35.7571049 ], [ -78.5779459, 35.7573396 ], [ -78.5777976, 35.7574817 ], [ -78.5774876, 35.7578032 ], [ -78.5772657, 35.7580511 ], [ -78.5771278, 35.7582116 ], [ -78.5769978, 35.7583735 ], [ -78.5767476, 35.7587003 ], [ -78.5765031, 35.7590529 ], [ -78.5763045, 35.7593628 ], [ -78.5760963, 35.7597153 ], [ -78.5758145, 35.7602703 ], [ -78.5756777, 35.7605969 ], [ -78.5754952, 35.7610883 ], [ -78.5753367, 35.7615972 ], [ -78.5752416, 35.76201 ], [ -78.5751452, 35.7624253 ], [ -78.5743092, 35.7623144 ], [ -78.5732729, 35.7621917 ], [ -78.5717139, 35.7620157 ], [ -78.5716034, 35.762343 ], [ -78.5714557, 35.762783 ], [ -78.5713757, 35.7630583 ], [ -78.5713238, 35.763331 ], [ -78.5737813, 35.7636137 ], [ -78.5736925, 35.7649421 ], [ -78.5733716, 35.7659438 ], [ -78.5730661, 35.7667138 ], [ -78.5727083, 35.7676385 ], [ -78.5718968, 35.767677 ], [ -78.5713625, 35.7675678 ], [ -78.5703761, 35.7676307 ], [ -78.5704093, 35.7676122 ], [ -78.5704264, 35.7675886 ], [ -78.5704371, 35.7675586 ], [ -78.570428, 35.7675208 ], [ -78.5703964, 35.7674683 ], [ -78.5702116, 35.7673514 ], [ -78.5699733, 35.7671708 ], [ -78.5697444, 35.7669637 ], [ -78.5696136, 35.7668219 ], [ -78.5685948, 35.7666941 ], [ -78.5680394, 35.766132 ], [ -78.5680252, 35.7660144 ], [ -78.5681572, 35.7660963 ], [ -78.5689821, 35.7659705 ], [ -78.5687298, 35.7657185 ], [ -78.5682803, 35.7653717 ], [ -78.5673175, 35.7647161 ], [ -78.5672181, 35.7648289 ], [ -78.5671854, 35.7649563 ], [ -78.5671687, 35.7652678 ], [ -78.5672003, 35.7652706 ], [ -78.5671856, 35.765577 ], [ -78.5677524, 35.7655795 ], [ -78.5677713, 35.7656341 ], [ -78.5665206, 35.7655719 ], [ -78.5657184, 35.7658956 ], [ -78.5644164, 35.7658901 ], [ -78.5654701, 35.7641422 ], [ -78.5657205, 35.7636679 ], [ -78.564823, 35.763085 ], [ -78.5626899, 35.7636385 ], [ -78.5625595, 35.7632676 ], [ -78.5642216, 35.7628492 ], [ -78.5644432, 35.7628025 ], [ -78.5641457, 35.7626672 ], [ -78.5639579, 35.7625925 ], [ -78.5637281, 35.7625181 ], [ -78.5635764, 35.7624817 ], [ -78.5632634, 35.7624239 ], [ -78.5629854, 35.7623964 ], [ -78.5626674, 35.7623831 ], [ -78.5616871, 35.7623854 ], [ -78.5615628, 35.762385 ], [ -78.5609395, 35.7623829 ], [ -78.5609354, 35.7629957 ], [ -78.5603513, 35.762996 ], [ -78.560354, 35.76238 ], [ -78.5599318, 35.7623733 ], [ -78.5597989, 35.7623734 ], [ -78.5584531, 35.7623626 ], [ -78.5579476, 35.7623425 ], [ -78.5579898, 35.762222 ], [ -78.5580033, 35.7621847 ], [ -78.5588219, 35.7599263 ], [ -78.559092, 35.759165 ], [ -78.559284, 35.7586361 ], [ -78.5602021, 35.7588923 ], [ -78.5614119, 35.7592179 ], [ -78.5615226, 35.7603874 ], [ -78.562439, 35.760243 ], [ -78.563342, 35.760127 ], [ -78.563208, 35.759755 ], [ -78.563121, 35.759564 ], [ -78.562934, 35.759228 ], [ -78.5628877, 35.759148 ], [ -78.5629024, 35.7591422 ], [ -78.5628633, 35.7590835 ], [ -78.5628224, 35.7590331 ], [ -78.562774, 35.758989 ], [ -78.5627255, 35.7589505 ], [ -78.5626683, 35.7589158 ], [ -78.5626011, 35.7588803 ], [ -78.5625526, 35.7588613 ], [ -78.5624545, 35.7586923 ], [ -78.5626418, 35.7587557 ], [ -78.5627716, 35.7588175 ], [ -78.5628349, 35.7588593 ], [ -78.5629851, 35.7589733 ], [ -78.5630313, 35.759036 ], [ -78.5630516, 35.7590952 ], [ -78.563768, 35.7590058 ], [ -78.565729, 35.7590251 ], [ -78.5655646, 35.7583308 ], [ -78.563208, 35.7583013 ], [ -78.562295, 35.7565329 ], [ -78.5634316, 35.7565801 ], [ -78.5633216, 35.7560133 ], [ -78.5642122, 35.7560346 ], [ -78.5654307, 35.756065 ], [ -78.5668603, 35.7561009 ], [ -78.5668712, 35.7548927 ], [ -78.5687254, 35.7547858 ], [ -78.5692469, 35.7547557 ], [ -78.569905, 35.7532106 ], [ -78.5701528, 35.7528552 ], [ -78.5704109, 35.7525852 ], [ -78.5708844, 35.7521758 ], [ -78.5710306, 35.7519445 ], [ -78.571043, 35.7518978 ], [ -78.5711325, 35.7518947 ], [ -78.5713077, 35.7518914 ], [ -78.5714761, 35.7519173 ], [ -78.5716781, 35.751981 ], [ -78.571849, 35.7520848 ], [ -78.5723874, 35.7525584 ], [ -78.5725686, 35.7524742 ], [ -78.5719767, 35.7519589 ], [ -78.5717846, 35.7518416 ], [ -78.5716146, 35.7517756 ], [ -78.5714464, 35.7517373 ], [ -78.5714952, 35.7514703 ], [ -78.5719015, 35.7514471 ], [ -78.5719514, 35.7514443 ], [ -78.5721016, 35.7515801 ], [ -78.572224, 35.7514939 ], [ -78.5744761, 35.7534868 ], [ -78.5744643, 35.7542388 ], [ -78.5743392, 35.7544591 ], [ -78.5767211, 35.7543226 ], [ -78.576543, 35.7543485 ], [ -78.5764896, 35.7543803 ], [ -78.5764775, 35.7543973 ], [ -78.5764651, 35.7544177 ], [ -78.576459, 35.7544485 ], [ -78.5764678, 35.7544628 ], [ -78.5764787, 35.7544766 ], [ -78.576492, 35.7544895 ], [ -78.5764991, 35.7544932 ], [ -78.5765079, 35.7544962 ], [ -78.5766219, 35.7545202 ], [ -78.5766352, 35.7545254 ], [ -78.5766468, 35.7545335 ], [ -78.5766594, 35.7545585 ], [ -78.576687, 35.7545846 ], [ -78.5767155, 35.7546064 ], [ -78.576772, 35.7546408 ], [ -78.5768011, 35.7546584 ], [ -78.5768173, 35.7546705 ], [ -78.5768589, 35.7547218 ], [ -78.5768803, 35.7547417 ], [ -78.5768951, 35.7547621 ], [ -78.5769003, 35.7547912 ], [ -78.5769071, 35.7548058 ], [ -78.5769159, 35.7548185 ], [ -78.5769288, 35.7548331 ], [ -78.5769584, 35.7548798 ], [ -78.5769846, 35.7549148 ], [ -78.5770334, 35.754967 ], [ -78.577087, 35.7550519 ], [ -78.5770978, 35.7550834 ], [ -78.5771049, 35.7550952 ], [ -78.5771451, 35.7551426 ], [ -78.5771879, 35.7552123 ], [ -78.5771899, 35.7552268 ], [ -78.5771899, 35.7552375 ], [ -78.5771845, 35.755255 ], [ -78.5771828, 35.7553052 ], [ -78.5771648, 35.7553682 ], [ -78.5771577, 35.7554045 ], [ -78.577152, 35.7554223 ], [ -78.5771443, 35.7554371 ], [ -78.5771377, 35.7554561 ], [ -78.5771457, 35.7555366 ], [ -78.5774552, 35.7561258 ], [ -78.5774723, 35.7561605 ], [ -78.5774825, 35.7562198 ], [ -78.5774868, 35.7562412 ], [ -78.5774787, 35.7562938 ], [ -78.5774825, 35.7563151 ], [ -78.5774956, 35.7563415 ], [ -78.5785142, 35.7555514 ], [ -78.5793967, 35.7549217 ], [ -78.5804521, 35.7543973 ], [ -78.5805621, 35.7543317 ], [ -78.5809535, 35.7541542 ], [ -78.5813547, 35.7539872 ], [ -78.5816449, 35.7538799 ], [ -78.5822351, 35.7536793 ], [ -78.5825768, 35.7535709 ], [ -78.5830071, 35.7534381 ], [ -78.58327, 35.7531828 ], [ -78.5834209, 35.7530539 ], [ -78.5835984, 35.7529195 ], [ -78.5835543, 35.7529236 ], [ -78.5838261, 35.7527206 ], [ -78.5844467, 35.7522741 ], [ -78.5846787, 35.752091 ], [ -78.5848446, 35.75194 ], [ -78.5849784, 35.7518105 ], [ -78.5850969, 35.7516652 ], [ -78.5852315, 35.7514687 ], [ -78.5853438, 35.7512656 ], [ -78.5854356, 35.7510576 ], [ -78.5855208, 35.7508023 ], [ -78.5849704, 35.7508089 ], [ -78.585123, 35.7502804 ], [ -78.5856367, 35.7502897 ], [ -78.5858016, 35.7495982 ], [ -78.5858629, 35.7493411 ], [ -78.5859916, 35.7488013 ], [ -78.5860542, 35.7484625 ], [ -78.5860823, 35.7481979 ], [ -78.5860942, 35.7479428 ], [ -78.5860883, 35.7476301 ], [ -78.5860829, 35.747577 ], [ -78.5860423, 35.7472484 ], [ -78.5859584, 35.7467125 ], [ -78.5859242, 35.7465113 ], [ -78.5846106, 35.7459765 ], [ -78.5840723, 35.7457621 ], [ -78.5838954, 35.7456917 ], [ -78.5838924, 35.7455435 ], [ -78.583884, 35.745414 ], [ -78.5838629, 35.7441382 ], [ -78.5838205, 35.7415674 ], [ -78.583817, 35.7412702 ], [ -78.5842093, 35.741272 ], [ -78.5842079, 35.740866 ], [ -78.5842032, 35.7404087 ], [ -78.5831753, 35.740401 ], [ -78.5831803, 35.7407857 ], [ -78.5831266, 35.7407865 ], [ -78.5831265, 35.7404006 ], [ -78.582956, 35.7403993 ], [ -78.5829676, 35.7403383 ], [ -78.582971, 35.7401442 ], [ -78.5829171, 35.7400297 ], [ -78.5828761, 35.7398749 ], [ -78.582796, 35.7397542 ], [ -78.5828135, 35.7396607 ], [ -78.5836821, 35.7396666 ], [ -78.5835708, 35.739207 ], [ -78.5833406, 35.7392033 ], [ -78.5829764, 35.7381038 ], [ -78.582769, 35.737703 ], [ -78.5825741, 35.7373627 ], [ -78.5836919, 35.7373652 ], [ -78.583496, 35.737234 ], [ -78.5833521, 35.7369658 ], [ -78.584041, 35.7372918 ], [ -78.584182, 35.7374993 ], [ -78.5844559, 35.7379027 ], [ -78.5838622, 35.737716 ], [ -78.5840706, 35.738102 ], [ -78.5841931, 35.7384729 ], [ -78.5843107, 35.7388347 ], [ -78.5844324, 35.7392045 ], [ -78.584473, 35.7393638 ], [ -78.5845648, 35.7397366 ], [ -78.5847037, 35.7402899 ], [ -78.5848276, 35.7407831 ], [ -78.5851149, 35.7412794 ], [ -78.585562, 35.7412812 ], [ -78.5855945, 35.742905 ], [ -78.5856486, 35.7449782 ], [ -78.5856779, 35.7460854 ], [ -78.5859123, 35.7461665 ], [ -78.5861379, 35.7462451 ], [ -78.5863543, 35.7462923 ], [ -78.5864189, 35.7463064 ], [ -78.5876242, 35.746755 ], [ -78.5876072, 35.7467932 ], [ -78.5886209, 35.7471669 ], [ -78.588602, 35.7460488 ], [ -78.589395, 35.746259 ], [ -78.5894652, 35.7462728 ], [ -78.590035, 35.746385 ], [ -78.590744, 35.746407 ], [ -78.590556, 35.746294 ], [ -78.590499, 35.745743 ], [ -78.591109, 35.745838 ], [ -78.591173, 35.745818 ], [ -78.591256, 35.745816 ], [ -78.591806, 35.745595 ], [ -78.592262, 35.745406 ], [ -78.592036, 35.744924 ], [ -78.590894, 35.742237 ], [ -78.5891369, 35.7381008 ], [ -78.5892961, 35.7379089 ], [ -78.5870171, 35.7324932 ], [ -78.5864254, 35.7315043 ], [ -78.5860096, 35.7304673 ], [ -78.5849804, 35.7275987 ], [ -78.5847183, 35.7271357 ], [ -78.5842201, 35.7261234 ], [ -78.5834916, 35.7249444 ], [ -78.5833746, 35.7246971 ], [ -78.5832511, 35.7244358 ], [ -78.5830678, 35.724189 ], [ -78.582863, 35.7241526 ], [ -78.582253, 35.724552 ], [ -78.582057, 35.7246745 ], [ -78.5815254, 35.7250878 ], [ -78.5806558, 35.7257749 ], [ -78.5806146, 35.7257634 ], [ -78.5797973, 35.7263934 ], [ -78.5793408, 35.7267543 ], [ -78.5791465, 35.7269079 ], [ -78.5788644, 35.7271915 ], [ -78.5786614, 35.7274408 ], [ -78.5781371, 35.7282126 ], [ -78.5778103, 35.7291393 ], [ -78.5784848, 35.7293241 ], [ -78.5803306, 35.729433 ], [ -78.580292, 35.7298401 ], [ -78.5820059, 35.7299411 ], [ -78.5820454, 35.7295355 ], [ -78.5839674, 35.7296497 ], [ -78.5841672, 35.7298826 ], [ -78.5843353, 35.7299482 ], [ -78.584399, 35.730004 ], [ -78.584531, 35.7301477 ], [ -78.5844559, 35.7303185 ], [ -78.5845979, 35.7309517 ], [ -78.5847325, 35.7313479 ], [ -78.5848639, 35.7322029 ], [ -78.5846612, 35.7322974 ], [ -78.5844494, 35.7324924 ], [ -78.5842449, 35.7325451 ], [ -78.5841961, 35.7327403 ], [ -78.583906, 35.7333801 ], [ -78.5836528, 35.7336268 ], [ -78.5835937, 35.7337842 ], [ -78.5838123, 35.7340716 ], [ -78.5835231, 35.7342644 ], [ -78.5832146, 35.7343521 ], [ -78.583186, 35.734534 ], [ -78.583293, 35.7347076 ], [ -78.5832688, 35.7349024 ], [ -78.583418, 35.734995 ], [ -78.5837823, 35.7349935 ], [ -78.5840347, 35.7351461 ], [ -78.5842798, 35.7355151 ], [ -78.5841907, 35.735869 ], [ -78.5833958, 35.7361226 ], [ -78.5832535, 35.7361108 ], [ -78.5827379, 35.7368054 ], [ -78.582585, 35.7368391 ], [ -78.5824159, 35.7368258 ], [ -78.582205, 35.736859 ], [ -78.5819175, 35.7368802 ], [ -78.58176, 35.736812 ], [ -78.5815955, 35.7366489 ], [ -78.5814414, 35.7365737 ], [ -78.5812819, 35.7363635 ], [ -78.5811132, 35.7362153 ], [ -78.5809509, 35.7362577 ], [ -78.5807689, 35.7363773 ], [ -78.5806077, 35.736363 ], [ -78.580444, 35.7361972 ], [ -78.5802689, 35.7362297 ], [ -78.5796078, 35.7365587 ], [ -78.5791149, 35.7364919 ], [ -78.5790385, 35.7351999 ], [ -78.5790162, 35.7342115 ], [ -78.578891, 35.731785 ], [ -78.5783461, 35.7310052 ], [ -78.5779151, 35.7304177 ], [ -78.5774483, 35.7298724 ], [ -78.57652, 35.7314246 ], [ -78.5770409, 35.7313947 ], [ -78.5775587, 35.7321238 ], [ -78.5775868, 35.7327286 ], [ -78.577512, 35.7330643 ], [ -78.5767639, 35.7342795 ], [ -78.5773121, 35.7345031 ], [ -78.5769275, 35.735198 ], [ -78.5747418, 35.7343146 ], [ -78.5745586, 35.7346361 ], [ -78.5741529, 35.7352451 ], [ -78.5737844, 35.7357999 ], [ -78.5736317, 35.7360261 ], [ -78.5733397, 35.7364206 ], [ -78.5730254, 35.7368374 ], [ -78.5726283, 35.7373535 ], [ -78.5721856, 35.7379219 ], [ -78.571048, 35.739372 ], [ -78.5705165, 35.7400465 ], [ -78.5713282, 35.7401525 ], [ -78.571433, 35.7400346 ], [ -78.5721709, 35.7398611 ], [ -78.5730911, 35.7397282 ], [ -78.5730942, 35.7407056 ], [ -78.5728227, 35.7412284 ], [ -78.5705007, 35.7402929 ], [ -78.5696, 35.73991 ], [ -78.569442, 35.740084 ], [ -78.5693271, 35.7401863 ], [ -78.5692165, 35.740292 ], [ -78.5690885, 35.740414 ], [ -78.5690978, 35.7405246 ], [ -78.5689614, 35.7408491 ], [ -78.5688138, 35.7414076 ], [ -78.5686858, 35.7416284 ], [ -78.5686458, 35.7417993 ], [ -78.5687095, 35.7418435 ], [ -78.5687831, 35.7418947 ], [ -78.5689238, 35.7421231 ], [ -78.5689064, 35.7423227 ], [ -78.5688758, 35.7426747 ], [ -78.5688602, 35.7428543 ], [ -78.5686976, 35.7434043 ], [ -78.5690487, 35.7435028 ], [ -78.5692134, 35.7436785 ], [ -78.5693983, 35.7438757 ], [ -78.569538, 35.7440248 ], [ -78.5695456, 35.7442702 ], [ -78.5697286, 35.7445722 ], [ -78.5694053, 35.7446925 ], [ -78.5692644, 35.7447449 ], [ -78.5691802, 35.7447762 ], [ -78.5688726, 35.7450846 ], [ -78.5684168, 35.7450772 ], [ -78.5682691, 35.7453379 ], [ -78.5682452, 35.7456556 ], [ -78.5675771, 35.7461128 ], [ -78.5671714, 35.7463608 ], [ -78.5667365, 35.7466482 ], [ -78.5663949, 35.7467526 ], [ -78.5660017, 35.7469856 ], [ -78.5656866, 35.7470688 ], [ -78.5650408, 35.7470644 ], [ -78.5650331, 35.7471037 ], [ -78.5649132, 35.7477137 ], [ -78.5646529, 35.7490381 ], [ -78.5646187, 35.7491459 ], [ -78.5646331, 35.7491979 ], [ -78.5646781, 35.7492262 ], [ -78.5648045, 35.7492369 ], [ -78.5648387, 35.7489693 ], [ -78.5651623, 35.7489979 ], [ -78.5653604, 35.7490364 ], [ -78.5655502, 35.7491002 ], [ -78.5652586, 35.7493011 ], [ -78.5652632, 35.7496248 ], [ -78.565267, 35.749888 ], [ -78.5652901, 35.7504204 ], [ -78.5650943, 35.7504182 ], [ -78.5651101, 35.7504482 ], [ -78.5650062, 35.7504451 ], [ -78.5648394, 35.751002 ], [ -78.5648471, 35.7512105 ], [ -78.5646576, 35.7516226 ], [ -78.5646379, 35.7516663 ], [ -78.5645942, 35.7517604 ], [ -78.5645162, 35.7519326 ], [ -78.5639419, 35.7517573 ], [ -78.5639249, 35.75175 ], [ -78.5639118, 35.751741 ], [ -78.5639033, 35.7517322 ], [ -78.5638933, 35.7517153 ], [ -78.5638894, 35.7516937 ], [ -78.5638119, 35.7518886 ], [ -78.5633665, 35.7530272 ], [ -78.5627439, 35.7546192 ], [ -78.5627122, 35.7547025 ], [ -78.5625087, 35.7552368 ], [ -78.5622536, 35.7558988 ], [ -78.5621331, 35.7561958 ], [ -78.5615586, 35.7576907 ], [ -78.5613841, 35.7574113 ], [ -78.5622415, 35.755218 ], [ -78.5615104, 35.7544785 ], [ -78.5613098, 35.7542747 ], [ -78.5612177, 35.7542908 ], [ -78.5615044, 35.7534772 ], [ -78.5613468, 35.7530941 ], [ -78.5620553, 35.7512097 ], [ -78.5624288, 35.7501714 ], [ -78.5609889, 35.7504118 ], [ -78.560471, 35.747981 ], [ -78.560648, 35.747812 ], [ -78.560964, 35.747766 ], [ -78.561405, 35.74744 ], [ -78.5619586, 35.7472639 ], [ -78.5621496, 35.7472032 ], [ -78.562279, 35.747162 ], [ -78.563227, 35.747382 ], [ -78.563709, 35.746819 ], [ -78.564303, 35.746929 ], [ -78.5646919, 35.7469962 ], [ -78.5650462, 35.7452474 ], [ -78.5655216, 35.7437694 ], [ -78.5662105, 35.7419138 ], [ -78.5663931, 35.7415179 ], [ -78.5667816, 35.7409027 ], [ -78.5671268, 35.74048 ], [ -78.5675352, 35.74007 ], [ -78.5679591, 35.7397177 ], [ -78.5683698, 35.7394287 ], [ -78.5683861, 35.7393159 ], [ -78.5676499, 35.738634 ], [ -78.5676851, 35.7385978 ], [ -78.5669842, 35.7380473 ], [ -78.56676, 35.7378934 ], [ -78.5656598, 35.7371085 ], [ -78.5650064, 35.7366435 ], [ -78.5637954, 35.7358026 ], [ -78.5613115, 35.7341365 ], [ -78.5610201, 35.7339271 ], [ -78.5608453, 35.7337823 ], [ -78.5600939, 35.7330707 ], [ -78.5595829, 35.733422 ], [ -78.5583169, 35.7322033 ], [ -78.5582085, 35.7324904 ], [ -78.5571897, 35.7316514 ], [ -78.5563395, 35.7316558 ], [ -78.5566524, 35.7304906 ], [ -78.5569962, 35.7306884 ], [ -78.5574089, 35.7309975 ], [ -78.5578036, 35.73111 ], [ -78.5579209, 35.7309719 ], [ -78.5583304, 35.7309608 ], [ -78.5586814, 35.7308419 ], [ -78.5587496, 35.7308689 ], [ -78.5592762, 35.7301063 ], [ -78.5592262, 35.7299697 ], [ -78.5593334, 35.7300103 ], [ -78.5598338, 35.7302153 ], [ -78.5597826, 35.7302937 ], [ -78.5592725, 35.7310681 ], [ -78.5603806, 35.7314519 ], [ -78.5604163, 35.7313938 ], [ -78.5605675, 35.7314613 ], [ -78.5604875, 35.7315782 ], [ -78.5599379, 35.7313706 ], [ -78.55924, 35.7319993 ], [ -78.5599647, 35.7327007 ], [ -78.5602207, 35.7329484 ], [ -78.5606133, 35.7325929 ], [ -78.560882, 35.7323503 ], [ -78.5609913, 35.7322497 ], [ -78.5611787, 35.7320797 ], [ -78.561366, 35.7319096 ], [ -78.563024, 35.73254 ], [ -78.562993, 35.732802 ], [ -78.562944, 35.7332806 ], [ -78.5631253, 35.7333047 ], [ -78.5634222, 35.7332716 ], [ -78.5638683, 35.7333512 ], [ -78.5646577, 35.7333593 ], [ -78.5651821, 35.7332229 ], [ -78.5667672, 35.7332616 ], [ -78.5673277, 35.7333401 ], [ -78.5676355, 35.7335294 ], [ -78.5684503, 35.733156 ], [ -78.5680294, 35.7312343 ], [ -78.5682281, 35.7313106 ], [ -78.5694794, 35.7319264 ], [ -78.5697996, 35.7333928 ], [ -78.5696055, 35.7337405 ], [ -78.5696499, 35.7344219 ], [ -78.5734431, 35.7357111 ], [ -78.5740703, 35.7347624 ], [ -78.572802, 35.734305 ], [ -78.5732097, 35.7337476 ], [ -78.574375, 35.7343096 ], [ -78.5748318, 35.7335718 ], [ -78.5748807, 35.7334872 ], [ -78.5748959, 35.7334475 ], [ -78.5748833, 35.7334097 ], [ -78.5748495, 35.7333839 ], [ -78.5745389, 35.7332621 ], [ -78.574287, 35.7331198 ], [ -78.5740637, 35.7329696 ], [ -78.5738932, 35.7328329 ], [ -78.5736134, 35.7325234 ], [ -78.5743797, 35.7320063 ], [ -78.5746225, 35.7316167 ], [ -78.575476, 35.7307127 ], [ -78.5752887, 35.7305857 ], [ -78.5748916, 35.7301435 ], [ -78.5743185, 35.7305611 ], [ -78.5738605, 35.7299913 ], [ -78.5744318, 35.7296642 ], [ -78.5744664, 35.7296635 ], [ -78.5743282, 35.7295021 ], [ -78.574335, 35.7294759 ], [ -78.5743292, 35.7294472 ], [ -78.574315, 35.7294246 ], [ -78.574285, 35.7293934 ], [ -78.5741373, 35.7292479 ], [ -78.574077, 35.729189 ], [ -78.573813, 35.728978 ], [ -78.5732256, 35.7286009 ], [ -78.5720917, 35.7293443 ], [ -78.5715427, 35.7291503 ], [ -78.5714357, 35.7288808 ], [ -78.572612, 35.7282224 ], [ -78.5720611, 35.7278523 ], [ -78.5719183, 35.7276957 ], [ -78.5726191, 35.7274099 ], [ -78.5732307, 35.7271483 ], [ -78.5727365, 35.7263837 ], [ -78.5733951, 35.7261354 ], [ -78.5739457, 35.7258729 ], [ -78.5741285, 35.7257714 ], [ -78.5734607, 35.7250134 ], [ -78.5755313, 35.7249748 ], [ -78.5788851, 35.7249104 ], [ -78.5783932, 35.7256175 ], [ -78.577747, 35.7265464 ], [ -78.5772996, 35.727202 ], [ -78.5780114, 35.7276421 ], [ -78.5782795, 35.7272476 ], [ -78.5785504, 35.7269571 ], [ -78.5795143, 35.726174 ], [ -78.5806834, 35.725224 ], [ -78.5809625, 35.725002 ], [ -78.5809702, 35.7249904 ], [ -78.5809782, 35.7249765 ], [ -78.5812145, 35.7247957 ], [ -78.581232, 35.7247858 ], [ -78.5813825, 35.7246682 ], [ -78.5815855, 35.7244359 ], [ -78.5819106, 35.7240673 ], [ -78.5822705, 35.7236592 ], [ -78.5823696, 35.7234121 ], [ -78.5825149, 35.7230499 ], [ -78.582433, 35.7227663 ], [ -78.58238, 35.7224936 ], [ -78.5823515, 35.7222109 ], [ -78.5823453, 35.7220362 ], [ -78.5823533, 35.7218064 ], [ -78.5820181, 35.721205 ], [ -78.5815965, 35.721069 ], [ -78.5809863, 35.7208721 ], [ -78.580251, 35.7213176 ], [ -78.5797656, 35.721017 ], [ -78.5784474, 35.7209256 ], [ -78.5779765, 35.7208929 ], [ -78.5777877, 35.72097 ], [ -78.577582, 35.7211366 ], [ -78.5774759, 35.7210634 ], [ -78.5774108, 35.7211661 ], [ -78.5770184, 35.7212943 ], [ -78.5768404, 35.7212519 ], [ -78.5762833, 35.7215381 ], [ -78.5760435, 35.7216143 ], [ -78.5760248, 35.7213809 ], [ -78.5753582, 35.7214876 ], [ -78.5752136, 35.7215245 ], [ -78.5751802, 35.7214012 ], [ -78.5749671, 35.7213331 ], [ -78.5748756, 35.7214321 ], [ -78.5748663, 35.7215736 ], [ -78.5747068, 35.7214359 ], [ -78.5746283, 35.721571 ], [ -78.5745357, 35.7215802 ], [ -78.5744818, 35.7216571 ], [ -78.5745346, 35.7217368 ], [ -78.5744495, 35.7218321 ], [ -78.5743703, 35.7218644 ], [ -78.5742412, 35.7220521 ], [ -78.5742541, 35.7221086 ], [ -78.5741824, 35.7221555 ], [ -78.5740962, 35.7225254 ], [ -78.5741302, 35.7225834 ], [ -78.5742445, 35.7226616 ], [ -78.573978, 35.7227215 ], [ -78.5740219, 35.7229098 ], [ -78.5737983, 35.7229714 ], [ -78.5735019, 35.7233568 ], [ -78.5736663, 35.7235975 ], [ -78.5735319, 35.7238032 ], [ -78.5733135, 35.7240081 ], [ -78.5732652, 35.7241685 ], [ -78.5730589, 35.7243004 ], [ -78.572972, 35.7242028 ], [ -78.5728937, 35.7242375 ], [ -78.5728968, 35.7243051 ], [ -78.5727356, 35.724448 ], [ -78.5725701, 35.7244963 ], [ -78.5723945, 35.7244646 ], [ -78.5721473, 35.7245122 ], [ -78.5718481, 35.7244805 ], [ -78.571666, 35.7243221 ], [ -78.5705443, 35.7247981 ], [ -78.567951, 35.7258112 ], [ -78.568033, 35.7264337 ], [ -78.5681122, 35.7270342 ], [ -78.5669725, 35.7271169 ], [ -78.5674522, 35.7290167 ], [ -78.569236, 35.728841 ], [ -78.5701029, 35.7287482 ], [ -78.5702864, 35.7297455 ], [ -78.5702057, 35.7297711 ], [ -78.5701616, 35.7298079 ], [ -78.5701455, 35.7298446 ], [ -78.5701367, 35.7298923 ], [ -78.5701598, 35.7299515 ], [ -78.5702003, 35.7299848 ], [ -78.5702448, 35.7300214 ], [ -78.5703505, 35.7303962 ], [ -78.5680134, 35.7311638 ], [ -78.5679222, 35.7308227 ], [ -78.563096, 35.7310846 ], [ -78.5624286, 35.7311228 ], [ -78.5624148, 35.7309197 ], [ -78.5623893, 35.7305089 ], [ -78.562357, 35.7304989 ], [ -78.5624308, 35.7304094 ], [ -78.5626046, 35.7302529 ], [ -78.5628874, 35.7300896 ], [ -78.5629255, 35.7299708 ], [ -78.5630308, 35.7299158 ], [ -78.5631287, 35.7297865 ], [ -78.5632392, 35.7296184 ], [ -78.5633801, 35.7295387 ], [ -78.5634799, 35.7294248 ], [ -78.5635211, 35.7292636 ], [ -78.5636341, 35.7291288 ], [ -78.5638844, 35.7289924 ], [ -78.5641294, 35.7289339 ], [ -78.5642938, 35.7287417 ], [ -78.5643666, 35.7287129 ], [ -78.5644244, 35.7286139 ], [ -78.5645106, 35.7283741 ], [ -78.5645458, 35.7283978 ], [ -78.564633, 35.7283945 ], [ -78.564654, 35.7284447 ], [ -78.5647304, 35.7284699 ], [ -78.5648397, 35.7284281 ], [ -78.5648986, 35.7283736 ], [ -78.5650156, 35.7283371 ], [ -78.5654147, 35.7283192 ], [ -78.565517, 35.7284342 ], [ -78.5656736, 35.7284672 ], [ -78.5657645, 35.7284744 ], [ -78.5661393, 35.7286015 ], [ -78.5667601, 35.7288992 ], [ -78.5668588, 35.7289635 ], [ -78.5666312, 35.7268335 ], [ -78.5665183, 35.7257959 ], [ -78.5656812, 35.7257586 ], [ -78.5654346, 35.7257808 ], [ -78.564007, 35.725787 ], [ -78.563342, 35.7257509 ], [ -78.5621817, 35.7259152 ], [ -78.5615016, 35.7259009 ], [ -78.561249, 35.7261086 ], [ -78.5611919, 35.7260973 ], [ -78.5612049, 35.7260068 ], [ -78.5611481, 35.7259594 ], [ -78.5610198, 35.7259526 ], [ -78.5608439, 35.7258529 ], [ -78.5607882, 35.7257174 ], [ -78.5606422, 35.7257341 ], [ -78.5605809, 35.7256588 ], [ -78.5609059, 35.7254145 ], [ -78.561815, 35.7253939 ], [ -78.5616917, 35.7249995 ], [ -78.5602539, 35.7251341 ], [ -78.5602363, 35.7247631 ], [ -78.5605205, 35.7247609 ], [ -78.5603972, 35.7240899 ], [ -78.56107, 35.7239992 ], [ -78.5612656, 35.7239846 ], [ -78.5636942, 35.7240565 ], [ -78.5636652, 35.7237695 ], [ -78.564358, 35.7237993 ], [ -78.564387, 35.7238383 ], [ -78.5644902, 35.7245847 ], [ -78.5636427, 35.7245083 ], [ -78.5614692, 35.7243125 ], [ -78.5616457, 35.724621 ], [ -78.5617501, 35.724865 ], [ -78.5656782, 35.7252969 ], [ -78.5666011, 35.7253984 ], [ -78.5659686, 35.7234708 ], [ -78.5656259, 35.7229486 ], [ -78.565189, 35.7222828 ], [ -78.5650862, 35.7221961 ], [ -78.567034, 35.7218089 ], [ -78.5672894, 35.7236275 ], [ -78.57172, 35.7227763 ], [ -78.571656, 35.722573 ], [ -78.571239, 35.721018 ], [ -78.5711558, 35.7207507 ], [ -78.5709938, 35.7204036 ], [ -78.5708295, 35.7201371 ], [ -78.5705762, 35.7197932 ], [ -78.5703962, 35.7195211 ], [ -78.5702881, 35.7193155 ], [ -78.5697636, 35.7180315 ], [ -78.5697109, 35.7169341 ], [ -78.5697754, 35.716358 ], [ -78.5697003, 35.7158025 ], [ -78.5695296, 35.7154041 ], [ -78.5689636, 35.7147898 ], [ -78.56754, 35.7140536 ], [ -78.5666807, 35.7133836 ], [ -78.5665807, 35.7132772 ], [ -78.5661054, 35.7128137 ], [ -78.56565, 35.7121806 ], [ -78.5651763, 35.7112176 ], [ -78.5650128, 35.7109832 ], [ -78.5646433, 35.7107258 ], [ -78.5644123, 35.710655 ], [ -78.564227, 35.7106353 ], [ -78.5640682, 35.7116004 ], [ -78.5642613, 35.7125517 ], [ -78.5645446, 35.7131336 ], [ -78.5644845, 35.7136668 ], [ -78.5642527, 35.7139002 ], [ -78.5641197, 35.7144124 ], [ -78.56436, 35.7147156 ], [ -78.5643171, 35.715078 ], [ -78.5643042, 35.7153741 ], [ -78.5643418, 35.7159453 ], [ -78.5642946, 35.716216 ], [ -78.5642393, 35.7165038 ], [ -78.5641743, 35.7166543 ], [ -78.5640783, 35.7167692 ], [ -78.5639645, 35.7169435 ], [ -78.5639678, 35.7171455 ], [ -78.563971, 35.7172617 ], [ -78.5639694, 35.7173739 ], [ -78.5639954, 35.7174637 ], [ -78.5640133, 35.717539 ], [ -78.5639791, 35.7176419 ], [ -78.5639466, 35.7177515 ], [ -78.563958, 35.7178439 ], [ -78.5639921, 35.7179007 ], [ -78.5640832, 35.7179707 ], [ -78.5626736, 35.7179844 ], [ -78.5624102, 35.7178761 ], [ -78.5625952, 35.718062 ], [ -78.5619826, 35.7181422 ], [ -78.5619884, 35.7179964 ], [ -78.5619054, 35.7179666 ], [ -78.5618736, 35.71793 ], [ -78.5618871, 35.7178745 ], [ -78.5618341, 35.7178521 ], [ -78.5617738, 35.7178386 ], [ -78.5617062, 35.7178452 ], [ -78.5615634, 35.7177931 ], [ -78.5613597, 35.7177921 ], [ -78.5610875, 35.7177522 ], [ -78.5609721, 35.7177583 ], [ -78.5608691, 35.7177424 ], [ -78.5608072, 35.7176986 ], [ -78.5607248, 35.7177186 ], [ -78.5605847, 35.7177133 ], [ -78.5604549, 35.7176879 ], [ -78.5603559, 35.7176913 ], [ -78.5603024, 35.7176613 ], [ -78.5601045, 35.7176171 ], [ -78.5600262, 35.7175862 ], [ -78.5598119, 35.7176962 ], [ -78.5596676, 35.7177849 ], [ -78.5594822, 35.7178509 ], [ -78.559437, 35.7179042 ], [ -78.5592845, 35.7178876 ], [ -78.5591836, 35.7178314 ], [ -78.5591093, 35.7178472 ], [ -78.5589857, 35.7178265 ], [ -78.5588514, 35.7178398 ], [ -78.5586024, 35.7178927 ], [ -78.5581193, 35.7178166 ], [ -78.5578934, 35.7177676 ], [ -78.5578024, 35.71769 ], [ -78.5577327, 35.7176823 ], [ -78.5576734, 35.7176619 ], [ -78.5576234, 35.7176815 ], [ -78.5575723, 35.7176745 ], [ -78.5575246, 35.7176884 ], [ -78.5573693, 35.7176587 ], [ -78.5572802, 35.7176187 ], [ -78.5572485, 35.7175544 ], [ -78.5572017, 35.7175173 ], [ -78.5570778, 35.7175045 ], [ -78.5570289, 35.7174016 ], [ -78.5568781, 35.7173484 ], [ -78.5568149, 35.7173136 ], [ -78.5566136, 35.7172399 ], [ -78.5565711, 35.7172385 ], [ -78.5565007, 35.7171711 ], [ -78.5564387, 35.7171542 ], [ -78.5562829, 35.7170555 ], [ -78.5562285, 35.7171574 ], [ -78.5560872, 35.7171294 ], [ -78.5561235, 35.7170541 ], [ -78.555929, 35.7169826 ], [ -78.5559263, 35.716933 ], [ -78.5559005, 35.7168989 ], [ -78.5558269, 35.7168912 ], [ -78.5558149, 35.7168571 ], [ -78.5558657, 35.7168144 ], [ -78.5558752, 35.716783 ], [ -78.5557669, 35.716731 ], [ -78.5557908, 35.7166972 ], [ -78.5558342, 35.7166751 ], [ -78.5558639, 35.7166343 ], [ -78.5557563, 35.7165585 ], [ -78.5557716, 35.7164904 ], [ -78.5557197, 35.7164609 ], [ -78.5557168, 35.7164184 ], [ -78.5557115, 35.716418 ], [ -78.5556852, 35.7163679 ], [ -78.5556921, 35.7162891 ], [ -78.5556355, 35.7162645 ], [ -78.5556145, 35.71623 ], [ -78.5555798, 35.7162037 ], [ -78.5555716, 35.716142 ], [ -78.5555063, 35.7161418 ], [ -78.5554693, 35.7160823 ], [ -78.5554414, 35.7160612 ], [ -78.555441, 35.7160353 ], [ -78.5554733, 35.7160198 ], [ -78.5555119, 35.715992 ], [ -78.5555481, 35.7159536 ], [ -78.5555223, 35.7159204 ], [ -78.5554726, 35.7159184 ], [ -78.5554322, 35.7158916 ], [ -78.5554172, 35.7158361 ], [ -78.5553578, 35.7157996 ], [ -78.5553795, 35.7157584 ], [ -78.555431, 35.715736 ], [ -78.5554613, 35.715686 ], [ -78.5553504, 35.7156552 ], [ -78.5553893, 35.7156121 ], [ -78.5553654, 35.7155304 ], [ -78.5554482, 35.7155143 ], [ -78.5554423, 35.7155719 ], [ -78.5554587, 35.7155908 ], [ -78.5555616, 35.7155226 ], [ -78.5555753, 35.7154956 ], [ -78.5555355, 35.7154688 ], [ -78.555484, 35.7153757 ], [ -78.5554432, 35.7153481 ], [ -78.5554455, 35.715299 ], [ -78.5553892, 35.7152696 ], [ -78.5553719, 35.7152273 ], [ -78.5553918, 35.7151788 ], [ -78.5553759, 35.7151033 ], [ -78.5553335, 35.7150784 ], [ -78.5553178, 35.7150284 ], [ -78.5553251, 35.7149686 ], [ -78.5552134, 35.7148912 ], [ -78.5551369, 35.7148921 ], [ -78.5551033, 35.7148445 ], [ -78.5550212, 35.714858 ], [ -78.5549272, 35.7148487 ], [ -78.5549246, 35.7148297 ], [ -78.554308, 35.7148135 ], [ -78.5519724, 35.7147533 ], [ -78.5502086, 35.7147075 ], [ -78.5483531, 35.7146588 ], [ -78.5478674, 35.7146459 ], [ -78.5486721, 35.7088309 ], [ -78.548653, 35.7088315 ], [ -78.5486499, 35.7088445 ], [ -78.5474756, 35.7088819 ], [ -78.5474748, 35.7088676 ], [ -78.54267, 35.7090157 ], [ -78.5418156, 35.7092051 ], [ -78.5418279, 35.7092261 ], [ -78.5412013, 35.7092868 ], [ -78.5407424, 35.709172 ], [ -78.5397158, 35.7093139 ], [ -78.5395304, 35.709339 ], [ -78.5393963, 35.709189 ], [ -78.5375294, 35.7100341 ], [ -78.5382448, 35.7108727 ], [ -78.5374524, 35.7117051 ], [ -78.537491, 35.7119247 ], [ -78.5374095, 35.712078 ], [ -78.5372299, 35.7121958 ], [ -78.5363802, 35.7123979 ], [ -78.5359244, 35.712415 ], [ -78.5357943, 35.7127953 ], [ -78.5356122, 35.7132601 ], [ -78.5355081, 35.7137777 ], [ -78.535326, 35.7144009 ], [ -78.5342189, 35.7148339 ], [ -78.5337555, 35.7150569 ], [ -78.5330302, 35.7151091 ], [ -78.532895, 35.7151909 ], [ -78.538379, 35.715808 ], [ -78.53832, 35.716892 ], [ -78.538292, 35.71741 ], [ -78.538236, 35.718472 ], [ -78.538202, 35.719117 ], [ -78.53817, 35.719758 ], [ -78.538111, 35.720944 ], [ -78.538798, 35.721075 ], [ -78.5390645, 35.7227136 ], [ -78.5405203, 35.7229567 ], [ -78.540551, 35.722478 ], [ -78.540632, 35.722377 ], [ -78.540845, 35.7223608 ], [ -78.540999, 35.722016 ], [ -78.5411007, 35.7217056 ], [ -78.541343, 35.721556 ], [ -78.542372, 35.721753 ], [ -78.542774, 35.721826 ], [ -78.543685, 35.72199 ], [ -78.544342, 35.722109 ], [ -78.545, 35.722229 ], [ -78.5446396, 35.723552 ], [ -78.5448194, 35.7235863 ], [ -78.5448264, 35.7236126 ], [ -78.544854, 35.7236418 ], [ -78.5450655, 35.7236843 ], [ -78.5453361, 35.723759 ], [ -78.5455145, 35.7238082 ], [ -78.5459434, 35.7239225 ], [ -78.545929, 35.724113 ], [ -78.5459281, 35.7241313 ], [ -78.5457078, 35.7286995 ], [ -78.5403701, 35.7288395 ], [ -78.540387, 35.727452 ], [ -78.5404205, 35.7254377 ], [ -78.5380721, 35.7254099 ], [ -78.538137, 35.725061 ], [ -78.5381801, 35.7247003 ], [ -78.5383038, 35.7244038 ], [ -78.5383528, 35.7243472 ], [ -78.5386843, 35.7240199 ], [ -78.5387832, 35.7238176 ], [ -78.5390559, 35.7228806 ], [ -78.5386054, 35.7228081 ], [ -78.5386006, 35.7228347 ], [ -78.5381489, 35.7227633 ], [ -78.5375781, 35.7226731 ], [ -78.5370014, 35.7237709 ], [ -78.5365468, 35.7244824 ], [ -78.5353331, 35.7240679 ], [ -78.5352738, 35.7243374 ], [ -78.5346541, 35.7241234 ], [ -78.5348408, 35.7232514 ], [ -78.5348044, 35.7232444 ], [ -78.5350498, 35.7222209 ], [ -78.5347897, 35.7221435 ], [ -78.5346382, 35.7220884 ], [ -78.5344728, 35.7220196 ], [ -78.5342323, 35.7218975 ], [ -78.534215, 35.7218933 ], [ -78.5338637, 35.7216629 ], [ -78.5335671, 35.7214572 ], [ -78.5335208, 35.7216921 ], [ -78.5334521, 35.7218592 ], [ -78.5333361, 35.7220223 ], [ -78.5328976, 35.7230969 ], [ -78.5326063, 35.7243991 ], [ -78.5307893, 35.7240193 ], [ -78.5307997, 35.7238441 ], [ -78.5308253, 35.7234815 ], [ -78.5303454, 35.7233558 ], [ -78.5303361, 35.7234176 ], [ -78.530262, 35.7239114 ], [ -78.5302285, 35.7241347 ], [ -78.5301724, 35.7244168 ], [ -78.530005, 35.725228 ], [ -78.529949, 35.7256482 ], [ -78.5298456, 35.7256512 ], [ -78.5298276, 35.7256425 ], [ -78.5287477, 35.7256665 ], [ -78.5287041, 35.7295082 ], [ -78.528698, 35.7300412 ], [ -78.5286715, 35.7323248 ], [ -78.5287327, 35.7324115 ], [ -78.5287122, 35.7324741 ], [ -78.528721, 35.7325039 ], [ -78.5287382, 35.732541 ], [ -78.5287609, 35.7325628 ], [ -78.5287872, 35.7325765 ], [ -78.5288178, 35.7325979 ], [ -78.5288418, 35.7326335 ], [ -78.5288611, 35.7326448 ], [ -78.5288983, 35.7326459 ], [ -78.5289553, 35.7326612 ], [ -78.5289696, 35.7326671 ], [ -78.5289819, 35.7326941 ], [ -78.5292082, 35.7333655 ], [ -78.5294624, 35.7340971 ], [ -78.5294946, 35.7351161 ], [ -78.5291816, 35.7363993 ], [ -78.5285251, 35.7378808 ], [ -78.528137, 35.7387883 ], [ -78.5276468, 35.7392057 ], [ -78.5290694, 35.7392777 ], [ -78.5314592, 35.7393174 ], [ -78.5333624, 35.7393459 ], [ -78.5334394, 35.7405812 ], [ -78.5336125, 35.7405687 ], [ -78.5354264, 35.7404381 ], [ -78.5354168, 35.7397645 ], [ -78.5360429, 35.7397766 ], [ -78.5360458, 35.7393979 ], [ -78.5391603, 35.7393714 ], [ -78.5391432, 35.7398471 ], [ -78.5410354, 35.7417468 ], [ -78.542041, 35.7409033 ], [ -78.5423935, 35.7406601 ], [ -78.5426469, 35.7405262 ], [ -78.5436914, 35.7400926 ], [ -78.5436943, 35.7393663 ], [ -78.5438144, 35.7386009 ], [ -78.5438259, 35.7384836 ], [ -78.5438498, 35.7379175 ], [ -78.5438527, 35.7378419 ], [ -78.5445243, 35.737849 ], [ -78.5449062, 35.7378529 ], [ -78.5466202, 35.7378727 ], [ -78.5477389, 35.7378824 ], [ -78.5503282, 35.7378495 ], [ -78.5508036, 35.7375559 ], [ -78.5510402, 35.7374006 ], [ -78.5512938, 35.7372169 ], [ -78.5515404, 35.7370183 ], [ -78.5517517, 35.7368313 ], [ -78.5516573, 35.7367695 ], [ -78.5510688, 35.7369649 ], [ -78.5503272, 35.7365957 ], [ -78.5505319, 35.7360989 ], [ -78.5491478, 35.7359466 ], [ -78.5491032, 35.7362182 ], [ -78.5487619, 35.7361799 ], [ -78.5481769, 35.7361679 ], [ -78.5472303, 35.7361584 ], [ -78.5476363, 35.7350235 ], [ -78.5478779, 35.7346734 ], [ -78.5480637, 35.7342186 ], [ -78.5479353, 35.7341513 ], [ -78.5478702, 35.7341236 ], [ -78.5478015, 35.7341013 ], [ -78.5476881, 35.7340783 ], [ -78.5475612, 35.7340623 ], [ -78.547433, 35.7340533 ], [ -78.5467387, 35.7361193 ], [ -78.5461097, 35.7361061 ], [ -78.5461045, 35.7361432 ], [ -78.5457692, 35.7361387 ], [ -78.5453902, 35.7361346 ], [ -78.5443139, 35.736123 ], [ -78.5438394, 35.7361171 ], [ -78.5438322, 35.7355756 ], [ -78.5438257, 35.7350885 ], [ -78.5438147, 35.7340769 ], [ -78.5438108, 35.7337257 ], [ -78.5438081, 35.7334764 ], [ -78.5438026, 35.7329486 ], [ -78.5485576, 35.7329395 ], [ -78.5548003, 35.7329275 ], [ -78.5546783, 35.7330898 ], [ -78.5545384, 35.7332546 ], [ -78.5548043, 35.7333019 ], [ -78.5565511, 35.733656 ], [ -78.5562279, 35.735594 ], [ -78.5560808, 35.7366885 ], [ -78.5558972, 35.738006 ], [ -78.5557656, 35.7388618 ], [ -78.555596, 35.739924 ], [ -78.550984, 35.739412 ], [ -78.5503597, 35.7393425 ], [ -78.5501484, 35.7393442 ], [ -78.5500632, 35.7393453 ], [ -78.5497624, 35.7393473 ], [ -78.54955, 35.7393411 ], [ -78.5495407, 35.7394045 ], [ -78.5489729, 35.7393409 ], [ -78.5484512, 35.7393392 ], [ -78.5479115, 35.7393379 ], [ -78.5478068, 35.7393648 ], [ -78.5476721, 35.7393935 ], [ -78.5475261, 35.739417 ], [ -78.5471953, 35.7394603 ], [ -78.5471504, 35.7407118 ], [ -78.5456876, 35.7407035 ], [ -78.5456921, 35.7411162 ], [ -78.5462212, 35.7411182 ], [ -78.5462134, 35.7425464 ], [ -78.5456976, 35.7425501 ], [ -78.5456955, 35.7427152 ], [ -78.5465461, 35.7427183 ], [ -78.5468907, 35.7427196 ], [ -78.5468686, 35.7432323 ], [ -78.5470667, 35.7432338 ], [ -78.5469577, 35.7460692 ], [ -78.5456727, 35.7460645 ], [ -78.5456755, 35.7472966 ], [ -78.5469159, 35.747299 ], [ -78.546827, 35.749672 ], [ -78.5463795, 35.74955 ], [ -78.5463218, 35.7495343 ], [ -78.5455039, 35.7493265 ], [ -78.5446594, 35.749112 ], [ -78.5446198, 35.7517809 ], [ -78.5446092, 35.7524997 ], [ -78.5446046, 35.7528101 ], [ -78.5445898, 35.7538047 ], [ -78.54456, 35.7570769 ], [ -78.5450597, 35.7572286 ], [ -78.5458237, 35.7574623 ], [ -78.5458715, 35.7574769 ], [ -78.5460418, 35.7575292 ], [ -78.5463195, 35.7576194 ], [ -78.5464793, 35.7576765 ], [ -78.5466677, 35.7577393 ], [ -78.5468852, 35.7578161 ], [ -78.5472684, 35.7579512 ], [ -78.5476097, 35.7580678 ], [ -78.5480024, 35.758212 ], [ -78.5482145, 35.758283 ], [ -78.5485055, 35.7583811 ], [ -78.5486207, 35.7584222 ], [ -78.5487489, 35.758468 ], [ -78.5489237, 35.7585203 ], [ -78.5490488, 35.7585629 ], [ -78.5494151, 35.7586841 ], [ -78.549412, 35.7587552 ], [ -78.5497966, 35.7589479 ], [ -78.5500717, 35.7591077 ], [ -78.5507062, 35.7595268 ], [ -78.5508013, 35.7595272 ], [ -78.5509067, 35.7596104 ], [ -78.5511166, 35.7597562 ], [ -78.5512583, 35.7598528 ], [ -78.5513963, 35.7599491 ], [ -78.5522757, 35.7605525 ], [ -78.5524018, 35.7606366 ], [ -78.5524473, 35.7606642 ], [ -78.5525467, 35.7607285 ], [ -78.5528931, 35.7609401 ], [ -78.5528938, 35.7609054 ], [ -78.5530335, 35.7609913 ], [ -78.5532304, 35.7611063 ], [ -78.553519, 35.7612586 ], [ -78.5536463, 35.7613229 ], [ -78.5535127, 35.7615745 ], [ -78.553495, 35.7615957 ], [ -78.5532206, 35.7619238 ], [ -78.5540482, 35.762238 ], [ -78.5538289, 35.7631604 ], [ -78.553685, 35.7637656 ], [ -78.5523569, 35.7637803 ], [ -78.5500685, 35.7637928 ], [ -78.5500681, 35.7621012 ], [ -78.5477301, 35.7621228 ], [ -78.547711, 35.762123 ], [ -78.5469388, 35.7621341 ], [ -78.5469379, 35.7637514 ], [ -78.5469375, 35.7638039 ], [ -78.5469106, 35.7673034 ], [ -78.5469019, 35.769032 ], [ -78.5468991, 35.7695977 ], [ -78.5468912, 35.7705352 ], [ -78.5468853, 35.7712388 ], [ -78.5468841, 35.7713515 ], [ -78.5468773, 35.7720083 ], [ -78.5465758, 35.7715211 ], [ -78.5449702, 35.7708678 ], [ -78.5443953, 35.7701869 ], [ -78.54376, 35.7694846 ], [ -78.5434227, 35.7686546 ], [ -78.5434128, 35.7686302 ], [ -78.5431562, 35.7681723 ], [ -78.5425823, 35.7675266 ], [ -78.5424938, 35.7674311 ], [ -78.5424662, 35.7673879 ], [ -78.5424449, 35.7673707 ], [ -78.5424195, 35.7673283 ], [ -78.5423911, 35.7672686 ], [ -78.5423695, 35.7672021 ], [ -78.5423312, 35.7671231 ], [ -78.5422961, 35.7670722 ], [ -78.5422557, 35.7670375 ], [ -78.5422249, 35.7669996 ], [ -78.542167, 35.7669399 ], [ -78.5421497, 35.7669272 ], [ -78.5420959, 35.7668975 ], [ -78.5420566, 35.7668663 ], [ -78.5420397, 35.7668569 ], [ -78.5420067, 35.7668459 ], [ -78.5419801, 35.7668203 ], [ -78.5419447, 35.7668114 ], [ -78.5418818, 35.7667845 ], [ -78.5418109, 35.7667354 ], [ -78.5417748, 35.7667113 ], [ -78.5417213, 35.7666701 ], [ -78.5416769, 35.7666477 ], [ -78.54162, 35.766628 ], [ -78.5415565, 35.7666101 ], [ -78.5415237, 35.7666073 ], [ -78.5414418, 35.7665907 ], [ -78.541408, 35.7665796 ], [ -78.5414013, 35.7665769 ], [ -78.5413553, 35.7665587 ], [ -78.5412922, 35.7665437 ], [ -78.5412197, 35.7665361 ], [ -78.5411768, 35.7665068 ], [ -78.5411187, 35.7665069 ], [ -78.5410151, 35.7664908 ], [ -78.540895, 35.7664532 ], [ -78.5408581, 35.7664445 ], [ -78.5407526, 35.7664251 ], [ -78.5406853, 35.7664204 ], [ -78.5406425, 35.7664091 ], [ -78.5405828, 35.7663889 ], [ -78.5405267, 35.7663747 ], [ -78.5404874, 35.766355 ], [ -78.5404326, 35.766331 ], [ -78.5403683, 35.7663172 ], [ -78.5402958, 35.7663093 ], [ -78.5402256, 35.7662574 ], [ -78.5401592, 35.7665574 ], [ -78.5400858, 35.766897 ], [ -78.5399062, 35.7677185 ], [ -78.5393709, 35.7687915 ], [ -78.5392134, 35.7697891 ], [ -78.5391298, 35.7703148 ], [ -78.539301, 35.7713333 ], [ -78.5394062, 35.7714809 ], [ -78.5394239, 35.7715436 ], [ -78.5394365, 35.7715675 ], [ -78.5394265, 35.7716798 ], [ -78.5394499, 35.7717555 ], [ -78.5396801, 35.7721765 ], [ -78.5397038, 35.7723167 ], [ -78.539773, 35.7724361 ], [ -78.5398065, 35.7724797 ], [ -78.5398885, 35.7725519 ], [ -78.5399196, 35.7726082 ], [ -78.5401528, 35.7734407 ], [ -78.5401443, 35.7735206 ], [ -78.5401309, 35.7735913 ], [ -78.5400795, 35.7737325 ], [ -78.5400819, 35.7737946 ], [ -78.5400749, 35.7738536 ], [ -78.5400992, 35.7739214 ], [ -78.5400796, 35.7739649 ], [ -78.5400915, 35.7741219 ], [ -78.5400044, 35.7744328 ], [ -78.5400185, 35.7745122 ], [ -78.5399656, 35.7746624 ], [ -78.5399267, 35.7747045 ], [ -78.5398658, 35.7748579 ], [ -78.5397788, 35.7750364 ], [ -78.539764, 35.7750935 ], [ -78.5397569, 35.7751212 ], [ -78.5396497, 35.7753237 ], [ -78.5392491, 35.775824 ], [ -78.5390589, 35.776112 ], [ -78.5389466, 35.7762777 ], [ -78.5388265, 35.7764442 ], [ -78.5383244, 35.7771145 ], [ -78.5382606, 35.7772624 ], [ -78.5381031, 35.7776352 ], [ -78.5379902, 35.7779102 ], [ -78.5379739, 35.77795 ], [ -78.5378014, 35.7783836 ], [ -78.5377481, 35.7785967 ], [ -78.537687, 35.778832 ], [ -78.5376363, 35.7790268 ], [ -78.5376648, 35.7793051 ], [ -78.5376906, 35.779564 ], [ -78.537704, 35.7796994 ], [ -78.5376557, 35.7798727 ], [ -78.5375684, 35.7801858 ], [ -78.5376066, 35.7810276 ], [ -78.5380112, 35.7810302 ], [ -78.5380664, 35.7810306 ], [ -78.5381108, 35.7811009 ], [ -78.5387063, 35.7820437 ], [ -78.5389376, 35.78202 ], [ -78.5397727, 35.7826014 ], [ -78.5393692, 35.7826351 ], [ -78.53865, 35.7826342 ], [ -78.5378265, 35.7826332 ], [ -78.5376205, 35.7826329 ], [ -78.5374605, 35.7826327 ], [ -78.5373946, 35.7826348 ], [ -78.5371803, 35.7826415 ], [ -78.5371791, 35.7827105 ], [ -78.5371651, 35.782764 ], [ -78.5371504, 35.7828398 ], [ -78.537114, 35.7829649 ], [ -78.5370513, 35.7830861 ], [ -78.5369509, 35.783373 ], [ -78.5369051, 35.7835458 ], [ -78.5368721, 35.7836859 ], [ -78.5368213, 35.7839205 ], [ -78.5368067, 35.7840137 ], [ -78.536796, 35.7841063 ], [ -78.5367908, 35.7843529 ], [ -78.5367809, 35.7844763 ], [ -78.5367799, 35.7845785 ], [ -78.5367392, 35.7848864 ], [ -78.5367285, 35.7849572 ], [ -78.5367096, 35.7850509 ], [ -78.5366633, 35.7852307 ], [ -78.5366173, 35.7854018 ], [ -78.5365819, 35.7855195 ], [ -78.5365034, 35.7857108 ], [ -78.536473, 35.785786 ], [ -78.5364401, 35.7858525 ], [ -78.5363543, 35.7859924 ], [ -78.5362081, 35.7862276 ], [ -78.5361139, 35.7863684 ], [ -78.5354675, 35.7872111 ], [ -78.535209, 35.787576 ], [ -78.535115, 35.787732 ], [ -78.534943, 35.788128 ], [ -78.534884, 35.788381 ], [ -78.534879, 35.788643 ], [ -78.534911, 35.788937 ], [ -78.535008, 35.789269 ], [ -78.535121, 35.789524 ], [ -78.535208, 35.789654 ], [ -78.535407, 35.789868 ], [ -78.535564, 35.790058 ], [ -78.535723, 35.7902784 ], [ -78.5360239, 35.7902703 ], [ -78.5362231, 35.7904836 ], [ -78.5363177, 35.7906118 ], [ -78.5364111, 35.7907506 ], [ -78.5364736, 35.790892 ], [ -78.5365392, 35.7910154 ], [ -78.5366669, 35.7912727 ], [ -78.5366771, 35.7913146 ], [ -78.5366829, 35.7913605 ], [ -78.5366903, 35.7913825 ], [ -78.5367045, 35.7914046 ], [ -78.5368118, 35.791522 ], [ -78.5368369, 35.7915582 ], [ -78.5369329, 35.7917052 ], [ -78.5369639, 35.791739 ], [ -78.5370393, 35.7918121 ], [ -78.5371202, 35.7918838 ], [ -78.5372281, 35.7919688 ], [ -78.5373135, 35.7920271 ], [ -78.5375337, 35.7921659 ], [ -78.5377344, 35.7922868 ], [ -78.5378379, 35.7923511 ], [ -78.5379209, 35.7923951 ], [ -78.5379565, 35.7924108 ], [ -78.5380076, 35.7924279 ], [ -78.5380983, 35.792451 ], [ -78.5381619, 35.7924746 ], [ -78.5382216, 35.7925021 ], [ -78.5382758, 35.7925311 ], [ -78.5383994, 35.7926056 ], [ -78.5384914, 35.7926697 ], [ -78.5385678, 35.7927148 ], [ -78.5386483, 35.7927521 ], [ -78.5386893, 35.792774 ], [ -78.5387989, 35.792831 ], [ -78.5388852, 35.7928772 ], [ -78.5389705, 35.7929372 ], [ -78.5390811, 35.7930006 ], [ -78.5391572, 35.7930538 ], [ -78.5391884, 35.7930759 ], [ -78.5392517, 35.7931148 ], [ -78.5393511, 35.7931759 ], [ -78.5394922, 35.7932633 ], [ -78.5396758, 35.7933767 ], [ -78.5378691, 35.7943343 ], [ -78.5378051, 35.7943675 ], [ -78.5373847, 35.7945859 ], [ -78.5382308, 35.7956122 ], [ -78.5374145, 35.7960447 ], [ -78.5370445, 35.7955985 ], [ -78.5363527, 35.7959659 ], [ -78.5349085, 35.7967204 ], [ -78.5352555, 35.7971797 ], [ -78.5353715, 35.7973819 ], [ -78.5354375, 35.7975407 ], [ -78.5354906, 35.79774 ], [ -78.5355335, 35.7980319 ], [ -78.5355608, 35.79831 ], [ -78.5355834, 35.7985691 ], [ -78.5356354, 35.7992215 ], [ -78.5356496, 35.7994273 ], [ -78.5356547, 35.7995556 ], [ -78.5356483, 35.7996868 ], [ -78.5356371, 35.7997963 ], [ -78.535612, 35.7999345 ], [ -78.5355966, 35.7999992 ], [ -78.5355708, 35.8000899 ], [ -78.5355189, 35.8002242 ], [ -78.535473, 35.8003465 ], [ -78.5363588, 35.8003194 ], [ -78.5361133, 35.8006347 ], [ -78.5365728, 35.8008849 ], [ -78.5370643, 35.8002797 ], [ -78.5370006, 35.8002483 ], [ -78.5378858, 35.8000358 ], [ -78.5379399, 35.7996172 ], [ -78.538876, 35.7999045 ], [ -78.5389279, 35.7996478 ], [ -78.5389362, 35.7996231 ], [ -78.5389447, 35.7996 ], [ -78.5389583, 35.7995769 ], [ -78.5389974, 35.7995346 ], [ -78.5390185, 35.7995085 ], [ -78.5390404, 35.7994919 ], [ -78.5390786, 35.799473 ], [ -78.5391254, 35.7994569 ], [ -78.5391759, 35.7994453 ], [ -78.5392903, 35.7994297 ], [ -78.5393541, 35.7994297 ], [ -78.5393861, 35.7994229 ], [ -78.5394147, 35.7994123 ], [ -78.5394399, 35.7993924 ], [ -78.5394584, 35.799372 ], [ -78.5394712, 35.7993491 ], [ -78.53947, 35.7993247 ], [ -78.5394376, 35.7992539 ], [ -78.5394384, 35.7992205 ], [ -78.5394577, 35.7991856 ], [ -78.5394847, 35.7991571 ], [ -78.5395109, 35.7991266 ], [ -78.5395259, 35.7991021 ], [ -78.5395389, 35.7990881 ], [ -78.5395789, 35.7990623 ], [ -78.539599, 35.7990486 ], [ -78.5396203, 35.7990199 ], [ -78.5396316, 35.7989873 ], [ -78.5396415, 35.7989338 ], [ -78.5396536, 35.7988874 ], [ -78.5396672, 35.7988455 ], [ -78.5396955, 35.7987851 ], [ -78.539733, 35.7987161 ], [ -78.5397877, 35.7986244 ], [ -78.5398827, 35.798454 ], [ -78.5399557, 35.7983284 ], [ -78.5401005, 35.7981569 ], [ -78.540366, 35.7977415 ], [ -78.5405085, 35.797465 ], [ -78.5405365, 35.7974307 ], [ -78.5405832, 35.7973475 ], [ -78.5406564, 35.7972661 ], [ -78.5406974, 35.7972 ], [ -78.5407957, 35.7969491 ], [ -78.5409691, 35.7965158 ], [ -78.5410511, 35.7961115 ], [ -78.5410736, 35.795802 ], [ -78.5413348, 35.7952475 ], [ -78.5410733, 35.794987 ], [ -78.5411669, 35.7949861 ], [ -78.5412534, 35.7949756 ], [ -78.5413472, 35.794945 ], [ -78.5414207, 35.794912 ], [ -78.5414986, 35.7948608 ], [ -78.5415726, 35.7947939 ], [ -78.5416443, 35.7946906 ], [ -78.5419585, 35.7948619 ], [ -78.5421172, 35.7949665 ], [ -78.5427096, 35.7944398 ], [ -78.5429482, 35.7944523 ], [ -78.5430108, 35.7943049 ], [ -78.5430877, 35.7943301 ], [ -78.5431305, 35.7944408 ], [ -78.5434563, 35.7946704 ], [ -78.5429047, 35.7952222 ], [ -78.5426114, 35.7955157 ], [ -78.5425501, 35.7957561 ], [ -78.5424575, 35.7959891 ], [ -78.5423192, 35.7961779 ], [ -78.5419537, 35.7964993 ], [ -78.5417193, 35.7966567 ], [ -78.5415114, 35.7969151 ], [ -78.541169, 35.7974598 ], [ -78.5406974, 35.7979635 ], [ -78.5406078, 35.7980171 ], [ -78.5404379, 35.7982335 ], [ -78.5420961, 35.7992507 ], [ -78.5430941, 35.7989691 ], [ -78.5432314, 35.7989303 ], [ -78.5435096, 35.7990391 ], [ -78.5438589, 35.7992386 ], [ -78.5446197, 35.7996753 ], [ -78.5461836, 35.7985601 ], [ -78.5461829, 35.7984305 ], [ -78.5461966, 35.7983818 ], [ -78.5462158, 35.7983459 ], [ -78.5462491, 35.7983147 ], [ -78.5462969, 35.7982932 ], [ -78.5463727, 35.7977425 ], [ -78.5464678, 35.7977228 ], [ -78.546344, 35.799032 ], [ -78.5463058, 35.7991608 ], [ -78.5462994, 35.7992514 ], [ -78.5463173, 35.7994035 ], [ -78.5462923, 35.799771 ], [ -78.5462437, 35.8004749 ], [ -78.5452904, 35.8012121 ], [ -78.5449386, 35.8014841 ], [ -78.5449149, 35.8015037 ], [ -78.5441739, 35.8021166 ], [ -78.5434184, 35.8014338 ], [ -78.5432024, 35.8013479 ], [ -78.5430344, 35.801192 ], [ -78.5428841, 35.801053 ], [ -78.5427488, 35.8009265 ], [ -78.5425238, 35.800717 ], [ -78.542339, 35.8005453 ], [ -78.5431052, 35.8000045 ], [ -78.5425382, 35.7993149 ], [ -78.5420661, 35.7994695 ], [ -78.5418094, 35.7995553 ], [ -78.5409114, 35.800149 ], [ -78.5408502, 35.8007449 ], [ -78.5402156, 35.8011542 ], [ -78.5396288, 35.8015491 ], [ -78.5387778, 35.8015602 ], [ -78.5387836, 35.8015849 ], [ -78.5387767, 35.8017138 ], [ -78.5387576, 35.8018622 ], [ -78.5387571, 35.8019997 ], [ -78.5387605, 35.8020497 ], [ -78.5387659, 35.8021015 ], [ -78.5387849, 35.8022156 ], [ -78.5388079, 35.8023596 ], [ -78.53882, 35.8024211 ], [ -78.5388303, 35.8024588 ], [ -78.5388429, 35.8024963 ], [ -78.538884, 35.8026182 ], [ -78.538904, 35.8026836 ], [ -78.5389239, 35.802747 ], [ -78.5389487, 35.8028068 ], [ -78.5389676, 35.8028508 ], [ -78.5389825, 35.802907 ], [ -78.5389875, 35.8029535 ], [ -78.5389864, 35.8029949 ], [ -78.5389783, 35.803066 ], [ -78.5389763, 35.8031677 ], [ -78.5389957, 35.8033956 ], [ -78.5390163, 35.8035352 ], [ -78.5390554, 35.8036953 ], [ -78.5390665, 35.8038039 ], [ -78.5390511, 35.8038761 ], [ -78.539025, 35.8039744 ], [ -78.5390117, 35.8041506 ], [ -78.5389925, 35.8042081 ], [ -78.5389584, 35.8042822 ], [ -78.5389387, 35.804395 ], [ -78.5388899, 35.8045213 ], [ -78.5388801, 35.8045626 ], [ -78.5387916, 35.8047443 ], [ -78.5387201, 35.80489 ], [ -78.5386472, 35.8050399 ], [ -78.5384536, 35.8054584 ], [ -78.5382044, 35.8060127 ], [ -78.537715, 35.806068 ], [ -78.536823, 35.807281 ], [ -78.536767, 35.807461 ], [ -78.5365164, 35.8077083 ], [ -78.536044, 35.80809 ], [ -78.535712, 35.808178 ], [ -78.534267, 35.809164 ], [ -78.533769, 35.809253 ], [ -78.53338, 35.809522 ], [ -78.533214, 35.809521 ], [ -78.532547, 35.810104 ], [ -78.532379, 35.810419 ], [ -78.532377, 35.810825 ], [ -78.532485, 35.811186 ], [ -78.532924, 35.811908 ], [ -78.533749, 35.812678 ], [ -78.535293, 35.81354 ], [ -78.535663, 35.813844 ], [ -78.5359409, 35.8141737 ], [ -78.5355532, 35.8142613 ], [ -78.5355185, 35.8142692 ], [ -78.5330821, 35.8138823 ], [ -78.533168, 35.8146638 ], [ -78.5332352, 35.8161163 ], [ -78.5333128, 35.8182861 ], [ -78.5337165, 35.8178884 ], [ -78.5340863, 35.817867 ], [ -78.5389516, 35.8182963 ], [ -78.5389907, 35.8182045 ], [ -78.5389984, 35.8181724 ], [ -78.5390083, 35.8181465 ], [ -78.5390143, 35.8180883 ], [ -78.5390125, 35.8180642 ], [ -78.5390132, 35.81805 ], [ -78.539016, 35.8180363 ], [ -78.539017, 35.8180147 ], [ -78.5390282, 35.8179788 ], [ -78.5390316, 35.8179514 ], [ -78.5390569, 35.8178562 ], [ -78.5390679, 35.8178248 ], [ -78.5390724, 35.8177984 ], [ -78.5390693, 35.8177838 ], [ -78.5390651, 35.8177692 ], [ -78.5390601, 35.8177222 ], [ -78.5390626, 35.8177137 ], [ -78.5390635, 35.8177005 ], [ -78.5390535, 35.8176676 ], [ -78.5390597, 35.8176489 ], [ -78.5390588, 35.8176365 ], [ -78.5390503, 35.8176079 ], [ -78.5390311, 35.8175836 ], [ -78.5390259, 35.8175735 ], [ -78.5390251, 35.8175666 ], [ -78.5390273, 35.8175567 ], [ -78.539024, 35.8175408 ], [ -78.538991, 35.8174921 ], [ -78.5389586, 35.8174583 ], [ -78.5389122, 35.8174078 ], [ -78.5389017, 35.8173899 ], [ -78.5388937, 35.8173703 ], [ -78.539309, 35.817185 ], [ -78.5396613, 35.8170291 ], [ -78.5408073, 35.8165526 ], [ -78.5431028, 35.8161587 ], [ -78.5446579, 35.8160165 ], [ -78.5452409, 35.8159889 ], [ -78.5474667, 35.8157876 ], [ -78.547496, 35.8158666 ], [ -78.5478105, 35.816622 ], [ -78.5480942, 35.8173358 ], [ -78.5482137, 35.8176422 ], [ -78.5488553, 35.8176625 ], [ -78.548842, 35.8178002 ], [ -78.5488841, 35.818208 ], [ -78.5489877, 35.8192842 ], [ -78.54987, 35.8193253 ], [ -78.5505478, 35.8193421 ], [ -78.550555, 35.819344 ], [ -78.5506007, 35.8194036 ], [ -78.5506455, 35.819483 ], [ -78.5506791, 35.8195628 ], [ -78.5506967, 35.8196348 ], [ -78.5507064, 35.8197225 ], [ -78.5507039, 35.8198057 ], [ -78.5506836, 35.8199014 ], [ -78.5505996, 35.8201576 ], [ -78.5505835, 35.8203029 ], [ -78.5505665, 35.8204784 ], [ -78.5505703, 35.8205112 ], [ -78.5504862, 35.8205944 ], [ -78.5507788, 35.8205716 ], [ -78.5524372, 35.8204422 ], [ -78.5536032, 35.8203501 ], [ -78.5534583, 35.8191522 ], [ -78.5540944, 35.8195847 ], [ -78.554369, 35.819323 ], [ -78.5550817, 35.8197021 ], [ -78.5550932, 35.8195712 ], [ -78.5551352, 35.8194169 ], [ -78.5552032, 35.8192819 ], [ -78.5553006, 35.8191417 ], [ -78.5554102, 35.8190214 ], [ -78.5547025, 35.8184833 ], [ -78.5550427, 35.8181771 ], [ -78.5553894, 35.8178778 ], [ -78.5556207, 35.8180516 ], [ -78.5560918, 35.8184055 ], [ -78.5562284, 35.8182928 ], [ -78.5557329, 35.8179425 ], [ -78.5561982, 35.8174991 ], [ -78.5562616, 35.8175456 ], [ -78.5565773, 35.8174452 ], [ -78.5568251, 35.8177759 ], [ -78.5571181, 35.817526 ], [ -78.5573211, 35.8173035 ], [ -78.5574637, 35.8171517 ], [ -78.5575428, 35.8170363 ], [ -78.5575952, 35.8169597 ], [ -78.5577161, 35.816721 ], [ -78.5577996, 35.8164893 ], [ -78.557863, 35.8162779 ], [ -78.5579013, 35.8159701 ], [ -78.5568274, 35.8152262 ], [ -78.5558102, 35.8145131 ], [ -78.5547944, 35.8145781 ], [ -78.5526002, 35.8147115 ], [ -78.5525349, 35.8142998 ], [ -78.5535987, 35.8140406 ], [ -78.5562371, 35.8133151 ], [ -78.5561427, 35.8131046 ], [ -78.5563396, 35.8130162 ], [ -78.5563691, 35.8129696 ], [ -78.556338, 35.8129076 ], [ -78.5562548, 35.8127677 ], [ -78.5560021, 35.8123251 ], [ -78.5558822, 35.8120115 ], [ -78.5557666, 35.8118337 ], [ -78.5557354, 35.8117038 ], [ -78.5557035, 35.8113646 ], [ -78.5560138, 35.8113622 ], [ -78.5567184, 35.8113249 ], [ -78.5573409, 35.8112919 ], [ -78.5577903, 35.8125706 ], [ -78.5578785, 35.8127806 ], [ -78.5590624, 35.8127105 ], [ -78.5613138, 35.8125772 ], [ -78.5623214, 35.8125175 ], [ -78.562225, 35.8115583 ], [ -78.563186, 35.811544 ], [ -78.5655152, 35.8115463 ], [ -78.5657304, 35.811707 ], [ -78.5659923, 35.8125579 ], [ -78.5646098, 35.8128303 ], [ -78.5643262, 35.8125261 ], [ -78.5636461, 35.812935 ], [ -78.5644063, 35.8136822 ], [ -78.5646241, 35.8137177 ], [ -78.5647617, 35.8136901 ], [ -78.5653685, 35.8135686 ], [ -78.5662423, 35.8133935 ], [ -78.5665449, 35.814381 ], [ -78.5665086, 35.8143833 ], [ -78.5651059, 35.8144725 ], [ -78.5646356, 35.814391 ], [ -78.561589, 35.8138628 ], [ -78.5612537, 35.8140261 ], [ -78.5606537, 35.8143491 ], [ -78.560352, 35.814537 ], [ -78.5600561, 35.8147538 ], [ -78.5599169, 35.8148639 ], [ -78.5598099, 35.8149571 ], [ -78.559689, 35.8150521 ], [ -78.5594588, 35.8152357 ], [ -78.56017, 35.8157987 ], [ -78.5598726, 35.8164187 ], [ -78.5590687, 35.8161944 ], [ -78.5586806, 35.8160861 ], [ -78.5585655, 35.8162565 ], [ -78.5584013, 35.8164997 ], [ -78.5581685, 35.8168341 ], [ -78.557973, 35.8170602 ], [ -78.557941, 35.8170972 ], [ -78.5578108, 35.8172189 ], [ -78.557728, 35.8172964 ], [ -78.5575047, 35.8174914 ], [ -78.558223, 35.8180546 ], [ -78.5574967, 35.8187012 ], [ -78.5578355, 35.8189663 ], [ -78.5574878, 35.819259 ], [ -78.5564553, 35.8184599 ], [ -78.5559715, 35.8188791 ], [ -78.5561047, 35.8194364 ], [ -78.5562098, 35.8203222 ], [ -78.5553363, 35.8203924 ], [ -78.5553825, 35.8209342 ], [ -78.557047, 35.8208075 ], [ -78.557063, 35.8210029 ], [ -78.5580402, 35.8209118 ], [ -78.5588207, 35.8208359 ], [ -78.5588295, 35.8213974 ], [ -78.5588417, 35.8222649 ], [ -78.5588582, 35.8234849 ], [ -78.558867, 35.8241972 ], [ -78.5588791, 35.8251216 ], [ -78.5590464, 35.8251183 ], [ -78.559193, 35.8287009 ], [ -78.5591884, 35.8288755 ], [ -78.5583726, 35.8291032 ], [ -78.5574764, 35.8293477 ], [ -78.5568618, 35.8295189 ], [ -78.557134, 35.830306 ], [ -78.557214, 35.830523 ], [ -78.5574227, 35.8311412 ], [ -78.5576417, 35.8317769 ], [ -78.5576501, 35.832641 ], [ -78.5571815, 35.8330321 ], [ -78.5557757, 35.8331364 ], [ -78.5557827, 35.8338764 ], [ -78.5557853, 35.8341573 ], [ -78.5556386, 35.8341648 ], [ -78.5553845, 35.8341724 ], [ -78.5543097, 35.8341994 ], [ -78.554304, 35.8341596 ], [ -78.5532049, 35.8341925 ], [ -78.552325, 35.8342197 ], [ -78.5510019, 35.8342591 ], [ -78.5509881, 35.8343167 ], [ -78.5509766, 35.8343648 ], [ -78.5507011, 35.8343638 ], [ -78.5497024, 35.8343603 ], [ -78.5491652, 35.8343588 ], [ -78.5484056, 35.8344894 ], [ -78.5478447, 35.8345855 ], [ -78.5478702, 35.8354284 ], [ -78.5479046, 35.8365814 ], [ -78.5463662, 35.8365523 ], [ -78.5448125, 35.8365195 ], [ -78.5447753, 35.8368972 ], [ -78.5441348, 35.8369214 ], [ -78.5434068, 35.8381923 ], [ -78.5429992, 35.8389803 ], [ -78.5427999, 35.8394045 ], [ -78.5434623, 35.8396623 ], [ -78.5434419, 35.8404251 ], [ -78.5434144, 35.8414132 ], [ -78.543395, 35.8421122 ], [ -78.5433385, 35.844099 ], [ -78.5432782, 35.8451549 ], [ -78.543693, 35.8451411 ], [ -78.5440965, 35.8451121 ], [ -78.5446272, 35.8449707 ], [ -78.544672, 35.8449636 ], [ -78.54633, 35.8449383 ], [ -78.5463481, 35.8440377 ], [ -78.5490456, 35.843972 ], [ -78.5490893, 35.8448417 ], [ -78.5503961, 35.8448405 ], [ -78.551401, 35.8452767 ], [ -78.5512572, 35.8454916 ], [ -78.5511165, 35.845694 ], [ -78.5504774, 35.8454595 ], [ -78.5503897, 35.8473074 ], [ -78.5503417, 35.8483113 ], [ -78.550243, 35.850268 ], [ -78.5503266, 35.8527364 ], [ -78.5551822, 35.8527474 ], [ -78.555759, 35.8527487 ], [ -78.5557759, 35.8517889 ], [ -78.5566219, 35.851782 ], [ -78.5566213, 35.8524552 ], [ -78.5572255, 35.8527421 ], [ -78.5579701, 35.8530956 ], [ -78.5595972, 35.8516415 ], [ -78.5566427, 35.850335 ], [ -78.5566257, 35.8507671 ], [ -78.5557942, 35.8507645 ], [ -78.5558066, 35.8500385 ], [ -78.5558178, 35.8497279 ], [ -78.5556244, 35.8496737 ], [ -78.5555597, 35.8496669 ], [ -78.5548719, 35.8495945 ], [ -78.5548287, 35.8491751 ], [ -78.5556838, 35.8491033 ], [ -78.5557036, 35.8491016 ], [ -78.5559172, 35.8490999 ], [ -78.5581082, 35.8498717 ], [ -78.558943, 35.8494776 ], [ -78.5568649, 35.8487791 ], [ -78.5570786, 35.8485813 ], [ -78.5574115, 35.8484113 ], [ -78.5566793, 35.8481794 ], [ -78.5566978, 35.8479787 ], [ -78.5560301, 35.8472999 ], [ -78.556423, 35.8463004 ], [ -78.5569024, 35.8450787 ], [ -78.5572331, 35.844268 ], [ -78.5573422, 35.8439355 ], [ -78.5569561, 35.8430329 ], [ -78.5580382, 35.8432561 ], [ -78.559503, 35.8434681 ], [ -78.5601125, 35.8435549 ], [ -78.5610641, 35.8436904 ], [ -78.5621767, 35.8438336 ], [ -78.5626505, 35.8441161 ], [ -78.5630984, 35.8448774 ], [ -78.5637302, 35.8456977 ], [ -78.5646568, 35.8451375 ], [ -78.5651283, 35.8448497 ], [ -78.5653892, 35.8447069 ], [ -78.5654868, 35.8446571 ], [ -78.5656358, 35.8445874 ], [ -78.5658184, 35.8445147 ], [ -78.5660242, 35.8444438 ], [ -78.5662653, 35.8443813 ], [ -78.5664837, 35.8443376 ], [ -78.5666898, 35.8443077 ], [ -78.5669798, 35.8442804 ], [ -78.5672463, 35.8442688 ], [ -78.5678127, 35.8442357 ], [ -78.5680351, 35.8442261 ], [ -78.5681694, 35.8442065 ], [ -78.5682627, 35.8441852 ], [ -78.56837, 35.8441486 ], [ -78.5684308, 35.8441455 ], [ -78.5687055, 35.8439244 ], [ -78.5689143, 35.8441316 ], [ -78.5691438, 35.8436746 ], [ -78.5695624, 35.8438205 ], [ -78.5701684, 35.843594 ], [ -78.569716, 35.8426336 ], [ -78.5697207, 35.842037 ], [ -78.5681555, 35.8421181 ], [ -78.5680318, 35.8385011 ], [ -78.568415, 35.8379587 ], [ -78.5688917, 35.8372858 ], [ -78.5699915, 35.8368124 ], [ -78.5702981, 35.8373031 ], [ -78.5704516, 35.8375493 ], [ -78.5704076, 35.8375411 ], [ -78.5703885, 35.8375444 ], [ -78.5703513, 35.8375555 ], [ -78.5700174, 35.8376664 ], [ -78.570169, 35.8379544 ], [ -78.5706133, 35.8378085 ], [ -78.5710519, 35.8385578 ], [ -78.5714017, 35.8391719 ], [ -78.5712314, 35.8392354 ], [ -78.5713173, 35.8413224 ], [ -78.57135, 35.842495 ], [ -78.571613, 35.843132 ], [ -78.5717799, 35.8435331 ], [ -78.5710027, 35.8438417 ], [ -78.5710076, 35.8438615 ], [ -78.5708381, 35.8439651 ], [ -78.5704386, 35.8441441 ], [ -78.5700224, 35.8443305 ], [ -78.5694939, 35.8445646 ], [ -78.5693094, 35.8446219 ], [ -78.5691262, 35.8447047 ], [ -78.5690742, 35.8447302 ], [ -78.5689249, 35.844817 ], [ -78.5687283, 35.8449226 ], [ -78.5684918, 35.8442975 ], [ -78.568124, 35.8443885 ], [ -78.5677409, 35.8444215 ], [ -78.5681484, 35.8451784 ], [ -78.566565, 35.8458958 ], [ -78.5663176, 35.8459666 ], [ -78.566216, 35.8460511 ], [ -78.5657274, 35.8462561 ], [ -78.5655622, 35.8463336 ], [ -78.5654504, 35.846388 ], [ -78.5653295, 35.8464483 ], [ -78.5650657, 35.8461737 ], [ -78.5647813, 35.8463539 ], [ -78.564673, 35.8462328 ], [ -78.5648843, 35.8460501 ], [ -78.5646456, 35.84535 ], [ -78.5643592, 35.8455254 ], [ -78.5645382, 35.8460852 ], [ -78.563933, 35.8464511 ], [ -78.564004, 35.8466783 ], [ -78.563686, 35.8468253 ], [ -78.563006, 35.8460381 ], [ -78.562691, 35.8453478 ], [ -78.561255, 35.8456631 ], [ -78.561358, 35.8460037 ], [ -78.5615125, 35.8465227 ], [ -78.5606531, 35.8466139 ], [ -78.5602694, 35.8466806 ], [ -78.5596942, 35.8467927 ], [ -78.5588728, 35.8471527 ], [ -78.55921, 35.8476279 ], [ -78.5600347, 35.8480416 ], [ -78.5608759, 35.8484636 ], [ -78.5605413, 35.848687 ], [ -78.559858, 35.8492341 ], [ -78.5595623, 35.8491361 ], [ -78.5595482, 35.8491743 ], [ -78.5594892, 35.8491857 ], [ -78.5595169, 35.849267 ], [ -78.5595019, 35.8493446 ], [ -78.5594467, 35.8493722 ], [ -78.5594782, 35.8494261 ], [ -78.55943, 35.8494725 ], [ -78.5593543, 35.849513 ], [ -78.5593225, 35.849574 ], [ -78.5593201, 35.8496187 ], [ -78.5593599, 35.8496323 ], [ -78.5605691, 35.8506784 ], [ -78.5608954, 35.8508786 ], [ -78.5613734, 35.8503915 ], [ -78.5617697, 35.849992 ], [ -78.5625305, 35.8492251 ], [ -78.5626497, 35.8494253 ], [ -78.5630808, 35.8503266 ], [ -78.5627805, 35.8512238 ], [ -78.5625011, 35.8508668 ], [ -78.5610724, 35.8521488 ], [ -78.560217, 35.8515563 ], [ -78.5597801, 35.8519787 ], [ -78.5606214, 35.8525609 ], [ -78.5594441, 35.8536267 ], [ -78.5601686, 35.8539399 ], [ -78.5600768, 35.8540899 ], [ -78.5597135, 35.8544815 ], [ -78.5602654, 35.8546944 ], [ -78.5601897, 35.8559509 ], [ -78.5612253, 35.855953 ], [ -78.5612388, 35.8559094 ], [ -78.562657, 35.8559231 ], [ -78.5646318, 35.855937 ], [ -78.5646636, 35.8559372 ], [ -78.5654744, 35.8559228 ], [ -78.5654782, 35.856175 ], [ -78.5654846, 35.8565947 ], [ -78.5650735, 35.8566006 ], [ -78.5650992, 35.8577809 ], [ -78.5651114, 35.8583406 ], [ -78.5632122, 35.8583668 ], [ -78.5631814, 35.859513 ], [ -78.5631473, 35.8606567 ], [ -78.5631463, 35.8606898 ], [ -78.563133, 35.861329 ], [ -78.5631292, 35.8615132 ], [ -78.5631119, 35.8624451 ], [ -78.5630963, 35.8632538 ], [ -78.5630907, 35.8636718 ], [ -78.5597903, 35.8636217 ], [ -78.559809, 35.8637781 ], [ -78.5598006, 35.8652711 ], [ -78.5587678, 35.8655585 ], [ -78.5579439, 35.8651508 ], [ -78.5568482, 35.8647705 ], [ -78.5565389, 35.8646621 ], [ -78.556638, 35.8645226 ], [ -78.5573963, 35.8637857 ], [ -78.5585288, 35.862682 ], [ -78.5564855, 35.8614651 ], [ -78.5545379, 35.8603104 ], [ -78.5535189, 35.8597047 ], [ -78.555721, 35.857394 ], [ -78.5549121, 35.8568249 ], [ -78.5558115, 35.8561549 ], [ -78.5557112, 35.8561494 ], [ -78.5556269, 35.8561395 ], [ -78.5554473, 35.8560994 ], [ -78.5549958, 35.8561738 ], [ -78.5541777, 35.8568801 ], [ -78.553983, 35.8570444 ], [ -78.5537082, 35.8572397 ], [ -78.5532774, 35.8576106 ], [ -78.5530593, 35.857799 ], [ -78.5528222, 35.8580271 ], [ -78.5528054, 35.858016 ], [ -78.5526051, 35.8581959 ], [ -78.5523639, 35.8584411 ], [ -78.5520159, 35.8588011 ], [ -78.5520181, 35.8588051 ], [ -78.5513292, 35.8595074 ], [ -78.5519631, 35.859917 ], [ -78.5514769, 35.8605101 ], [ -78.5522564, 35.860985 ], [ -78.5521005, 35.8611412 ], [ -78.5506986, 35.8603238 ], [ -78.5501461, 35.8609277 ], [ -78.5474032, 35.8626816 ], [ -78.5468682, 35.8617524 ], [ -78.5461271, 35.8601328 ], [ -78.5453345, 35.8592817 ], [ -78.5446385, 35.8585618 ], [ -78.5441498, 35.8581583 ], [ -78.54326, 35.8576064 ], [ -78.5425691, 35.8572864 ], [ -78.5415151, 35.8568571 ], [ -78.540511, 35.8565757 ], [ -78.5387424, 35.8562088 ], [ -78.5370414, 35.8559404 ], [ -78.535228, 35.8556266 ], [ -78.5319864, 35.8549924 ], [ -78.5296744, 35.8545989 ], [ -78.5290266, 35.8563641 ], [ -78.5287742, 35.8580988 ], [ -78.5282802, 35.8588916 ], [ -78.5280935, 35.8591912 ], [ -78.5273573, 35.8610695 ], [ -78.5271457, 35.8623238 ], [ -78.5271338, 35.8623812 ], [ -78.527139, 35.8624145 ], [ -78.527137, 35.8624384 ], [ -78.5271277, 35.8624678 ], [ -78.5271249, 35.8624977 ], [ -78.5271259, 35.8625113 ], [ -78.5271176, 35.8625397 ], [ -78.5271132, 35.8625506 ], [ -78.5270831, 35.8625828 ], [ -78.5270743, 35.8625991 ], [ -78.5270661, 35.8626181 ], [ -78.527049, 35.8626469 ], [ -78.5270382, 35.8626724 ], [ -78.5270222, 35.8626979 ], [ -78.527014, 35.8627184 ], [ -78.5270088, 35.862745 ], [ -78.5270049, 35.8627653 ], [ -78.5270005, 35.8627721 ], [ -78.5269923, 35.8627843 ], [ -78.5269804, 35.8628043 ], [ -78.5269613, 35.8628668 ], [ -78.5269598, 35.8628896 ], [ -78.5269657, 35.8629274 ], [ -78.5269649, 35.8629602 ], [ -78.5269692, 35.8629772 ], [ -78.5269674, 35.8629869 ], [ -78.5269545, 35.8630204 ], [ -78.5269475, 35.8630551 ], [ -78.5269449, 35.8630632 ], [ -78.5269405, 35.8630814 ], [ -78.5269404, 35.8631155 ], [ -78.526936, 35.8631273 ], [ -78.5269318, 35.8631413 ], [ -78.5269302, 35.8631585 ], [ -78.5269213, 35.8632038 ], [ -78.5269222, 35.8632197 ], [ -78.5269204, 35.8632342 ], [ -78.526916, 35.8632481 ], [ -78.5269066, 35.8632593 ], [ -78.5268946, 35.8632671 ], [ -78.5268896, 35.863272 ], [ -78.5268871, 35.8632789 ], [ -78.5268857, 35.8632867 ], [ -78.526891, 35.8633055 ], [ -78.526892, 35.8633182 ], [ -78.5268903, 35.8633326 ], [ -78.5268814, 35.8633725 ], [ -78.5268788, 35.8633898 ], [ -78.5268708, 35.8634101 ], [ -78.5268626, 35.8634262 ], [ -78.5268503, 35.8634466 ], [ -78.5268407, 35.863466 ], [ -78.5268377, 35.8634785 ], [ -78.5268373, 35.863491 ], [ -78.5268369, 35.8635004 ], [ -78.526834, 35.8635093 ], [ -78.5268297, 35.8635187 ], [ -78.5268077, 35.8635549 ], [ -78.5268045, 35.8635616 ], [ -78.526803, 35.8635681 ], [ -78.5268017, 35.8635808 ], [ -78.5268034, 35.8635926 ], [ -78.526812, 35.8636244 ], [ -78.5268201, 35.8636634 ], [ -78.5268282, 35.8637201 ], [ -78.5268352, 35.8637471 ], [ -78.5268454, 35.8637687 ], [ -78.5268522, 35.8637967 ], [ -78.5268521, 35.8638378 ], [ -78.5268551, 35.8638497 ], [ -78.5268645, 35.8638633 ], [ -78.526877, 35.8638791 ], [ -78.5268813, 35.8638876 ], [ -78.5268859, 35.8639253 ], [ -78.5268928, 35.8639469 ], [ -78.5269077, 35.863973 ], [ -78.5269133, 35.8639802 ], [ -78.5269247, 35.8639892 ], [ -78.5269331, 35.8639948 ], [ -78.5269414, 35.8640038 ], [ -78.5269478, 35.8640152 ], [ -78.5269544, 35.8640461 ], [ -78.5269611, 35.8640575 ], [ -78.5269723, 35.8640687 ], [ -78.5269994, 35.8640903 ], [ -78.5270025, 35.8640963 ], [ -78.5270105, 35.8641295 ], [ -78.5270163, 35.8641473 ], [ -78.5267089, 35.8641385 ], [ -78.5267074, 35.8641291 ], [ -78.526169, 35.864094 ], [ -78.5177173, 35.8637084 ], [ -78.516385, 35.8636531 ], [ -78.5164423, 35.8638404 ], [ -78.5162541, 35.8641992 ], [ -78.5159541, 35.8643176 ], [ -78.5157279, 35.8642692 ], [ -78.5158284, 35.864901 ], [ -78.515732, 35.86582 ], [ -78.515105, 35.8654531 ], [ -78.5147718, 35.8656571 ], [ -78.5147555, 35.8658456 ], [ -78.5147118, 35.8660209 ], [ -78.5146506, 35.8661908 ], [ -78.5145174, 35.8665262 ], [ -78.5144913, 35.8666614 ], [ -78.514487, 35.8667748 ], [ -78.5144951, 35.8669303 ], [ -78.5145217, 35.8672042 ], [ -78.5145572, 35.8675364 ], [ -78.5145754, 35.8677948 ], [ -78.5145757, 35.8680629 ], [ -78.5217229, 35.8681822 ], [ -78.521718, 35.87095 ], [ -78.521181, 35.871449 ], [ -78.520952, 35.871703 ], [ -78.520803, 35.872019 ], [ -78.5187172, 35.8719887 ], [ -78.5187134, 35.8720447 ], [ -78.5178951, 35.8720252 ], [ -78.5178946, 35.8720384 ], [ -78.5158652, 35.8719986 ], [ -78.5159061, 35.872692 ], [ -78.5147194, 35.8726797 ], [ -78.5148305, 35.8724918 ], [ -78.5148748, 35.8722151 ], [ -78.5148601, 35.8719699 ], [ -78.5146199, 35.8718745 ], [ -78.5146093, 35.8718382 ], [ -78.5145547, 35.871838 ], [ -78.5135558, 35.871834 ], [ -78.512179, 35.8718284 ], [ -78.5097401, 35.8718047 ], [ -78.5105667, 35.8744425 ], [ -78.5106202, 35.8746657 ], [ -78.5107458, 35.8750818 ], [ -78.5112034, 35.8751011 ], [ -78.5112955, 35.875105 ], [ -78.5110124, 35.8754069 ], [ -78.5108494, 35.8756084 ], [ -78.5106677, 35.8758482 ], [ -78.5104929, 35.8761428 ], [ -78.5102661, 35.8767468 ], [ -78.5100781, 35.8766854 ], [ -78.5088451, 35.8762821 ], [ -78.5086829, 35.8757874 ], [ -78.5081126, 35.8760027 ], [ -78.5080441, 35.8758994 ], [ -78.5080091, 35.8758313 ], [ -78.507987, 35.875762 ], [ -78.507958, 35.8756443 ], [ -78.5079524, 35.8755468 ], [ -78.5079549, 35.8754756 ], [ -78.5080028, 35.8754016 ], [ -78.5080611, 35.8753341 ], [ -78.5081487, 35.8752541 ], [ -78.5082328, 35.8751985 ], [ -78.5083437, 35.8751336 ], [ -78.5084591, 35.8750884 ], [ -78.5079961, 35.8735829 ], [ -78.507723, 35.8726508 ], [ -78.5078836, 35.8726141 ], [ -78.5074163, 35.8710794 ], [ -78.5072962, 35.8707052 ], [ -78.5072626, 35.8705356 ], [ -78.5073381, 35.87047 ], [ -78.5071946, 35.8701046 ], [ -78.5071617, 35.8696745 ], [ -78.5072341, 35.8696341 ], [ -78.5071657, 35.8692606 ], [ -78.5072227, 35.8691198 ], [ -78.5093801, 35.868948 ], [ -78.509404, 35.8685255 ], [ -78.5091045, 35.8677569 ], [ -78.5089208, 35.8675253 ], [ -78.5085737, 35.8673268 ], [ -78.5082981, 35.8672689 ], [ -78.5052768, 35.8670207 ], [ -78.5053354, 35.865008 ], [ -78.5034728, 35.8648307 ], [ -78.5034428, 35.8634847 ], [ -78.5008098, 35.8634738 ], [ -78.5007588, 35.8637103 ], [ -78.5007231, 35.8638354 ], [ -78.5006376, 35.8640381 ], [ -78.500561, 35.8642087 ], [ -78.5004785, 35.8643598 ], [ -78.4995363, 35.8637763 ], [ -78.499562, 35.8635943 ], [ -78.4977239, 35.8633647 ], [ -78.4976381, 35.8636847 ], [ -78.497402, 35.8639629 ], [ -78.496916, 35.8641714 ], [ -78.4968462, 35.8644961 ], [ -78.4968128, 35.8648551 ], [ -78.4968493, 35.8651158 ], [ -78.4972498, 35.8652092 ], [ -78.4974108, 35.8660156 ], [ -78.4984322, 35.8659912 ], [ -78.4986336, 35.8658289 ], [ -78.4989147, 35.8658732 ], [ -78.4988642, 35.8661471 ], [ -78.4984336, 35.8660811 ], [ -78.4981233, 35.8663457 ], [ -78.4979033, 35.8665584 ], [ -78.4977652, 35.8667158 ], [ -78.4976165, 35.8669089 ], [ -78.4975149, 35.8670835 ], [ -78.4974436, 35.8672507 ], [ -78.4974132, 35.8673749 ], [ -78.4979776, 35.8673933 ], [ -78.4980624, 35.8680215 ], [ -78.4980584, 35.8684909 ], [ -78.4983396, 35.8685246 ], [ -78.4984875, 35.8685267 ], [ -78.4985424, 35.8686663 ], [ -78.4985325, 35.8691081 ], [ -78.4990084, 35.8691121 ], [ -78.4989908, 35.8698004 ], [ -78.4992188, 35.870434 ], [ -78.4999434, 35.8701156 ], [ -78.5004273, 35.8704304 ], [ -78.4989539, 35.8710944 ], [ -78.4991447, 35.8712499 ], [ -78.4992314, 35.8713371 ], [ -78.4992654, 35.8713498 ], [ -78.4993049, 35.8713502 ], [ -78.4993395, 35.8713424 ], [ -78.5001133, 35.8709863 ], [ -78.5001954, 35.871115 ], [ -78.5006891, 35.871667 ], [ -78.5009381, 35.8715557 ], [ -78.5009615, 35.8716248 ], [ -78.5013511, 35.8714764 ], [ -78.501446, 35.8716886 ], [ -78.5015849, 35.8716199 ], [ -78.5019632, 35.8715472 ], [ -78.5024269, 35.8716267 ], [ -78.5026184, 35.8716411 ], [ -78.5028049, 35.8717802 ], [ -78.5029188, 35.8717134 ], [ -78.5032039, 35.8716802 ], [ -78.5033401, 35.8717118 ], [ -78.5033987, 35.8717629 ], [ -78.5035069, 35.8720556 ], [ -78.503587, 35.8720416 ], [ -78.5038952, 35.872017 ], [ -78.503996, 35.8720695 ], [ -78.5042137, 35.8719735 ], [ -78.504323, 35.8720624 ], [ -78.5045022, 35.8719876 ], [ -78.5045453, 35.8718894 ], [ -78.5050968, 35.8718737 ], [ -78.5054202, 35.8717629 ], [ -78.5054608, 35.8716507 ], [ -78.5054179, 35.8715412 ], [ -78.5056437, 35.8714654 ], [ -78.5061138, 35.8713976 ], [ -78.5062253, 35.8714995 ], [ -78.5063972, 35.8714781 ], [ -78.5065433, 35.8714221 ], [ -78.5065454, 35.8717277 ], [ -78.5065558, 35.8733998 ], [ -78.5065451, 35.8749992 ], [ -78.506522, 35.876722 ], [ -78.5064938, 35.8784295 ], [ -78.5065061, 35.8786583 ], [ -78.506501, 35.8793802 ], [ -78.5064949, 35.8800541 ], [ -78.5039804, 35.8804715 ], [ -78.504009, 35.8805216 ], [ -78.5041255, 35.8808714 ], [ -78.5043185, 35.8814512 ], [ -78.5052703, 35.8817073 ], [ -78.5053179, 35.8817201 ], [ -78.5065014, 35.88205 ], [ -78.5064892, 35.88209 ], [ -78.507756, 35.8824433 ], [ -78.5077684, 35.8824032 ], [ -78.5084067, 35.8825804 ], [ -78.5084144, 35.8825529 ], [ -78.5098357, 35.8829472 ], [ -78.5097598, 35.8832273 ], [ -78.5088931, 35.8832936 ], [ -78.5088438, 35.8844603 ], [ -78.5099048, 35.8844574 ], [ -78.510105, 35.8844686 ], [ -78.5098105, 35.8862598 ], [ -78.5097403, 35.8865939 ], [ -78.5096583, 35.886928 ], [ -78.5095837, 35.8872169 ], [ -78.5101417, 35.8872924 ], [ -78.5104209, 35.887461 ], [ -78.5105438, 35.8877116 ], [ -78.510391, 35.8880879 ], [ -78.5094493, 35.8879205 ], [ -78.5091174, 35.8891157 ], [ -78.5099431, 35.8893218 ], [ -78.5099116, 35.8894485 ], [ -78.509845, 35.8897156 ], [ -78.5097352, 35.8901417 ], [ -78.5095387, 35.8901054 ], [ -78.5089103, 35.8899368 ], [ -78.5086366, 35.8913246 ], [ -78.5085682, 35.8917451 ], [ -78.5085607, 35.8917788 ], [ -78.5084751, 35.8921661 ], [ -78.5083734, 35.8924428 ], [ -78.5083319, 35.8925795 ], [ -78.5083007, 35.8926483 ], [ -78.5079873, 35.8926144 ], [ -78.5080889, 35.8924283 ], [ -78.5081465, 35.8922759 ], [ -78.5082285, 35.891912 ], [ -78.508208, 35.8917831 ], [ -78.5081748, 35.8914517 ], [ -78.5082949, 35.8908741 ], [ -78.5084433, 35.8901642 ], [ -78.5085122, 35.8898247 ], [ -78.508365, 35.8897852 ], [ -78.5079813, 35.8896867 ], [ -78.507236, 35.8895561 ], [ -78.5073806, 35.8890492 ], [ -78.5082706, 35.8892037 ], [ -78.5088423, 35.8891982 ], [ -78.5088882, 35.889037 ], [ -78.5090318, 35.8885193 ], [ -78.5092341, 35.8877287 ], [ -78.5086065, 35.8877024 ], [ -78.508803, 35.886886 ], [ -78.5088142, 35.8868201 ], [ -78.5094109, 35.8868483 ], [ -78.5094618, 35.8868507 ], [ -78.5095321, 35.8865263 ], [ -78.5095777, 35.8863112 ], [ -78.5095174, 35.8863082 ], [ -78.5082899, 35.8862482 ], [ -78.5080938, 35.8870889 ], [ -78.5070832, 35.8866478 ], [ -78.5055655, 35.8859842 ], [ -78.5049419, 35.8868089 ], [ -78.5009834, 35.8858097 ], [ -78.5005343, 35.8853549 ], [ -78.4999219, 35.8859793 ], [ -78.4991717, 35.8868476 ], [ -78.4998075, 35.887135 ], [ -78.4994084, 35.8876079 ], [ -78.4990061, 35.8882669 ], [ -78.4982448, 35.8896318 ], [ -78.4975952, 35.8894301 ], [ -78.4971802, 35.890234 ], [ -78.5048411, 35.8904157 ], [ -78.5048451, 35.8905249 ], [ -78.504913, 35.8923609 ], [ -78.5050185, 35.8948109 ], [ -78.5063249, 35.8947865 ], [ -78.5068498, 35.8947819 ], [ -78.5068209, 35.8949579 ], [ -78.5068247, 35.8953625 ], [ -78.5068371, 35.8956269 ], [ -78.5078456, 35.8952354 ], [ -78.5093841, 35.8946323 ], [ -78.5104332, 35.8942233 ], [ -78.5120065, 35.8936074 ], [ -78.513727, 35.8929321 ], [ -78.5139126, 35.8931098 ], [ -78.5146092, 35.8928362 ], [ -78.5154016, 35.892529 ], [ -78.5160291, 35.8922817 ], [ -78.5166968, 35.8920223 ], [ -78.5168059, 35.8919575 ], [ -78.5165463, 35.8918887 ], [ -78.5161359, 35.89178 ], [ -78.516985, 35.8913801 ], [ -78.517162, 35.8916496 ], [ -78.5172223, 35.8917449 ], [ -78.5176202, 35.8915775 ], [ -78.5178674, 35.8914732 ], [ -78.518262, 35.8913063 ], [ -78.5185825, 35.8911712 ], [ -78.51899, 35.8909523 ], [ -78.5193605, 35.8907537 ], [ -78.5197577, 35.8905406 ], [ -78.5197121, 35.8904041 ], [ -78.5196779, 35.8902988 ], [ -78.519622, 35.8901292 ], [ -78.5196453, 35.8897871 ], [ -78.5196608, 35.8895724 ], [ -78.5196925, 35.8891144 ], [ -78.5197067, 35.8889069 ], [ -78.5197475, 35.8883163 ], [ -78.5181869, 35.8880318 ], [ -78.5169316, 35.8878014 ], [ -78.5159476, 35.887622 ], [ -78.5140222, 35.8872832 ], [ -78.5142222, 35.886824 ], [ -78.514535, 35.886069 ], [ -78.5147146, 35.8856658 ], [ -78.515064, 35.884845 ], [ -78.5151506, 35.8846581 ], [ -78.5151822, 35.88459 ], [ -78.5147188, 35.8844684 ], [ -78.513485, 35.8841494 ], [ -78.5134693, 35.8842149 ], [ -78.51333, 35.884796 ], [ -78.513026, 35.886116 ], [ -78.5128024, 35.8870868 ], [ -78.512101, 35.886964 ], [ -78.511975, 35.88694 ], [ -78.5117693, 35.8869077 ], [ -78.5119891, 35.883819 ], [ -78.5119936, 35.8837564 ], [ -78.5105133, 35.8833881 ], [ -78.510359, 35.883343 ], [ -78.5103575, 35.8831497 ], [ -78.5106205, 35.8831278 ], [ -78.5110311, 35.8830935 ], [ -78.5111407, 35.8830564 ], [ -78.5114861, 35.8829396 ], [ -78.5119809, 35.8828222 ], [ -78.5122159, 35.8828597 ], [ -78.5124654, 35.8829925 ], [ -78.512955, 35.8828668 ], [ -78.5132726, 35.8829549 ], [ -78.5136739, 35.8832192 ], [ -78.5159679, 35.884441 ], [ -78.5163813, 35.8846597 ], [ -78.5169552, 35.8838358 ], [ -78.5173608, 35.8839229 ], [ -78.5176998, 35.8839967 ], [ -78.5173568, 35.8849094 ], [ -78.5172747, 35.8851277 ], [ -78.5179748, 35.8852859 ], [ -78.5181758, 35.8853177 ], [ -78.5183551, 35.8853382 ], [ -78.5185922, 35.8853534 ], [ -78.5187515, 35.8853571 ], [ -78.5189832, 35.8853488 ], [ -78.5200832, 35.8852716 ], [ -78.5206228, 35.8852431 ], [ -78.5212207, 35.8852756 ], [ -78.5218148, 35.8852141 ], [ -78.522041, 35.8851247 ], [ -78.5230083, 35.8850487 ], [ -78.5236476, 35.8850608 ], [ -78.5240044, 35.8850952 ], [ -78.5241241, 35.8851121 ], [ -78.5243142, 35.8851474 ], [ -78.5245399, 35.8849284 ], [ -78.5245733, 35.884896 ], [ -78.5246179, 35.8848714 ], [ -78.5246758, 35.884854 ], [ -78.5247337, 35.8848479 ], [ -78.5248022, 35.8848579 ], [ -78.5249515, 35.8848853 ], [ -78.525316, 35.8849377 ], [ -78.5259538, 35.8849449 ], [ -78.5264579, 35.8849506 ], [ -78.5276206, 35.8849637 ], [ -78.5281504, 35.8844964 ], [ -78.5282122, 35.8845861 ], [ -78.5282944, 35.8846675 ], [ -78.5285887, 35.8849679 ], [ -78.5287404, 35.8851319 ], [ -78.5290772, 35.8855776 ], [ -78.5293233, 35.8858656 ], [ -78.5296441, 35.8860077 ], [ -78.5298653, 35.8860631 ], [ -78.5299769, 35.8860757 ], [ -78.5298121, 35.8864964 ], [ -78.5297186, 35.8867345 ], [ -78.5297429, 35.8871063 ], [ -78.5297487, 35.887214 ], [ -78.5296934, 35.8875869 ], [ -78.5295144, 35.8875733 ], [ -78.5294961, 35.8878865 ], [ -78.5289479, 35.8879558 ], [ -78.5282894, 35.8880393 ], [ -78.5277222, 35.8881103 ], [ -78.5273866, 35.8881568 ], [ -78.5273353, 35.8881661 ], [ -78.5269866, 35.8881329 ], [ -78.5269953, 35.8881502 ], [ -78.527093, 35.888431 ], [ -78.527145, 35.888658 ], [ -78.527168, 35.8888193 ], [ -78.52717, 35.8888573 ], [ -78.5288473, 35.8887728 ], [ -78.5289091, 35.8880842 ], [ -78.5303726, 35.8881199 ], [ -78.5316195, 35.888149 ], [ -78.5318371, 35.8881515 ], [ -78.5318564, 35.8879922 ], [ -78.5321893, 35.8879726 ], [ -78.5324397, 35.8879116 ], [ -78.5327435, 35.8878307 ], [ -78.5330831, 35.8876672 ], [ -78.533161, 35.887716 ], [ -78.5332388, 35.8877693 ], [ -78.533651, 35.888089 ], [ -78.533742, 35.888156 ], [ -78.5342983, 35.8885478 ], [ -78.534353, 35.8885805 ], [ -78.5344408, 35.8886108 ], [ -78.534501, 35.888619 ], [ -78.5348698, 35.8886268 ], [ -78.534974, 35.888614 ], [ -78.5350173, 35.8885884 ], [ -78.5350374, 35.8885639 ], [ -78.5350411, 35.8885312 ], [ -78.535057, 35.8884935 ], [ -78.5350921, 35.888461 ], [ -78.5351378, 35.888434 ], [ -78.535173, 35.888427 ], [ -78.5352145, 35.8884246 ], [ -78.5352472, 35.8884244 ], [ -78.5352763, 35.8884348 ], [ -78.535614, 35.8882213 ], [ -78.536331, 35.8887586 ], [ -78.5363993, 35.8888098 ], [ -78.5365252, 35.8889598 ], [ -78.5364112, 35.889011 ], [ -78.5360348, 35.8891252 ], [ -78.535976, 35.8891492 ], [ -78.5357773, 35.8892635 ], [ -78.5355882, 35.8893316 ], [ -78.5353416, 35.889394 ], [ -78.5351308, 35.8894565 ], [ -78.5350423, 35.8894769 ], [ -78.5349304, 35.889494 ], [ -78.5348529, 35.8895416 ], [ -78.5347976, 35.8895679 ], [ -78.534748, 35.8896249 ], [ -78.5346813, 35.8896802 ], [ -78.5346549, 35.8897294 ], [ -78.5346118, 35.8897613 ], [ -78.5345557, 35.8898211 ], [ -78.534522, 35.8898515 ], [ -78.5344899, 35.8898934 ], [ -78.534457, 35.8899644 ], [ -78.5344121, 35.8899934 ], [ -78.5343777, 35.8900201 ], [ -78.5343509, 35.8900713 ], [ -78.5342482, 35.8904726 ], [ -78.5342305, 35.8905143 ], [ -78.5341842, 35.8906027 ], [ -78.5340997, 35.8908588 ], [ -78.5340305, 35.8911061 ], [ -78.5339968, 35.8912495 ], [ -78.5338948, 35.8914542 ], [ -78.5338438, 35.8916537 ], [ -78.5337667, 35.8918589 ], [ -78.5337438, 35.8920064 ], [ -78.5337108, 35.8921054 ], [ -78.5336958, 35.8922058 ], [ -78.5336609, 35.8923288 ], [ -78.5336234, 35.8923643 ], [ -78.5335258, 35.8926194 ], [ -78.5335008, 35.8927379 ], [ -78.5334526, 35.8928077 ], [ -78.5334528, 35.8928921 ], [ -78.5333857, 35.8930488 ], [ -78.5333327, 35.8933123 ], [ -78.5333478, 35.8935098 ], [ -78.5333473, 35.8937351 ], [ -78.5333726, 35.8938225 ], [ -78.5333816, 35.8939357 ], [ -78.5333928, 35.8940085 ], [ -78.5333939, 35.8940897 ], [ -78.5334249, 35.8942944 ], [ -78.5334217, 35.8943404 ], [ -78.5334544, 35.8944065 ], [ -78.533531, 35.8947113 ], [ -78.5335434, 35.8947529 ], [ -78.5335812, 35.8948663 ], [ -78.5336637, 35.8950713 ], [ -78.5337213, 35.8952227 ], [ -78.5337651, 35.8953308 ], [ -78.5337771, 35.8953688 ], [ -78.5337929, 35.89542 ], [ -78.5338035, 35.8954882 ], [ -78.5338137, 35.8955549 ], [ -78.5338427, 35.8956592 ], [ -78.533878, 35.8957658 ], [ -78.533909, 35.8958902 ], [ -78.533918, 35.8959417 ], [ -78.5339446, 35.89605 ], [ -78.5339573, 35.8961221 ], [ -78.5339715, 35.8961672 ], [ -78.5340099, 35.8962582 ], [ -78.5340582, 35.8964465 ], [ -78.5340862, 35.8965606 ], [ -78.5340982, 35.8966052 ], [ -78.5341333, 35.8967075 ], [ -78.5341645, 35.8968308 ], [ -78.5341904, 35.8969352 ], [ -78.5342004, 35.8970111 ], [ -78.5342145, 35.8970504 ], [ -78.5342211, 35.897092 ], [ -78.5342587, 35.8971877 ], [ -78.5342931, 35.8972574 ], [ -78.5343163, 35.8973249 ], [ -78.5343653, 35.8973901 ], [ -78.5344234, 35.8974842 ], [ -78.5344784, 35.897561 ], [ -78.5345322, 35.8976374 ], [ -78.5346257, 35.8977399 ], [ -78.5346896, 35.8978006 ], [ -78.5348174, 35.8979885 ], [ -78.5348561, 35.8980411 ], [ -78.5349701, 35.8982128 ], [ -78.5350303, 35.8982934 ], [ -78.5350832, 35.8983746 ], [ -78.5351458, 35.898503 ], [ -78.5351846, 35.8986099 ], [ -78.5352575, 35.8987781 ], [ -78.5352877, 35.8988201 ], [ -78.5353336, 35.8989063 ], [ -78.5353733, 35.8989652 ], [ -78.5354458, 35.8991397 ], [ -78.5355604, 35.8993779 ], [ -78.535605, 35.8995346 ], [ -78.5356237, 35.8996398 ], [ -78.5356319, 35.8997025 ], [ -78.535656, 35.8997975 ], [ -78.527398, 35.9006555 ], [ -78.5246174, 35.9009444 ], [ -78.5249575, 35.903168 ], [ -78.5251118, 35.9041771 ], [ -78.5259991, 35.9042779 ], [ -78.5272263, 35.90464 ], [ -78.5303677, 35.9055668 ], [ -78.5327387, 35.9037501 ], [ -78.5354625, 35.9034954 ], [ -78.5354186, 35.9036091 ], [ -78.5353843, 35.9040854 ], [ -78.5356791, 35.9045211 ], [ -78.5360092, 35.9048376 ], [ -78.5362839, 35.9051456 ], [ -78.5365715, 35.9054149 ], [ -78.536835, 35.9056082 ], [ -78.5372882, 35.9060329 ], [ -78.537463, 35.9061963 ], [ -78.5378647, 35.9064954 ], [ -78.538247, 35.9069319 ], [ -78.5385193, 35.9073708 ], [ -78.5385301, 35.9077153 ], [ -78.5386867, 35.9079793 ], [ -78.5386912, 35.9081483 ], [ -78.5389488, 35.9088927 ], [ -78.5391463, 35.909019 ], [ -78.5393648, 35.9091004 ], [ -78.5395765, 35.9090286 ], [ -78.5398904, 35.9088759 ], [ -78.5401041, 35.9086551 ], [ -78.5402067, 35.9084747 ], [ -78.5403041, 35.9082968 ], [ -78.5404652, 35.907862 ], [ -78.5405131, 35.9073647 ], [ -78.5406079, 35.9070336 ], [ -78.5407253, 35.906763 ], [ -78.5410023, 35.906522 ], [ -78.5408775, 35.9063818 ], [ -78.5408916, 35.9060737 ], [ -78.5411506, 35.9057553 ], [ -78.5412282, 35.9054564 ], [ -78.5410625, 35.9045378 ], [ -78.5410165, 35.9041558 ], [ -78.5408541, 35.9032353 ], [ -78.5407158, 35.902523 ], [ -78.540611, 35.9017078 ], [ -78.5406822, 35.9017026 ], [ -78.5407017, 35.9015154 ], [ -78.5406792, 35.9014133 ], [ -78.5406744, 35.9011206 ], [ -78.5408746, 35.9007099 ], [ -78.540956, 35.900601 ], [ -78.5411419, 35.900313 ], [ -78.5412434, 35.9003616 ], [ -78.5415347, 35.9000504 ], [ -78.5417984, 35.8999072 ], [ -78.5421572, 35.8997125 ], [ -78.5423526, 35.8995907 ], [ -78.5432818, 35.9003333 ], [ -78.5450065, 35.9004209 ], [ -78.544986, 35.9003065 ], [ -78.5453208, 35.9000572 ], [ -78.5457686, 35.8994508 ], [ -78.545451, 35.8986501 ], [ -78.5453551, 35.8984821 ], [ -78.5460599, 35.8982917 ], [ -78.5458544, 35.8976875 ], [ -78.5483901, 35.8972808 ], [ -78.5486448, 35.897671 ], [ -78.5486309, 35.8977483 ], [ -78.5486011, 35.8979138 ], [ -78.5485984, 35.8979288 ], [ -78.5475523, 35.9002183 ], [ -78.5450851, 35.9055381 ], [ -78.5462454, 35.9057069 ], [ -78.5471279, 35.9059256 ], [ -78.5469856, 35.9059333 ], [ -78.5477055, 35.906315 ], [ -78.5484051, 35.9067702 ], [ -78.548741, 35.9069712 ], [ -78.5490424, 35.90715 ], [ -78.5492144, 35.9072463 ], [ -78.5496968, 35.9074921 ], [ -78.5500098, 35.907651 ], [ -78.5503227, 35.9078115 ], [ -78.5505312, 35.9079174 ], [ -78.5510246, 35.9080357 ], [ -78.5512697, 35.9080446 ], [ -78.5517615, 35.9080659 ], [ -78.5522931, 35.9080889 ], [ -78.5526447, 35.908105 ], [ -78.5534219, 35.908202 ], [ -78.5540544, 35.9084626 ], [ -78.5542898, 35.9085402 ], [ -78.5543883, 35.9084228 ], [ -78.555341, 35.907264 ], [ -78.5557867, 35.9067077 ], [ -78.5560199, 35.9065144 ], [ -78.556461, 35.905921 ], [ -78.5566677, 35.9055996 ], [ -78.5566359, 35.9055841 ], [ -78.5568329, 35.9052279 ], [ -78.5570356, 35.9047996 ], [ -78.5572317, 35.9042935 ], [ -78.5573434, 35.9039224 ], [ -78.5574845, 35.9032589 ], [ -78.5575668, 35.9026342 ], [ -78.557622, 35.9020332 ], [ -78.5577725, 35.900508 ], [ -78.5578052, 35.9005035 ], [ -78.5579474, 35.8988986 ], [ -78.5578419, 35.898768 ], [ -78.5575982, 35.8986474 ], [ -78.5573297, 35.898514 ], [ -78.5572027, 35.8984622 ], [ -78.5570579, 35.8984231 ], [ -78.5566448, 35.89838 ], [ -78.5567448, 35.8981931 ], [ -78.5572366, 35.896705 ], [ -78.5582935, 35.8967067 ], [ -78.5583039, 35.8966436 ], [ -78.5576988, 35.8966331 ], [ -78.5576976, 35.8962217 ], [ -78.5583467, 35.8962241 ], [ -78.5584286, 35.8951064 ], [ -78.5585353, 35.8944954 ], [ -78.5582597, 35.8943104 ], [ -78.5586175, 35.8941666 ], [ -78.5593229, 35.8944009 ], [ -78.5592047, 35.894809 ], [ -78.5600516, 35.8952567 ], [ -78.5601209, 35.8955192 ], [ -78.560075, 35.8957626 ], [ -78.5601455, 35.896206 ], [ -78.5600409, 35.8964518 ], [ -78.5599623, 35.8967037 ], [ -78.5589432, 35.8965994 ], [ -78.5586945, 35.8991481 ], [ -78.5583862, 35.9022122 ], [ -78.5582726, 35.903301 ], [ -78.558212, 35.9037105 ], [ -78.5581067, 35.9041359 ], [ -78.5580446, 35.9043843 ], [ -78.5581731, 35.9043816 ], [ -78.5582742, 35.9057862 ], [ -78.5583319, 35.9067194 ], [ -78.5580361, 35.9064737 ], [ -78.5577928, 35.9066575 ], [ -78.5574915, 35.9064516 ], [ -78.5573305, 35.9066849 ], [ -78.5569498, 35.9065183 ], [ -78.5559993, 35.9077193 ], [ -78.5550787, 35.9088459 ], [ -78.5551442, 35.9088554 ], [ -78.5559474, 35.9091157 ], [ -78.5560806, 35.909122 ], [ -78.5561756, 35.9091474 ], [ -78.5562521, 35.9091755 ], [ -78.5563365, 35.9092204 ], [ -78.5566207, 35.9090139 ], [ -78.5572462, 35.9085591 ], [ -78.5578787, 35.9086797 ], [ -78.5575393, 35.9096645 ], [ -78.5585952, 35.9106126 ], [ -78.5589649, 35.9109794 ], [ -78.5591073, 35.9111252 ], [ -78.5592488, 35.9112476 ], [ -78.5593082, 35.9113104 ], [ -78.5593524, 35.911368 ], [ -78.5593883, 35.9114591 ], [ -78.559397, 35.9114782 ], [ -78.5594292, 35.9115498 ], [ -78.5594927, 35.9116445 ], [ -78.5595602, 35.9117413 ], [ -78.5596244, 35.911824 ], [ -78.5596767, 35.911883 ], [ -78.5597059, 35.9119511 ], [ -78.5597622, 35.9120454 ], [ -78.5598134, 35.9121189 ], [ -78.5598433, 35.9122351 ], [ -78.5598451, 35.9123016 ], [ -78.5598408, 35.912393 ], [ -78.5598459, 35.9124317 ], [ -78.5598857, 35.9125147 ], [ -78.5599051, 35.912546 ], [ -78.5599219, 35.912578 ], [ -78.5599544, 35.9126767 ], [ -78.5597267, 35.9126785 ], [ -78.5597138, 35.912902 ], [ -78.5597, 35.9132199 ], [ -78.5596541, 35.9135513 ], [ -78.5596159, 35.9137818 ], [ -78.5596274, 35.9139512 ], [ -78.5595937, 35.9142812 ], [ -78.5596368, 35.9144393 ], [ -78.5596788, 35.9147488 ], [ -78.5597047, 35.9149117 ], [ -78.5597295, 35.9150059 ], [ -78.5597545, 35.9151342 ], [ -78.5598037, 35.9153999 ], [ -78.5598921, 35.9158649 ], [ -78.5598073, 35.9159601 ], [ -78.559758, 35.916004 ], [ -78.559698, 35.9161216 ], [ -78.5595837, 35.916298 ], [ -78.5594443, 35.9164928 ], [ -78.559271, 35.9166452 ], [ -78.5590128, 35.9169191 ], [ -78.5588063, 35.917138 ], [ -78.5586269, 35.9173548 ], [ -78.5584293, 35.9175754 ], [ -78.5582363, 35.9178316 ], [ -78.5580271, 35.9180861 ], [ -78.5578704, 35.9183376 ], [ -78.5576112, 35.9187091 ], [ -78.557359, 35.9190349 ], [ -78.5571089, 35.9193546 ], [ -78.556911, 35.9196053 ], [ -78.5565689, 35.9199716 ], [ -78.5564116, 35.9201925 ], [ -78.5562949, 35.9203553 ], [ -78.5561284, 35.9206204 ], [ -78.5559309, 35.9209383 ], [ -78.5557491, 35.9213109 ], [ -78.555479, 35.9220373 ], [ -78.5553157, 35.9225172 ], [ -78.5552507, 35.9228677 ], [ -78.5551451, 35.9232785 ], [ -78.5550676, 35.9237888 ], [ -78.5549671, 35.9241324 ], [ -78.5548555, 35.9245227 ], [ -78.5546743, 35.9249521 ], [ -78.5545331, 35.9252593 ], [ -78.5543947, 35.925556 ], [ -78.5541592, 35.9259074 ], [ -78.5540766, 35.9260317 ], [ -78.5538624, 35.9262801 ], [ -78.5537243, 35.9265338 ], [ -78.5536303, 35.926724 ], [ -78.5536004, 35.9268739 ], [ -78.5535729, 35.9272177 ], [ -78.5535519, 35.9275277 ], [ -78.5535398, 35.927678 ], [ -78.5536273, 35.9280231 ], [ -78.5537361, 35.9283343 ], [ -78.5538932, 35.9284837 ], [ -78.5540431, 35.9285903 ], [ -78.5541901, 35.9286884 ], [ -78.5544438, 35.9288543 ], [ -78.5549157, 35.9291698 ], [ -78.5553137, 35.9294413 ], [ -78.5554876, 35.9295735 ], [ -78.5556668, 35.9297089 ], [ -78.5559502, 35.9299123 ], [ -78.5561025, 35.9300217 ], [ -78.5563505, 35.9301761 ], [ -78.5565063, 35.9302728 ], [ -78.5566011, 35.9303295 ], [ -78.5567913, 35.9304382 ], [ -78.5569363, 35.9305218 ], [ -78.5575052, 35.9307572 ], [ -78.5576623, 35.9308333 ], [ -78.5579111, 35.9309158 ], [ -78.5580028, 35.9309813 ], [ -78.5580334, 35.9310306 ], [ -78.5580933, 35.9311867 ], [ -78.5581236, 35.931234 ], [ -78.5588074, 35.9317957 ], [ -78.5593315, 35.932152 ], [ -78.5596035, 35.9323945 ], [ -78.5599122, 35.9326015 ], [ -78.5602909, 35.932794 ], [ -78.5605384, 35.9329299 ], [ -78.5606232, 35.9329925 ], [ -78.5600302, 35.9342893 ], [ -78.5580985, 35.933984 ], [ -78.5549056, 35.9334795 ], [ -78.5542843, 35.9333922 ], [ -78.5538394, 35.9333781 ], [ -78.5539419, 35.9342993 ], [ -78.5537404, 35.9345667 ], [ -78.5535008, 35.9348857 ], [ -78.553536, 35.9349069 ], [ -78.5534491, 35.9350109 ], [ -78.5533671, 35.9352863 ], [ -78.5533004, 35.9353748 ], [ -78.5532258, 35.9358246 ], [ -78.5531656, 35.9359686 ], [ -78.5530381, 35.9365244 ], [ -78.5529405, 35.9369544 ], [ -78.5528774, 35.9371852 ], [ -78.5528614, 35.9372439 ], [ -78.5528446, 35.9374306 ], [ -78.5528132, 35.9375898 ], [ -78.5528294, 35.9377575 ], [ -78.5527893, 35.9378427 ], [ -78.5527657, 35.9379725 ], [ -78.5527627, 35.9381219 ], [ -78.5528017, 35.9382263 ], [ -78.5528096, 35.9383425 ], [ -78.5528163, 35.938442 ], [ -78.5527555, 35.9386241 ], [ -78.5527714, 35.9388299 ], [ -78.5526873, 35.9389596 ], [ -78.5526785, 35.9391056 ], [ -78.5526977, 35.9392669 ], [ -78.552602, 35.9395405 ], [ -78.5526521, 35.939735 ], [ -78.5526496, 35.9398138 ], [ -78.5525594, 35.9400159 ], [ -78.5524972, 35.9403975 ], [ -78.5524996, 35.9405409 ], [ -78.5517788, 35.9405147 ], [ -78.5416563, 35.9400756 ], [ -78.5412402, 35.9408431 ], [ -78.544081, 35.9409329 ], [ -78.5439445, 35.9419032 ], [ -78.5409955, 35.9414777 ], [ -78.5407205, 35.9420968 ], [ -78.5405184, 35.9426152 ], [ -78.540422, 35.9428973 ], [ -78.5402131, 35.9436171 ], [ -78.5400836, 35.9441887 ], [ -78.5401388, 35.944193 ], [ -78.5399595, 35.9450975 ], [ -78.539875, 35.9456211 ], [ -78.5396953, 35.9462257 ], [ -78.5396774, 35.9466277 ], [ -78.539671, 35.9480335 ], [ -78.5397399, 35.9490324 ], [ -78.5398253, 35.9497336 ], [ -78.5399736, 35.9505934 ], [ -78.5402114, 35.951667 ], [ -78.5405072, 35.9526477 ], [ -78.5408393, 35.9536839 ], [ -78.541238, 35.9548668 ], [ -78.5415138, 35.9552731 ], [ -78.5416594, 35.9554876 ], [ -78.5416337, 35.9560671 ], [ -78.5418253, 35.956641 ], [ -78.5419401, 35.957153 ], [ -78.5419487, 35.9571913 ], [ -78.5419719, 35.9573601 ], [ -78.5419793, 35.9574143 ], [ -78.5419877, 35.9574756 ], [ -78.5422029, 35.957985 ], [ -78.5427179, 35.9599665 ], [ -78.5427129, 35.960079 ], [ -78.542696, 35.9604616 ], [ -78.5427163, 35.9607205 ], [ -78.542943, 35.9608571 ], [ -78.5429881, 35.9608842 ], [ -78.543291, 35.9605363 ], [ -78.5433781, 35.9604363 ], [ -78.5434816, 35.9603674 ], [ -78.5435591, 35.9602646 ], [ -78.5437623, 35.9599594 ], [ -78.5437913, 35.9599639 ], [ -78.5439166, 35.9599834 ], [ -78.5441192, 35.9600055 ], [ -78.5442484, 35.9600381 ], [ -78.5443245, 35.9600573 ], [ -78.5444304, 35.9600909 ], [ -78.5444969, 35.9601196 ], [ -78.5446572, 35.9601622 ], [ -78.5447409, 35.9601743 ], [ -78.5448321, 35.960219 ], [ -78.544878, 35.9602774 ], [ -78.5450092, 35.9604647 ], [ -78.5451004, 35.9605587 ], [ -78.545165, 35.9606615 ], [ -78.5451984, 35.9608774 ], [ -78.5453158, 35.9609985 ], [ -78.5454298, 35.9612114 ], [ -78.5455751, 35.9614117 ], [ -78.5455954, 35.9615106 ], [ -78.5455886, 35.961604 ], [ -78.5455909, 35.9616913 ], [ -78.5455895, 35.9617742 ], [ -78.54565, 35.9619769 ], [ -78.5459016, 35.9624807 ], [ -78.545984, 35.9629278 ], [ -78.5459465, 35.9631421 ], [ -78.5459459, 35.963241 ], [ -78.5459128, 35.9634716 ], [ -78.545926, 35.9636968 ], [ -78.5458854, 35.9640155 ], [ -78.5457327, 35.9644248 ], [ -78.5456649, 35.9646093 ], [ -78.5456536, 35.9647069 ], [ -78.5456988, 35.9647969 ], [ -78.5457233, 35.9648762 ], [ -78.5456988, 35.9649738 ], [ -78.5456676, 35.9650283 ], [ -78.5453628, 35.9650151 ], [ -78.545341, 35.9653408 ], [ -78.5454928, 35.9653403 ], [ -78.5457442, 35.9653396 ], [ -78.5465666, 35.9654379 ], [ -78.5469721, 35.9655132 ], [ -78.5472959, 35.9655917 ], [ -78.5478425, 35.9657799 ], [ -78.5482753, 35.9659934 ], [ -78.5486252, 35.9661659 ], [ -78.5511427, 35.9674652 ], [ -78.5533947, 35.9686498 ], [ -78.5549678, 35.9694879 ], [ -78.5558676, 35.970005 ], [ -78.55621, 35.9702674 ], [ -78.5565028, 35.9705433 ], [ -78.5568046, 35.9706216 ], [ -78.5568881, 35.970736 ], [ -78.5576175, 35.9706088 ], [ -78.5586401, 35.9702654 ], [ -78.560098, 35.9696398 ], [ -78.5606867, 35.969265 ], [ -78.5609382, 35.9690955 ], [ -78.5615222, 35.9687545 ], [ -78.5617209, 35.9685856 ], [ -78.5603758, 35.9680769 ], [ -78.56062, 35.967673 ], [ -78.5612709, 35.9666095 ], [ -78.5625703, 35.9670603 ], [ -78.5626311, 35.9667546 ], [ -78.5626509, 35.9665315 ], [ -78.5626438, 35.966334 ], [ -78.5625617, 35.9659817 ], [ -78.5624564, 35.9655667 ], [ -78.5624156, 35.9653568 ], [ -78.5624078, 35.9651736 ], [ -78.5624208, 35.9650032 ], [ -78.5624879, 35.9646061 ], [ -78.562573, 35.9640943 ], [ -78.562475, 35.9639303 ], [ -78.5625297, 35.9637091 ], [ -78.5625939, 35.9635877 ], [ -78.5626443, 35.9631877 ], [ -78.5626845, 35.9629546 ], [ -78.5628, 35.9622685 ], [ -78.5628221, 35.9622692 ], [ -78.5629981, 35.9612074 ], [ -78.5630998, 35.9606302 ], [ -78.5631468, 35.9604568 ], [ -78.5632103, 35.9602796 ], [ -78.563269, 35.9601422 ], [ -78.5633349, 35.9600136 ], [ -78.5643386, 35.9584619 ], [ -78.5651942, 35.9571167 ], [ -78.5660871, 35.9555016 ], [ -78.5663806, 35.9549709 ], [ -78.5666806, 35.9544447 ], [ -78.5668955, 35.9540988 ], [ -78.5671953, 35.953577 ], [ -78.5673529, 35.9533507 ], [ -78.5675257, 35.9531292 ], [ -78.5678774, 35.9527845 ], [ -78.5708454, 35.9504992 ], [ -78.5712328, 35.9502374 ], [ -78.5719585, 35.9495844 ], [ -78.5732142, 35.9484443 ], [ -78.5737334, 35.9479984 ], [ -78.5738004, 35.9478876 ], [ -78.5740555, 35.9473906 ], [ -78.5744623, 35.9468061 ], [ -78.5746619, 35.9462747 ], [ -78.5748156, 35.9457955 ], [ -78.5748116, 35.9452521 ], [ -78.5728535, 35.9452399 ], [ -78.5728712, 35.944392 ], [ -78.573013, 35.9382533 ], [ -78.5730106, 35.9379075 ], [ -78.5730373, 35.937502 ], [ -78.5731123, 35.9375561 ], [ -78.5731417, 35.9375841 ], [ -78.5731574, 35.9376312 ], [ -78.5732198, 35.937641 ], [ -78.5732657, 35.9376907 ], [ -78.5733292, 35.9377416 ], [ -78.5733648, 35.9377648 ], [ -78.5734412, 35.9377902 ], [ -78.5734687, 35.9378062 ], [ -78.5735066, 35.9378659 ], [ -78.5735433, 35.9378997 ], [ -78.573562, 35.9379228 ], [ -78.573581, 35.9379942 ], [ -78.5736178, 35.9380158 ], [ -78.5736583, 35.9380509 ], [ -78.5736792, 35.9380879 ], [ -78.5736919, 35.9381354 ], [ -78.5736849, 35.9382118 ], [ -78.5736934, 35.9382399 ], [ -78.5737274, 35.9382654 ], [ -78.5737593, 35.9382735 ], [ -78.5737996, 35.9382781 ], [ -78.5738208, 35.9382876 ], [ -78.5738434, 35.9383062 ], [ -78.5738578, 35.9383388 ], [ -78.5739318, 35.9384151 ], [ -78.5740561, 35.9385111 ], [ -78.5741285, 35.938583 ], [ -78.5742034, 35.9386456 ], [ -78.574249, 35.9387049 ], [ -78.5742854, 35.9387642 ], [ -78.5743342, 35.938806 ], [ -78.574358, 35.9388223 ], [ -78.5743856, 35.9388744 ], [ -78.5744191, 35.9389169 ], [ -78.5744589, 35.9389525 ], [ -78.5744879, 35.9389178 ], [ -78.574572, 35.9389321 ], [ -78.5770626, 35.939388 ], [ -78.5791457, 35.9393563 ], [ -78.5789213, 35.9391412 ], [ -78.5785795, 35.9388335 ], [ -78.5784599, 35.9387122 ], [ -78.5783688, 35.9385917 ], [ -78.5782687, 35.9384401 ], [ -78.5781692, 35.9382616 ], [ -78.57838, 35.938233 ], [ -78.5788431, 35.9381943 ], [ -78.5788423, 35.9379621 ], [ -78.5782912, 35.9379907 ], [ -78.5780477, 35.9380041 ], [ -78.5780591, 35.9377522 ], [ -78.5780661, 35.9375023 ], [ -78.5781784, 35.9370017 ], [ -78.578554, 35.9356923 ], [ -78.5787181, 35.9357164 ], [ -78.5789008, 35.9357495 ], [ -78.5798333, 35.9358144 ], [ -78.5799801, 35.9355213 ], [ -78.5791005, 35.9352554 ], [ -78.5787842, 35.9354588 ], [ -78.5785752, 35.9355932 ], [ -78.5781039, 35.9358962 ], [ -78.5778902, 35.9353001 ], [ -78.5772633, 35.9351081 ], [ -78.5776508, 35.9344561 ], [ -78.5782667, 35.9346467 ], [ -78.5783171, 35.9345689 ], [ -78.5777649, 35.9343977 ], [ -78.5785395, 35.9339298 ], [ -78.5792121, 35.9334415 ], [ -78.5797316, 35.9334347 ], [ -78.5800842, 35.9328828 ], [ -78.5803625, 35.9327744 ], [ -78.5809803, 35.9330086 ], [ -78.5809676, 35.9332881 ], [ -78.5805087, 35.9331211 ], [ -78.5803399, 35.9331265 ], [ -78.5803169, 35.9336039 ], [ -78.5809482, 35.9338745 ], [ -78.5809306, 35.9341383 ], [ -78.5809345, 35.9343217 ], [ -78.5814191, 35.9343901 ], [ -78.5812292, 35.9352447 ], [ -78.5808995, 35.9360049 ], [ -78.5807137, 35.936351 ], [ -78.5798256, 35.936068 ], [ -78.5796182, 35.9363161 ], [ -78.5804048, 35.9365222 ], [ -78.58027, 35.9368681 ], [ -78.5800959, 35.9368686 ], [ -78.5801245, 35.9374341 ], [ -78.5821555, 35.9374432 ], [ -78.583114, 35.933861 ], [ -78.583632, 35.933253 ], [ -78.5861993, 35.9302393 ], [ -78.5854863, 35.9296994 ], [ -78.5865463, 35.9290294 ], [ -78.5865186, 35.9290052 ], [ -78.5866166, 35.9289335 ], [ -78.5861107, 35.9289275 ], [ -78.5856902, 35.9289313 ], [ -78.5856669, 35.9288608 ], [ -78.5856058, 35.9288469 ], [ -78.584627, 35.9288446 ], [ -78.5847788, 35.9289659 ], [ -78.5844577, 35.9289775 ], [ -78.5844344, 35.9289713 ], [ -78.5844035, 35.9289702 ], [ -78.584365, 35.9289748 ], [ -78.5839874, 35.9289613 ], [ -78.5850907, 35.9272002 ], [ -78.5869215, 35.9281738 ], [ -78.5872161, 35.9283034 ], [ -78.5873533, 35.9280817 ], [ -78.58749, 35.9277913 ], [ -78.5876032, 35.9274551 ], [ -78.5876238, 35.9273115 ], [ -78.5876914, 35.9268389 ], [ -78.5877185, 35.9266835 ], [ -78.5877205, 35.9265072 ], [ -78.5877769, 35.926271 ], [ -78.5878342, 35.9260879 ], [ -78.5878924, 35.9259328 ], [ -78.5879089, 35.9259048 ], [ -78.5879232, 35.925889 ], [ -78.5879499, 35.9258702 ], [ -78.5879767, 35.9258463 ], [ -78.5879886, 35.9258235 ], [ -78.5879924, 35.9257841 ], [ -78.5880023, 35.9257238 ], [ -78.5880977, 35.925551 ], [ -78.5882718, 35.9253083 ], [ -78.5884541, 35.9250748 ], [ -78.5887588, 35.9246902 ], [ -78.5887702, 35.9246751 ], [ -78.5887904, 35.9246614 ], [ -78.5888137, 35.9246541 ], [ -78.5888376, 35.9246523 ], [ -78.5890346, 35.9244811 ], [ -78.5886883, 35.9243145 ], [ -78.584664, 35.9222299 ], [ -78.5834472, 35.9200996 ], [ -78.5829459, 35.9191716 ], [ -78.5828347, 35.9189853 ], [ -78.5850938, 35.9165161 ], [ -78.5866635, 35.9165603 ], [ -78.586807, 35.9154728 ], [ -78.5892895, 35.9154694 ], [ -78.5890991, 35.9175683 ], [ -78.5890854, 35.9177214 ], [ -78.5889556, 35.9177181 ], [ -78.5889176, 35.917729 ], [ -78.5888999, 35.917758 ], [ -78.5888942, 35.9177862 ], [ -78.5888944, 35.9178101 ], [ -78.5888856, 35.9179866 ], [ -78.5903002, 35.917995 ], [ -78.5903514, 35.9178804 ], [ -78.5900234, 35.9175248 ], [ -78.590055, 35.917163 ], [ -78.590528, 35.9171763 ], [ -78.590672, 35.9155007 ], [ -78.5918196, 35.9155248 ], [ -78.5918505, 35.9141731 ], [ -78.5904785, 35.9144209 ], [ -78.5903928, 35.9139155 ], [ -78.5904841, 35.9134278 ], [ -78.5908832, 35.9133928 ], [ -78.590881, 35.9135307 ], [ -78.5917334, 35.9133645 ], [ -78.5917337, 35.9133402 ], [ -78.5919816, 35.9133584 ], [ -78.5920087, 35.9135628 ], [ -78.5920417, 35.91368 ], [ -78.5920739, 35.9137725 ], [ -78.5921239, 35.9138806 ], [ -78.5921862, 35.9139866 ], [ -78.5925686, 35.9145339 ], [ -78.5929547, 35.9150834 ], [ -78.5932069, 35.9154425 ], [ -78.5934575, 35.9157966 ], [ -78.5935948, 35.9159856 ], [ -78.5936634, 35.9160703 ], [ -78.5937455, 35.916163 ], [ -78.5938825, 35.9163059 ], [ -78.5938893, 35.9163025 ], [ -78.5940173, 35.9164057 ], [ -78.5940547, 35.9164363 ], [ -78.5940996, 35.9164574 ], [ -78.5941551, 35.916476 ], [ -78.5942069, 35.9164756 ], [ -78.5945716, 35.9166232 ], [ -78.5951085, 35.9167647 ], [ -78.5952637, 35.9168024 ], [ -78.5966177, 35.9172259 ], [ -78.5979563, 35.9176667 ], [ -78.5984534, 35.9179002 ], [ -78.5988887, 35.9181606 ], [ -78.601617, 35.9167135 ], [ -78.6016973, 35.9167094 ], [ -78.6018306, 35.9167498 ], [ -78.6019387, 35.9168139 ], [ -78.6020203, 35.9168418 ], [ -78.6021781, 35.9168545 ], [ -78.6022789, 35.9168417 ], [ -78.6023859, 35.9168526 ], [ -78.6025013, 35.9169298 ], [ -78.6026055, 35.9169588 ], [ -78.6027048, 35.9169821 ], [ -78.6027896, 35.9170276 ], [ -78.6028576, 35.9170867 ], [ -78.602956, 35.9171319 ], [ -78.6030459, 35.9171442 ], [ -78.6031393, 35.9171835 ], [ -78.6032149, 35.9172052 ], [ -78.6032968, 35.9172538 ], [ -78.6033841, 35.9173173 ], [ -78.6033582, 35.9172365 ], [ -78.603656, 35.9171426 ], [ -78.6037552, 35.9171813 ], [ -78.6037817, 35.9172805 ], [ -78.6039982, 35.9173249 ], [ -78.6039787, 35.9172623 ], [ -78.6038417, 35.9171861 ], [ -78.6043006, 35.9172353 ], [ -78.60444, 35.9172591 ], [ -78.6046329, 35.9173627 ], [ -78.6047515, 35.9175815 ], [ -78.604924, 35.9176565 ], [ -78.6052167, 35.9174685 ], [ -78.6052008, 35.9173165 ], [ -78.6053629, 35.9171901 ], [ -78.6052736, 35.916889 ], [ -78.6051611, 35.9168292 ], [ -78.6051131, 35.9168472 ], [ -78.6051347, 35.9167 ], [ -78.6052174, 35.9166561 ], [ -78.6051189, 35.9165137 ], [ -78.6051733, 35.9164741 ], [ -78.6050797, 35.9163947 ], [ -78.6050238, 35.9162981 ], [ -78.6049485, 35.9163218 ], [ -78.6048264, 35.9161107 ], [ -78.6049025, 35.9160926 ], [ -78.6047526, 35.9156936 ], [ -78.6049504, 35.9156573 ], [ -78.6050731, 35.9154248 ], [ -78.6051233, 35.9154071 ], [ -78.6047999, 35.9152232 ], [ -78.5977964, 35.9106519 ], [ -78.5991871, 35.9092284 ], [ -78.5993682, 35.909051 ], [ -78.5997946, 35.9086465 ], [ -78.6003141, 35.9081538 ], [ -78.6006337, 35.9078548 ], [ -78.6010471, 35.9074066 ], [ -78.601229, 35.9071772 ], [ -78.6014965, 35.9068406 ], [ -78.6017299, 35.9064697 ], [ -78.601804, 35.9063385 ], [ -78.6019361, 35.9060626 ], [ -78.6020907, 35.9056848 ], [ -78.6022227, 35.9053061 ], [ -78.602408, 35.9047303 ], [ -78.6025802, 35.9042598 ], [ -78.6027294, 35.9039768 ], [ -78.6028344, 35.9038093 ], [ -78.602989, 35.9035817 ], [ -78.6033416, 35.9031666 ], [ -78.6036326, 35.9033749 ], [ -78.60466, 35.9024501 ], [ -78.6054177, 35.9017892 ], [ -78.606511, 35.9008644 ], [ -78.6077676, 35.8999561 ], [ -78.608487, 35.8994016 ], [ -78.6087242, 35.8992336 ], [ -78.6090502, 35.8989602 ], [ -78.6095869, 35.8985126 ], [ -78.6099485, 35.8982154 ], [ -78.6105693, 35.8976981 ], [ -78.61174, 35.8967258 ], [ -78.6123546, 35.8962432 ], [ -78.6123745, 35.8962881 ], [ -78.6125238, 35.8962364 ], [ -78.6125822, 35.8961572 ], [ -78.6132155, 35.8959975 ], [ -78.6134968, 35.8959557 ], [ -78.6135765, 35.8959997 ], [ -78.6138044, 35.8959757 ], [ -78.6140685, 35.8975065 ], [ -78.6143085, 35.8987418 ], [ -78.6143476, 35.8989432 ], [ -78.615503, 35.8992941 ], [ -78.6166353, 35.899304 ], [ -78.6182656, 35.8992942 ], [ -78.6192824, 35.8993726 ], [ -78.6203303, 35.899427 ], [ -78.6213877, 35.8993568 ], [ -78.6213774, 35.8988304 ], [ -78.622493, 35.8987971 ], [ -78.6224614, 35.8979729 ], [ -78.622466, 35.8976955 ], [ -78.6225241, 35.8976951 ], [ -78.6228282, 35.897693 ], [ -78.623794, 35.8976863 ], [ -78.6237749, 35.8971819 ], [ -78.6258008, 35.8971896 ], [ -78.6257643, 35.8962544 ], [ -78.6227567, 35.8962431 ], [ -78.6227494, 35.8954477 ], [ -78.6227498, 35.8948145 ], [ -78.6236999, 35.8948366 ], [ -78.6248251, 35.8948874 ], [ -78.6269123, 35.8949624 ], [ -78.6267831, 35.8972139 ], [ -78.6266847, 35.8994488 ], [ -78.6278418, 35.8997399 ], [ -78.6287807, 35.9001394 ], [ -78.6295873, 35.9004902 ], [ -78.6303081, 35.9008688 ], [ -78.6311769, 35.9014266 ], [ -78.6322169, 35.9021132 ], [ -78.6333224, 35.9027967 ], [ -78.6345418, 35.9035488 ], [ -78.6357631, 35.9043339 ], [ -78.6367895, 35.9049982 ], [ -78.6379002, 35.9057246 ], [ -78.6393716, 35.9066863 ], [ -78.6404831, 35.9074622 ], [ -78.6416199, 35.9082236 ], [ -78.6431965, 35.9088148 ], [ -78.6453814, 35.909634 ], [ -78.6520134, 35.9099111 ], [ -78.6522386, 35.9091063 ], [ -78.6524025, 35.9085369 ], [ -78.6527207, 35.9073802 ], [ -78.6528168, 35.9070132 ], [ -78.6530134, 35.9063203 ], [ -78.6530711, 35.9063195 ], [ -78.6533111, 35.9063271 ], [ -78.6542705, 35.906359 ], [ -78.6553956, 35.9064324 ], [ -78.6560908, 35.9072574 ], [ -78.6560594, 35.9080267 ], [ -78.6559929, 35.909654 ], [ -78.6590744, 35.9096844 ], [ -78.6590909, 35.9095082 ], [ -78.6598562, 35.9095299 ], [ -78.6599406, 35.9084895 ], [ -78.6601309, 35.9083758 ], [ -78.6603357, 35.9085221 ], [ -78.6605379, 35.9086541 ], [ -78.6607541, 35.9087808 ], [ -78.6609506, 35.9084979 ], [ -78.6613728, 35.9085313 ], [ -78.6616419, 35.9081713 ], [ -78.661717, 35.9080752 ], [ -78.6623444, 35.9082396 ], [ -78.6627711, 35.9083507 ], [ -78.662805, 35.9096485 ], [ -78.6638532, 35.9098783 ], [ -78.6640581, 35.9099232 ], [ -78.6644667, 35.9100092 ], [ -78.6650607, 35.9100948 ], [ -78.6654766, 35.9101198 ], [ -78.6665156, 35.9101405 ], [ -78.6693239, 35.9102132 ], [ -78.6697968, 35.9102396 ], [ -78.6710429, 35.9103528 ], [ -78.671756, 35.910419 ], [ -78.6725622, 35.9105189 ], [ -78.6727633, 35.9105527 ], [ -78.6730437, 35.9106047 ], [ -78.6732821, 35.9106676 ], [ -78.6734053, 35.9107082 ], [ -78.6734084, 35.9104265 ], [ -78.6740765, 35.9104425 ], [ -78.6741197, 35.9096015 ], [ -78.6741318, 35.9093655 ], [ -78.6741649, 35.9087215 ], [ -78.672744, 35.9086997 ], [ -78.6725028, 35.908696 ], [ -78.6725618, 35.9081598 ], [ -78.6725346, 35.9080388 ], [ -78.6724687, 35.9079873 ], [ -78.672373, 35.9079236 ], [ -78.6722784, 35.907852 ], [ -78.6721934, 35.9077731 ], [ -78.6721436, 35.9077216 ], [ -78.6720129, 35.9078126 ], [ -78.6718934, 35.9076956 ], [ -78.6720351, 35.9075938 ], [ -78.671846, 35.9070789 ], [ -78.6721116, 35.9060319 ], [ -78.6722499, 35.9054869 ], [ -78.6728743, 35.9054966 ], [ -78.6742711, 35.9055183 ], [ -78.6742842, 35.9046596 ], [ -78.6743111, 35.9029013 ], [ -78.675692, 35.9029203 ], [ -78.67623, 35.9029277 ], [ -78.6765245, 35.9029318 ], [ -78.6769773, 35.9029437 ], [ -78.6771181, 35.9029474 ], [ -78.6773541, 35.9029535 ], [ -78.6776421, 35.9029611 ], [ -78.6785161, 35.9029772 ], [ -78.6785118, 35.9024925 ], [ -78.6785056, 35.9017922 ], [ -78.6804743, 35.9021143 ], [ -78.6807227, 35.9018694 ], [ -78.6807966, 35.9018703 ], [ -78.6814174, 35.901929 ], [ -78.6814791, 35.9019527 ], [ -78.6815038, 35.9019558 ], [ -78.6815438, 35.9019489 ], [ -78.683175, 35.9022105 ], [ -78.6831778, 35.9022411 ], [ -78.6847442, 35.9024736 ], [ -78.6847869, 35.8999386 ], [ -78.684216, 35.8999298 ], [ -78.6834933, 35.8999142 ], [ -78.6835029, 35.8997623 ], [ -78.6835628, 35.8987311 ], [ -78.6835901, 35.898261 ], [ -78.6843948, 35.8981081 ], [ -78.6845785, 35.8965839 ], [ -78.6829498, 35.8966062 ], [ -78.6817267, 35.896623 ], [ -78.6816136, 35.8952458 ], [ -78.6814185, 35.89525 ], [ -78.6805875, 35.8952679 ], [ -78.6805462, 35.8946634 ], [ -78.6805629, 35.8945496 ], [ -78.6812429, 35.8945091 ], [ -78.6811664, 35.8939596 ], [ -78.6811372, 35.8937761 ], [ -78.6813054, 35.8937419 ], [ -78.6814415, 35.8936934 ], [ -78.6815551, 35.8936449 ], [ -78.6816889, 35.8935675 ], [ -78.6817899, 35.8934932 ], [ -78.6821404, 35.8932384 ], [ -78.6816728, 35.8928049 ], [ -78.6819055, 35.8926375 ], [ -78.6819982, 35.8919633 ], [ -78.6820006, 35.89185 ], [ -78.6818079, 35.8918405 ], [ -78.6817516, 35.890912 ], [ -78.682033, 35.8909656 ], [ -78.6820372, 35.89046 ], [ -78.6820349, 35.889681 ], [ -78.6820345, 35.8895624 ], [ -78.6814327, 35.8895702 ], [ -78.6814078, 35.8890158 ], [ -78.6822179, 35.8889948 ], [ -78.6824324, 35.8884802 ], [ -78.6823825, 35.8881543 ], [ -78.6826932, 35.8876975 ], [ -78.6827141, 35.8872601 ], [ -78.6845648, 35.887303 ], [ -78.6855012, 35.8873279 ], [ -78.6882365, 35.8874017 ], [ -78.6884843, 35.8872749 ], [ -78.6906146, 35.8861853 ], [ -78.6906344, 35.8861639 ], [ -78.690644, 35.8861363 ], [ -78.6906416, 35.8860894 ], [ -78.6903968, 35.8855384 ], [ -78.690108, 35.8847381 ], [ -78.6896952, 35.8835023 ], [ -78.689601, 35.8832574 ], [ -78.6895622, 35.8830299 ], [ -78.689576, 35.8828598 ], [ -78.6896107, 35.882691 ], [ -78.6898199, 35.8801848 ], [ -78.6900211, 35.8801795 ], [ -78.6914056, 35.8802044 ], [ -78.6913734, 35.8805254 ], [ -78.6912531, 35.8811409 ], [ -78.6911985, 35.8815998 ], [ -78.6917656, 35.8815957 ], [ -78.6917123, 35.8821427 ], [ -78.692393, 35.8821276 ], [ -78.6923248, 35.882784 ], [ -78.6927106, 35.8827919 ], [ -78.6927502, 35.8841544 ], [ -78.6927688, 35.8853734 ], [ -78.6927933, 35.8860644 ], [ -78.6921488, 35.8861399 ], [ -78.6923192, 35.8866093 ], [ -78.6926759, 35.8869974 ], [ -78.692196, 35.8876072 ], [ -78.692041, 35.887519 ], [ -78.6919969, 35.8875138 ], [ -78.691976, 35.8880597 ], [ -78.6919461, 35.8887729 ], [ -78.6918941, 35.8889319 ], [ -78.6920599, 35.8889639 ], [ -78.6918909, 35.8893136 ], [ -78.6918118, 35.8895655 ], [ -78.6918413, 35.8895837 ], [ -78.6919041, 35.8895989 ], [ -78.691899, 35.8899762 ], [ -78.6918962, 35.890182 ], [ -78.691881, 35.8913008 ], [ -78.6924206, 35.8913279 ], [ -78.6928859, 35.8913513 ], [ -78.6934455, 35.8913794 ], [ -78.6935501, 35.8914208 ], [ -78.6935056, 35.8922987 ], [ -78.6935018, 35.8923734 ], [ -78.6960887, 35.8923488 ], [ -78.6966706, 35.8923393 ], [ -78.6981016, 35.8923159 ], [ -78.6979051, 35.8921453 ], [ -78.6989847, 35.8911901 ], [ -78.6991387, 35.8910539 ], [ -78.6995013, 35.8913368 ], [ -78.6999157, 35.8909896 ], [ -78.6997276, 35.8903547 ], [ -78.6993391, 35.8899122 ], [ -78.6991607, 35.8898596 ], [ -78.69847, 35.8901161 ], [ -78.6984218, 35.8905002 ], [ -78.6983968, 35.8905191 ], [ -78.6981913, 35.8905966 ], [ -78.6981625, 35.8906222 ], [ -78.6976596, 35.8910698 ], [ -78.6978891, 35.8912727 ], [ -78.6973988, 35.8917061 ], [ -78.6971533, 35.8915184 ], [ -78.6970501, 35.8915888 ], [ -78.6966555, 35.8916992 ], [ -78.6966557, 35.8912042 ], [ -78.6965466, 35.8910053 ], [ -78.6959874, 35.8910032 ], [ -78.6959932, 35.8904332 ], [ -78.6967488, 35.8904412 ], [ -78.6972449, 35.8904465 ], [ -78.6976444, 35.890057 ], [ -78.6978453, 35.8898167 ], [ -78.6988608, 35.8898502 ], [ -78.6989128, 35.8892837 ], [ -78.70047, 35.8892898 ], [ -78.7003396, 35.8902913 ], [ -78.7009577, 35.8903446 ], [ -78.701202, 35.8907506 ], [ -78.7013071, 35.8909253 ], [ -78.701731, 35.8913203 ], [ -78.7017434, 35.8918063 ], [ -78.701753, 35.8921832 ], [ -78.700471, 35.8922082 ], [ -78.7002485, 35.8922125 ], [ -78.7006043, 35.8925371 ], [ -78.7008563, 35.8928503 ], [ -78.7009786, 35.8930225 ], [ -78.7011082, 35.8932678 ], [ -78.7012296, 35.8935567 ], [ -78.7013251, 35.8938862 ], [ -78.7013491, 35.8941425 ], [ -78.7013481, 35.8945127 ], [ -78.701342, 35.8946555 ], [ -78.7013227, 35.8949247 ], [ -78.699206, 35.8948957 ], [ -78.6992133, 35.8946129 ], [ -78.698177, 35.8945917 ], [ -78.6981386, 35.8954214 ], [ -78.697598, 35.8959715 ], [ -78.6975828, 35.896125 ], [ -78.6974349, 35.8963382 ], [ -78.6973243, 35.8965679 ], [ -78.6973043, 35.8966752 ], [ -78.6973357, 35.8968034 ], [ -78.6972425, 35.8970391 ], [ -78.6972478, 35.897129 ], [ -78.6971795, 35.8974015 ], [ -78.697216, 35.8974749 ], [ -78.6971518, 35.8975802 ], [ -78.6971156, 35.8977601 ], [ -78.6970682, 35.897781 ], [ -78.6970561, 35.8978046 ], [ -78.6971232, 35.8978686 ], [ -78.6971145, 35.8979065 ], [ -78.6970694, 35.8979392 ], [ -78.6970206, 35.8979901 ], [ -78.69704, 35.8980615 ], [ -78.6970325, 35.8981303 ], [ -78.6970439, 35.8981797 ], [ -78.6970157, 35.8982507 ], [ -78.6970036, 35.8983527 ], [ -78.6969617, 35.8984915 ], [ -78.6969996, 35.8985725 ], [ -78.6970497, 35.8986191 ], [ -78.6974604, 35.8986361 ], [ -78.698905, 35.8986961 ], [ -78.7013984, 35.8987996 ], [ -78.7027793, 35.8988382 ], [ -78.7027487, 35.8996149 ], [ -78.7026635, 35.9017755 ], [ -78.7039071, 35.9016557 ], [ -78.7041261, 35.8980044 ], [ -78.7044352, 35.8959712 ], [ -78.7066844, 35.8960297 ], [ -78.7067056, 35.8957135 ], [ -78.7068343, 35.893888 ], [ -78.7068652, 35.8933299 ], [ -78.7091503, 35.8934292 ], [ -78.7098508, 35.8934597 ], [ -78.7105947, 35.893492 ], [ -78.7105781, 35.894137 ], [ -78.7106985, 35.8942839 ], [ -78.7114078, 35.8945378 ], [ -78.7114874, 35.8945663 ], [ -78.7114854, 35.8946264 ], [ -78.7114735, 35.8949817 ], [ -78.711462, 35.8953277 ], [ -78.7120315, 35.8953538 ], [ -78.7123308, 35.8953675 ], [ -78.712334, 35.8951951 ], [ -78.7123395, 35.8949037 ], [ -78.7140811, 35.8949958 ], [ -78.7141027, 35.8933312 ], [ -78.7136076, 35.8929492 ], [ -78.713616, 35.8924057 ], [ -78.7136185, 35.8922439 ], [ -78.7136426, 35.8906908 ], [ -78.7129844, 35.8901647 ], [ -78.7119405, 35.890803 ], [ -78.7113977, 35.8913998 ], [ -78.7112759, 35.8915415 ], [ -78.7103276, 35.8907653 ], [ -78.7114999, 35.890156 ], [ -78.711665, 35.8898607 ], [ -78.711577, 35.8897012 ], [ -78.7120142, 35.8893592 ], [ -78.7119078, 35.8892183 ], [ -78.7118139, 35.8890406 ], [ -78.7117415, 35.8888559 ], [ -78.7113345, 35.8877446 ], [ -78.7124389, 35.8874118 ], [ -78.7142479, 35.8871411 ], [ -78.7142171, 35.8885409 ], [ -78.7141778, 35.8908732 ], [ -78.7158119, 35.8922074 ], [ -78.7165119, 35.8918275 ], [ -78.7169809, 35.892444 ], [ -78.7174053, 35.8924532 ], [ -78.7200044, 35.8925006 ], [ -78.720501, 35.8925097 ], [ -78.7252775, 35.8926852 ], [ -78.7270522, 35.89273 ], [ -78.727091, 35.891868 ], [ -78.727123, 35.891391 ], [ -78.727185, 35.890329 ], [ -78.7272095, 35.8898684 ], [ -78.727263, 35.8889744 ], [ -78.7271524, 35.8889876 ], [ -78.7257062, 35.8891608 ], [ -78.7225798, 35.8894132 ], [ -78.7217534, 35.8895004 ], [ -78.7217777, 35.8869779 ], [ -78.7217794, 35.8867967 ], [ -78.7217938, 35.8860439 ], [ -78.7185624, 35.8859453 ], [ -78.718638, 35.884218 ], [ -78.7186875, 35.8830854 ], [ -78.718711, 35.8825484 ], [ -78.7191229, 35.8825571 ], [ -78.7191143, 35.8814748 ], [ -78.7191873, 35.8798205 ], [ -78.7191994, 35.8795455 ], [ -78.7184705, 35.8795234 ], [ -78.7183203, 35.8792917 ], [ -78.7180431, 35.8792736 ], [ -78.7171669, 35.8792163 ], [ -78.7172101, 35.8779324 ], [ -78.7174396, 35.8780149 ], [ -78.7179127, 35.8781356 ], [ -78.7180476, 35.8781576 ], [ -78.7181257, 35.8781299 ], [ -78.7181889, 35.8780625 ], [ -78.7182307, 35.8779676 ], [ -78.7182879, 35.8779161 ], [ -78.7183358, 35.8778958 ], [ -78.7183685, 35.8778899 ], [ -78.7184011, 35.8778758 ], [ -78.7184539, 35.8778339 ], [ -78.7184445, 35.8778942 ], [ -78.7184518, 35.8779669 ], [ -78.7184817, 35.8779923 ], [ -78.71849, 35.8780381 ], [ -78.718482, 35.8780773 ], [ -78.7184416, 35.8781078 ], [ -78.718373, 35.8781432 ], [ -78.7183049, 35.8781765 ], [ -78.718262, 35.8782449 ], [ -78.7182575, 35.8783028 ], [ -78.7182647, 35.8784251 ], [ -78.7183044, 35.878542 ], [ -78.7184531, 35.8787837 ], [ -78.7186283, 35.8789539 ], [ -78.7187775, 35.8790677 ], [ -78.7188797, 35.8791528 ], [ -78.7190378, 35.8792365 ], [ -78.7192049, 35.8793042 ], [ -78.7192198, 35.8772017 ], [ -78.7255694, 35.8772421 ], [ -78.7255655, 35.8781983 ], [ -78.7271711, 35.8782171 ], [ -78.7271866, 35.878323 ], [ -78.7272028, 35.8784331 ], [ -78.7272426, 35.8786107 ], [ -78.7272753, 35.8787326 ], [ -78.7273037, 35.8788562 ], [ -78.7273545, 35.8791073 ], [ -78.7275936, 35.8801047 ], [ -78.7273419, 35.8800941 ], [ -78.7264134, 35.8800773 ], [ -78.7263264, 35.8795803 ], [ -78.7247721, 35.8795534 ], [ -78.7247291, 35.8813013 ], [ -78.7245021, 35.8812934 ], [ -78.724526, 35.8808473 ], [ -78.7239159, 35.880519 ], [ -78.7232332, 35.8805008 ], [ -78.7236063, 35.8810251 ], [ -78.7235878, 35.8812724 ], [ -78.7241517, 35.8812872 ], [ -78.7241465, 35.8814975 ], [ -78.7228635, 35.8814509 ], [ -78.7228337, 35.8826737 ], [ -78.7228029, 35.8839393 ], [ -78.7226956, 35.8855908 ], [ -78.724783, 35.8856321 ], [ -78.7249533, 35.8859261 ], [ -78.725652, 35.8858531 ], [ -78.726831, 35.8857299 ], [ -78.7271648, 35.8856968 ], [ -78.7272748, 35.8859574 ], [ -78.7257725, 35.886087 ], [ -78.7261942, 35.8870813 ], [ -78.7273452, 35.88692 ], [ -78.7275684, 35.8868916 ], [ -78.7275923, 35.887042 ], [ -78.7276006, 35.8871853 ], [ -78.7276001, 35.887421 ], [ -78.7276096, 35.887737 ], [ -78.7275746, 35.8883607 ], [ -78.731928, 35.8885151 ], [ -78.7319274, 35.8886164 ], [ -78.7319258, 35.8889037 ], [ -78.7319203, 35.8898725 ], [ -78.7323135, 35.8898761 ], [ -78.7323414, 35.8918574 ], [ -78.7340754, 35.8918417 ], [ -78.7359934, 35.8918244 ], [ -78.7386238, 35.8918167 ], [ -78.7386241, 35.8916824 ], [ -78.7408419, 35.891545 ], [ -78.7407092, 35.8925221 ], [ -78.7406972, 35.8925953 ], [ -78.7406886, 35.8926112 ], [ -78.7406769, 35.8926224 ], [ -78.7406533, 35.8926367 ], [ -78.740638, 35.8926415 ], [ -78.7406162, 35.892644 ], [ -78.7404794, 35.8926422 ], [ -78.7396845, 35.8926351 ], [ -78.7395807, 35.892638 ], [ -78.7394612, 35.8926524 ], [ -78.7393355, 35.8926764 ], [ -78.7392267, 35.8927056 ], [ -78.7390985, 35.8927521 ], [ -78.7390051, 35.8928032 ], [ -78.7381648, 35.8927976 ], [ -78.7378231, 35.8931517 ], [ -78.7376706, 35.8932427 ], [ -78.7374162, 35.8933666 ], [ -78.7334634, 35.8947132 ], [ -78.7327821, 35.8952222 ], [ -78.7327866, 35.8956112 ], [ -78.7325848, 35.8960599 ], [ -78.7320782, 35.8967569 ], [ -78.7321031, 35.894092 ], [ -78.7320512, 35.8921263 ], [ -78.7306142, 35.8921539 ], [ -78.7306492, 35.8933452 ], [ -78.7299382, 35.8933043 ], [ -78.7298973, 35.8940877 ], [ -78.7305095, 35.8940951 ], [ -78.7305169, 35.8967684 ], [ -78.7272661, 35.8967337 ], [ -78.7270856, 35.8967347 ], [ -78.7271046, 35.8963777 ], [ -78.7261077, 35.8963345 ], [ -78.7261356, 35.8954997 ], [ -78.7246856, 35.8954699 ], [ -78.7246713, 35.8957942 ], [ -78.7244303, 35.8959927 ], [ -78.7244155, 35.8960964 ], [ -78.7243045, 35.8960939 ], [ -78.7240052, 35.8958693 ], [ -78.7240234, 35.895455 ], [ -78.723962, 35.8948843 ], [ -78.7230369, 35.8948607 ], [ -78.7230077, 35.8954363 ], [ -78.7228564, 35.8954404 ], [ -78.7222747, 35.8960921 ], [ -78.7227871, 35.8963736 ], [ -78.7233053, 35.8966663 ], [ -78.7235155, 35.8967929 ], [ -78.7238169, 35.8969871 ], [ -78.7238581, 35.8970227 ], [ -78.723927, 35.897083 ], [ -78.7240319, 35.8971941 ], [ -78.7243566, 35.897581 ], [ -78.7246535, 35.8979805 ], [ -78.7247003, 35.8980542 ], [ -78.7248843, 35.8983435 ], [ -78.7249947, 35.8985609 ], [ -78.7251802, 35.898986 ], [ -78.7263445, 35.9023385 ], [ -78.7261119, 35.9023903 ], [ -78.7246957, 35.9032506 ], [ -78.7239613, 35.9032519 ], [ -78.7239407, 35.9054927 ], [ -78.7264933, 35.9055027 ], [ -78.7267194, 35.9055026 ], [ -78.7266337, 35.9057279 ], [ -78.7263249, 35.90647 ], [ -78.7262828, 35.9066142 ], [ -78.7262283, 35.9068504 ], [ -78.7262463, 35.9068936 ], [ -78.7262129, 35.9071923 ], [ -78.7254204, 35.9068212 ], [ -78.7252355, 35.9070848 ], [ -78.7251621, 35.9070495 ], [ -78.7247333, 35.9077706 ], [ -78.7246479, 35.9081162 ], [ -78.7246363, 35.9089194 ], [ -78.7246533, 35.9092063 ], [ -78.7247876, 35.9093847 ], [ -78.7250487, 35.9095553 ], [ -78.725488, 35.9097518 ], [ -78.7259473, 35.90989 ], [ -78.7264217, 35.9099502 ], [ -78.7267742, 35.909954 ], [ -78.7269425, 35.9099171 ], [ -78.7271076, 35.9098188 ], [ -78.7273486, 35.9097888 ], [ -78.7276304, 35.9097937 ], [ -78.7277456, 35.9097681 ], [ -78.7278564, 35.9097078 ], [ -78.7278576, 35.9095236 ], [ -78.7300515, 35.9096014 ], [ -78.7309604, 35.9082825 ], [ -78.7313984, 35.9083888 ], [ -78.7321785, 35.9085248 ], [ -78.7340863, 35.908851 ], [ -78.7342477, 35.9088756 ], [ -78.7342193, 35.9090034 ], [ -78.7342334, 35.9091726 ], [ -78.734304, 35.9095218 ], [ -78.7345203, 35.9106401 ], [ -78.7336495, 35.9107303 ], [ -78.7325615, 35.9109858 ], [ -78.7316003, 35.9113421 ], [ -78.7310054, 35.9116786 ], [ -78.7304619, 35.912029 ], [ -78.7290173, 35.9125511 ], [ -78.7289223, 35.9130338 ], [ -78.7288933, 35.9135381 ], [ -78.7289126, 35.9140948 ], [ -78.7291143, 35.9147286 ], [ -78.7293632, 35.9153289 ], [ -78.7296207, 35.9161124 ], [ -78.7321772, 35.9128418 ], [ -78.7348618, 35.914114 ], [ -78.7348501, 35.9152708 ], [ -78.7348261, 35.9176391 ], [ -78.7304104, 35.9176475 ], [ -78.7305215, 35.9178851 ], [ -78.7306736, 35.9181274 ], [ -78.7307891, 35.9182788 ], [ -78.7309136, 35.9184164 ], [ -78.7310529, 35.9185407 ], [ -78.7312473, 35.9186743 ], [ -78.7314507, 35.9187945 ], [ -78.7317348, 35.9189611 ], [ -78.7319469, 35.9190637 ], [ -78.7321025, 35.9191391 ], [ -78.7322751, 35.9192025 ], [ -78.7324244, 35.9192437 ], [ -78.7326742, 35.919296 ], [ -78.7328007, 35.9193137 ], [ -78.7331039, 35.9193452 ], [ -78.7334389, 35.9193695 ], [ -78.7338913, 35.9193955 ], [ -78.7341829, 35.919394 ], [ -78.7347994, 35.9193894 ], [ -78.7349917, 35.9193868 ], [ -78.7350224, 35.9193845 ], [ -78.7350423, 35.91938 ], [ -78.7350549, 35.9193697 ], [ -78.7353193, 35.9193775 ], [ -78.7353284, 35.9193922 ], [ -78.7353477, 35.919409 ], [ -78.7353733, 35.919417 ], [ -78.7368055, 35.919398 ], [ -78.7370852, 35.9194009 ], [ -78.7372928, 35.9194045 ], [ -78.7374662, 35.9194189 ], [ -78.7377202, 35.9194554 ], [ -78.7378705, 35.9194855 ], [ -78.7382157, 35.9195681 ], [ -78.7384572, 35.9196068 ], [ -78.7386924, 35.9196658 ], [ -78.7388475, 35.9197273 ], [ -78.7393728, 35.9198879 ], [ -78.7398122, 35.9200112 ], [ -78.7400182, 35.9200728 ], [ -78.7402178, 35.9201379 ], [ -78.7406147, 35.9202746 ], [ -78.7409336, 35.9203544 ], [ -78.7409773, 35.9203692 ], [ -78.7410007, 35.9203737 ], [ -78.7410516, 35.920385 ], [ -78.7412759, 35.9204853 ], [ -78.7412779, 35.9205046 ], [ -78.7412846, 35.9205195 ], [ -78.7412931, 35.9205331 ], [ -78.7413037, 35.920545 ], [ -78.7411412, 35.9208052 ], [ -78.7411098, 35.9208511 ], [ -78.7410869, 35.9209104 ], [ -78.7410669, 35.9209731 ], [ -78.7410508, 35.9210453 ], [ -78.7410417, 35.921148 ], [ -78.7410375, 35.9212804 ], [ -78.7410045, 35.9216939 ], [ -78.7409695, 35.9218659 ], [ -78.7408875, 35.9220815 ], [ -78.740675, 35.9226002 ], [ -78.7405595, 35.9228715 ], [ -78.7405153, 35.9228696 ], [ -78.7403417, 35.9232666 ], [ -78.7402581, 35.9234897 ], [ -78.7401368, 35.9238397 ], [ -78.740046, 35.9241841 ], [ -78.7399266, 35.9246812 ], [ -78.7397287, 35.925706 ], [ -78.739531, 35.9267646 ], [ -78.7394891, 35.9270798 ], [ -78.7394829, 35.9272126 ], [ -78.7394873, 35.9273449 ], [ -78.739501, 35.9274746 ], [ -78.7395317, 35.9276033 ], [ -78.7395838, 35.9277597 ], [ -78.7396704, 35.9279719 ], [ -78.7397349, 35.9281253 ], [ -78.7398305, 35.9283578 ], [ -78.7399956, 35.9287762 ], [ -78.7401485, 35.9291745 ], [ -78.7403044, 35.9295781 ], [ -78.7404448, 35.92994 ], [ -78.7406093, 35.9303686 ], [ -78.7407692, 35.9307763 ], [ -78.7408572, 35.9309803 ], [ -78.7410325, 35.9313581 ], [ -78.7413921, 35.9321216 ], [ -78.7415832, 35.9325208 ], [ -78.7418132, 35.9330158 ], [ -78.741936, 35.9332757 ], [ -78.7421288, 35.9336835 ], [ -78.742281, 35.9339105 ], [ -78.7423505, 35.9340671 ], [ -78.7423993, 35.9342004 ], [ -78.7424439, 35.9343921 ], [ -78.7424603, 35.9345002 ], [ -78.7424733, 35.9346413 ], [ -78.7424669, 35.9347877 ], [ -78.7424465, 35.9349299 ], [ -78.7424075, 35.9351058 ], [ -78.7423215, 35.9354031 ], [ -78.7422388, 35.9356752 ], [ -78.7421813, 35.935875 ], [ -78.7421386, 35.9360785 ], [ -78.7421112, 35.9362728 ], [ -78.7421024, 35.9363969 ], [ -78.7421004, 35.9365167 ], [ -78.7421041, 35.9365329 ], [ -78.7421131, 35.936546 ], [ -78.7421262, 35.9365565 ], [ -78.742145, 35.9365648 ], [ -78.742166, 35.9365679 ], [ -78.7421837, 35.9365656 ], [ -78.7422392, 35.936551 ], [ -78.7425619, 35.9364666 ], [ -78.7428797, 35.9363939 ], [ -78.7432254, 35.9363284 ], [ -78.7435703, 35.93627 ], [ -78.7440706, 35.9361815 ], [ -78.7445218, 35.9360983 ], [ -78.7448963, 35.9360202 ], [ -78.7451778, 35.9359511 ], [ -78.7453998, 35.9358874 ], [ -78.7455563, 35.9358405 ], [ -78.7457094, 35.9356343 ], [ -78.7456445, 35.9355783 ], [ -78.7463279, 35.9350354 ], [ -78.7466108, 35.9348093 ], [ -78.7469372, 35.9352508 ], [ -78.7481184, 35.9347112 ], [ -78.7484682, 35.9345853 ], [ -78.7488412, 35.9336459 ], [ -78.7490602, 35.9332951 ], [ -78.7491202, 35.9332835 ], [ -78.7491909, 35.9332557 ], [ -78.7492584, 35.933218 ], [ -78.7492942, 35.9332177 ], [ -78.749365, 35.9332389 ], [ -78.7494289, 35.9332073 ], [ -78.7495226, 35.933126 ], [ -78.7496275, 35.9331118 ], [ -78.7500558, 35.9327824 ], [ -78.7503143, 35.9326431 ], [ -78.7505371, 35.9324828 ], [ -78.7506596, 35.9323702 ], [ -78.7508899, 35.9322 ], [ -78.7510643, 35.9320273 ], [ -78.7512009, 35.931296 ], [ -78.7514746, 35.9308095 ], [ -78.7517048, 35.9308121 ], [ -78.7516809, 35.9329429 ], [ -78.7537483, 35.9328498 ], [ -78.7536491, 35.9338358 ], [ -78.7539179, 35.9337763 ], [ -78.7553843, 35.9335605 ], [ -78.7554503, 35.9319674 ], [ -78.7564064, 35.9310829 ], [ -78.7566737, 35.9310458 ], [ -78.7571151, 35.9305641 ], [ -78.757666, 35.9299941 ], [ -78.758538, 35.9290918 ], [ -78.7598445, 35.9276015 ], [ -78.7598928, 35.9275463 ], [ -78.760132, 35.927273 ], [ -78.7604603, 35.9268475 ], [ -78.7607495, 35.9264811 ], [ -78.7603844, 35.9263364 ], [ -78.7608608, 35.9257412 ], [ -78.760285, 35.9254108 ], [ -78.7601264, 35.9253041 ], [ -78.759922, 35.9251285 ], [ -78.7597932, 35.9249604 ], [ -78.7596562, 35.9247438 ], [ -78.7594228, 35.9243144 ], [ -78.757778, 35.9243186 ], [ -78.756757, 35.9237749 ], [ -78.7567286, 35.9237689 ], [ -78.7567384, 35.9237138 ], [ -78.7567297, 35.9236282 ], [ -78.7567521, 35.923571 ], [ -78.7568207, 35.9235042 ], [ -78.7569378, 35.9234394 ], [ -78.756983, 35.92329 ], [ -78.757005, 35.923253 ], [ -78.757016, 35.923234 ], [ -78.757037, 35.923197 ], [ -78.757097, 35.923063 ], [ -78.7571756, 35.9229592 ], [ -78.7572429, 35.9229 ], [ -78.7573308, 35.9227737 ], [ -78.757372, 35.9227189 ], [ -78.7574414, 35.9226119 ], [ -78.757532, 35.9225237 ], [ -78.7576582, 35.9224226 ], [ -78.7577403, 35.9222316 ], [ -78.7578417, 35.922122 ], [ -78.7579416, 35.9220387 ], [ -78.7580361, 35.9219609 ], [ -78.7580216, 35.9218785 ], [ -78.7580059, 35.9218242 ], [ -78.7578973, 35.9213859 ], [ -78.7577554, 35.9208429 ], [ -78.7576745, 35.9206686 ], [ -78.7575582, 35.9204564 ], [ -78.7556517, 35.9204197 ], [ -78.7555142, 35.9245834 ], [ -78.7549361, 35.9245979 ], [ -78.753828, 35.9245645 ], [ -78.7538535, 35.9241066 ], [ -78.7504411, 35.9239935 ], [ -78.7497288, 35.923971 ], [ -78.749805, 35.921512 ], [ -78.74984, 35.920529 ], [ -78.74985, 35.9202246 ], [ -78.7522123, 35.9203162 ], [ -78.7522738, 35.9191259 ], [ -78.7528314, 35.9191191 ], [ -78.7527521, 35.9190794 ], [ -78.7527031, 35.9189528 ], [ -78.7526953, 35.9187992 ], [ -78.7526937, 35.9186403 ], [ -78.7527786, 35.9184017 ], [ -78.752841, 35.9181163 ], [ -78.7528381, 35.9178167 ], [ -78.7527545, 35.917469 ], [ -78.752614, 35.917132 ], [ -78.7525781, 35.9169254 ], [ -78.7525892, 35.9166922 ], [ -78.7526681, 35.9164384 ], [ -78.7527753, 35.9162408 ], [ -78.7547956, 35.9157031 ], [ -78.7565222, 35.9171063 ], [ -78.7570707, 35.9175399 ], [ -78.7576903, 35.917364 ], [ -78.7576356, 35.9172348 ], [ -78.7603136, 35.9173772 ], [ -78.760306, 35.9176505 ], [ -78.761737, 35.917664 ], [ -78.761854, 35.917795 ], [ -78.761905, 35.917751 ], [ -78.7628734, 35.9191591 ], [ -78.7642348, 35.9194328 ], [ -78.764408, 35.9194664 ], [ -78.764684, 35.918452 ], [ -78.765066, 35.917071 ], [ -78.765296, 35.916216 ], [ -78.765354, 35.916006 ], [ -78.765416, 35.9158079 ], [ -78.7654891, 35.9156128 ], [ -78.765603, 35.915375 ], [ -78.7663872, 35.9138595 ], [ -78.767289, 35.912017 ], [ -78.7673717, 35.9118657 ], [ -78.767567, 35.9117854 ], [ -78.7676081, 35.9117101 ], [ -78.7678785, 35.9120733 ], [ -78.7681284, 35.9124101 ], [ -78.7687433, 35.9126281 ], [ -78.7687456, 35.9129223 ], [ -78.7682672, 35.9137084 ], [ -78.768263, 35.913861 ], [ -78.7682146, 35.915597 ], [ -78.7722432, 35.9157434 ], [ -78.772153, 35.917307 ], [ -78.7720789, 35.9189172 ], [ -78.7720514, 35.9194705 ], [ -78.772031, 35.9198674 ], [ -78.7719692, 35.920997 ], [ -78.7719961, 35.9214263 ], [ -78.7719464, 35.9219877 ], [ -78.7730847, 35.921919 ], [ -78.774174, 35.921847 ], [ -78.7753775, 35.9217772 ], [ -78.7753617, 35.9216837 ], [ -78.7753805, 35.9213549 ], [ -78.7764843, 35.9213953 ], [ -78.7779721, 35.9214495 ], [ -78.7782308, 35.9214587 ], [ -78.7801103, 35.9215273 ], [ -78.7801078, 35.9206841 ], [ -78.7807396, 35.9206881 ], [ -78.7809495, 35.9206897 ], [ -78.7809805, 35.9206899 ], [ -78.7833989, 35.920704 ], [ -78.7836339, 35.9207054 ], [ -78.7841214, 35.9207082 ], [ -78.7841607, 35.9207108 ], [ -78.7849701, 35.9207648 ], [ -78.7849751, 35.9205387 ], [ -78.7849779, 35.9204154 ], [ -78.7850137, 35.9188826 ], [ -78.785025, 35.9185111 ], [ -78.7851238, 35.9184981 ], [ -78.786155, 35.9184667 ], [ -78.7867923, 35.9184481 ], [ -78.786818, 35.917455 ], [ -78.7868518, 35.9164849 ], [ -78.786405, 35.9164905 ], [ -78.786252, 35.916247 ], [ -78.78621, 35.91618 ], [ -78.7858271, 35.9155697 ], [ -78.785857, 35.9155406 ], [ -78.7862204, 35.9151956 ], [ -78.7869424, 35.9156522 ], [ -78.7879698, 35.916351 ], [ -78.7890428, 35.9171032 ], [ -78.789845, 35.9176913 ], [ -78.7905794, 35.9182297 ], [ -78.7938866, 35.9206484 ], [ -78.7941852, 35.9208655 ], [ -78.7952542, 35.9216426 ], [ -78.7972748, 35.9231115 ], [ -78.798357, 35.923906 ], [ -78.7991283, 35.9244714 ], [ -78.801084, 35.9245195 ], [ -78.8010188, 35.9258555 ], [ -78.8014299, 35.9261525 ], [ -78.8015977, 35.9259298 ], [ -78.8021365, 35.9259436 ], [ -78.8022358, 35.9261976 ], [ -78.8023765, 35.9257298 ], [ -78.8024383, 35.924061 ], [ -78.8024813, 35.9228445 ], [ -78.8011765, 35.9227803 ], [ -78.8012096, 35.922061 ], [ -78.8039963, 35.9221595 ], [ -78.8039766, 35.9229113 ], [ -78.8043346, 35.9229206 ], [ -78.8051131, 35.9217751 ], [ -78.8048974, 35.9215514 ], [ -78.8045868, 35.9212097 ], [ -78.8043184, 35.9208569 ], [ -78.8041898, 35.9206042 ], [ -78.8041189, 35.9204041 ], [ -78.8040605, 35.9201631 ], [ -78.804046, 35.9199781 ], [ -78.8040436, 35.9196518 ], [ -78.804068, 35.9192834 ], [ -78.8040725, 35.9190829 ], [ -78.8048476, 35.9186801 ], [ -78.8054461, 35.9186928 ], [ -78.8058335, 35.9187182 ], [ -78.8065555, 35.9187897 ], [ -78.8070766, 35.9188489 ], [ -78.8079442, 35.9164428 ], [ -78.8093463, 35.9164303 ], [ -78.8093479, 35.9158391 ], [ -78.8093374, 35.9135511 ], [ -78.809956, 35.9136585 ], [ -78.8129863, 35.9141848 ], [ -78.8154912, 35.9146052 ], [ -78.8157531, 35.9143038 ], [ -78.8159755, 35.9139577 ], [ -78.8160798, 35.9136756 ], [ -78.8161512, 35.913234 ], [ -78.8163426, 35.9120748 ], [ -78.8163783, 35.9117515 ], [ -78.8164646, 35.9112402 ], [ -78.81651, 35.9109484 ], [ -78.8165598, 35.9106584 ], [ -78.816633, 35.9102253 ], [ -78.8167013, 35.909744 ], [ -78.816727, 35.9094405 ], [ -78.8167486, 35.9090568 ], [ -78.816745, 35.9088677 ], [ -78.8166498, 35.9087771 ], [ -78.8164371, 35.9085893 ], [ -78.8162774, 35.9084455 ], [ -78.8160671, 35.908259 ], [ -78.8155162, 35.9077674 ], [ -78.8150698, 35.907364 ], [ -78.8149451, 35.9072596 ], [ -78.8146589, 35.9073356 ], [ -78.8148664, 35.9075356 ], [ -78.81422, 35.9077004 ], [ -78.8137491, 35.9078198 ], [ -78.8136817, 35.9077628 ], [ -78.8134288, 35.9076255 ], [ -78.813138, 35.907442 ], [ -78.812965, 35.907344 ], [ -78.8127405, 35.9072228 ], [ -78.8126914, 35.9071981 ], [ -78.8123031, 35.907114 ], [ -78.8122216, 35.9071183 ], [ -78.8120686, 35.9071276 ], [ -78.8121932, 35.9070752 ], [ -78.8134233, 35.9065612 ], [ -78.8140459, 35.9063006 ], [ -78.8135352, 35.9054745 ], [ -78.8131237, 35.9047692 ], [ -78.8128831, 35.9043943 ], [ -78.8130063, 35.9042367 ], [ -78.8134597, 35.9041236 ], [ -78.8130514, 35.9033765 ], [ -78.8149906, 35.9035125 ], [ -78.8178187, 35.9036191 ], [ -78.8178802, 35.9034597 ], [ -78.8179097, 35.9033416 ], [ -78.8179277, 35.9031924 ], [ -78.8178698, 35.9020954 ], [ -78.8154691, 35.9020499 ], [ -78.8154291, 35.9020493 ], [ -78.8152792, 35.9019996 ], [ -78.8152123, 35.9009686 ], [ -78.8159801, 35.9009766 ], [ -78.8178189, 35.9009914 ], [ -78.8178637, 35.9006714 ], [ -78.8179343, 35.9004569 ], [ -78.8180368, 35.900149 ], [ -78.8179853, 35.900144 ], [ -78.8181988, 35.8995292 ], [ -78.8183302, 35.8991419 ], [ -78.8183496, 35.8991489 ], [ -78.8183839, 35.8991423 ], [ -78.818559, 35.8986407 ], [ -78.8172912, 35.89839 ], [ -78.8173679, 35.898102 ], [ -78.8179349, 35.8980126 ], [ -78.8179956, 35.8976356 ], [ -78.8181768, 35.8973831 ], [ -78.818248, 35.8971065 ], [ -78.8189744, 35.8972414 ] ], [ [ -78.808262, 35.900044 ], [ -78.808144, 35.900021 ], [ -78.807189, 35.899847 ], [ -78.806523, 35.899726 ], [ -78.80471, 35.899396 ], [ -78.804718, 35.899006 ], [ -78.80472, 35.898956 ], [ -78.804731, 35.898036 ], [ -78.805054, 35.898164 ], [ -78.806025, 35.898551 ], [ -78.806349, 35.898681 ], [ -78.806465, 35.898626 ], [ -78.806814, 35.898462 ], [ -78.806931, 35.898408 ], [ -78.806947, 35.898401 ], [ -78.806998, 35.898382 ], [ -78.807015, 35.898376 ], [ -78.807065, 35.898429 ], [ -78.807203, 35.898575 ], [ -78.807474, 35.898873 ], [ -78.807745, 35.899191 ], [ -78.807757, 35.899205 ], [ -78.807879, 35.89933 ], [ -78.807924, 35.899398 ], [ -78.808002, 35.899548 ], [ -78.808238, 35.9 ], [ -78.808262, 35.900044 ] ], [ [ -78.7753148, 35.9083827 ], [ -78.7743589, 35.9093084 ], [ -78.7741512, 35.9092863 ], [ -78.7740158, 35.9094166 ], [ -78.7736279, 35.9094483 ], [ -78.7727917, 35.9102944 ], [ -78.7725877, 35.9101633 ], [ -78.7723181, 35.9104444 ], [ -78.7722468, 35.91036 ], [ -78.7720694, 35.9103093 ], [ -78.7719218, 35.9103724 ], [ -78.7718746, 35.9104934 ], [ -78.771974, 35.9106231 ], [ -78.7719551, 35.911103 ], [ -78.771757, 35.9113823 ], [ -78.7708753, 35.9113561 ], [ -78.7703386, 35.9108835 ], [ -78.7700613, 35.9106354 ], [ -78.7704748, 35.910011 ], [ -78.7709773, 35.909642 ], [ -78.7710241, 35.9087401 ], [ -78.7710735, 35.9078488 ], [ -78.7711447, 35.9065647 ], [ -78.7715882, 35.9066154 ], [ -78.7719108, 35.9066905 ], [ -78.7723347, 35.906829 ], [ -78.7728068, 35.9069991 ], [ -78.7731329, 35.9071176 ], [ -78.7734366, 35.9072907 ], [ -78.7736555, 35.9072986 ], [ -78.7751662, 35.9082592 ], [ -78.7753061, 35.9083462 ], [ -78.7753148, 35.9083827 ] ], [ [ -78.7523034, 35.9173261 ], [ -78.7522421, 35.9185184 ], [ -78.7514884, 35.9184923 ], [ -78.75149, 35.9183384 ], [ -78.7509796, 35.9183321 ], [ -78.7511932, 35.9180339 ], [ -78.7513581, 35.917667 ], [ -78.7514091, 35.917232 ], [ -78.7523034, 35.9173261 ] ], [ [ -78.7511533, 35.917815 ], [ -78.7508587, 35.9183079 ], [ -78.7507647, 35.918978 ], [ -78.7501883, 35.9189271 ], [ -78.7503689, 35.9175762 ], [ -78.7511533, 35.917815 ] ], [ [ -78.750214, 35.8753146 ], [ -78.7501638, 35.8767103 ], [ -78.7500912, 35.878728 ], [ -78.7500323, 35.8803213 ], [ -78.7478355, 35.8802646 ], [ -78.7478384, 35.8801914 ], [ -78.7478444, 35.8800387 ], [ -78.7478514, 35.8798614 ], [ -78.7478602, 35.8796377 ], [ -78.7478625, 35.8795793 ], [ -78.7478803, 35.8791279 ], [ -78.7478875, 35.8789449 ], [ -78.7478938, 35.8787833 ], [ -78.7478985, 35.8786645 ], [ -78.7479194, 35.878133 ], [ -78.7479354, 35.8777281 ], [ -78.7479391, 35.8776338 ], [ -78.7479497, 35.8773648 ], [ -78.7472482, 35.8773423 ], [ -78.7472398, 35.8779242 ], [ -78.7468714, 35.877913 ], [ -78.7468641, 35.8782981 ], [ -78.7468626, 35.8783796 ], [ -78.746861, 35.8784621 ], [ -78.7468475, 35.8791761 ], [ -78.7465895, 35.8791691 ], [ -78.7457923, 35.8791473 ], [ -78.7457896, 35.8793215 ], [ -78.7457776, 35.8801084 ], [ -78.7450187, 35.8800852 ], [ -78.744757, 35.8796937 ], [ -78.7441717, 35.8797489 ], [ -78.7441298, 35.8796002 ], [ -78.7437195, 35.8795802 ], [ -78.7437171, 35.8795983 ], [ -78.743203, 35.8795726 ], [ -78.7434322, 35.8790588 ], [ -78.7436838, 35.8784163 ], [ -78.7437311, 35.878267 ], [ -78.7437922, 35.8780637 ], [ -78.7438464, 35.8778448 ], [ -78.743889, 35.8776459 ], [ -78.7439308, 35.8774426 ], [ -78.7437032, 35.8774602 ], [ -78.7430249, 35.8773517 ], [ -78.7431232, 35.8768077 ], [ -78.7430234, 35.8767932 ], [ -78.7430968, 35.8761658 ], [ -78.7423797, 35.8760267 ], [ -78.7423236, 35.8760117 ], [ -78.7422554, 35.8759934 ], [ -78.741809, 35.8758313 ], [ -78.7419079, 35.8756291 ], [ -78.7418258, 35.8750787 ], [ -78.7423144, 35.8750813 ], [ -78.7425867, 35.8728753 ], [ -78.7373705, 35.8727971 ], [ -78.7373054, 35.8750234 ], [ -78.7365226, 35.8750153 ], [ -78.7361501, 35.875004 ], [ -78.7361361, 35.8751364 ], [ -78.7336179, 35.8750678 ], [ -78.733509, 35.8750858 ], [ -78.733538, 35.8750142 ], [ -78.7314064, 35.8746832 ], [ -78.7311267, 35.8747127 ], [ -78.7306554, 35.8743215 ], [ -78.7299223, 35.8749083 ], [ -78.7294484, 35.8745179 ], [ -78.7294117, 35.8726801 ], [ -78.729421, 35.8726381 ], [ -78.7293798, 35.8707964 ], [ -78.7286333, 35.8708039 ], [ -78.7286181, 35.8695707 ], [ -78.7292022, 35.8695647 ], [ -78.7292007, 35.8694304 ], [ -78.7293248, 35.869428 ], [ -78.7293189, 35.8690226 ], [ -78.729301, 35.8678027 ], [ -78.729278, 35.8661636 ], [ -78.7292728, 35.8658215 ], [ -78.729969, 35.8651669 ], [ -78.729888, 35.8644702 ], [ -78.7298858, 35.8643582 ], [ -78.7295098, 35.8643082 ], [ -78.7295091, 35.8642263 ], [ -78.7293783, 35.8641408 ], [ -78.7292103, 35.8639926 ], [ -78.7284672, 35.863488 ], [ -78.7284204, 35.863438 ], [ -78.7284115, 35.8633808 ], [ -78.7283669, 35.863382 ], [ -78.7283387, 35.8633772 ], [ -78.728309, 35.8633669 ], [ -78.7282792, 35.8633477 ], [ -78.7282347, 35.8633163 ], [ -78.7282005, 35.8632995 ], [ -78.7281759, 35.863288 ], [ -78.728144, 35.8632652 ], [ -78.7281016, 35.8632266 ], [ -78.7280444, 35.8631808 ], [ -78.7280065, 35.8631562 ], [ -78.7279813, 35.8631431 ], [ -78.7279593, 35.8631369 ], [ -78.7279261, 35.8631324 ], [ -78.7279, 35.863125 ], [ -78.7278713, 35.8631131 ], [ -78.7278285, 35.8630986 ], [ -78.7278015, 35.863083 ], [ -78.7277883, 35.8630792 ], [ -78.7277452, 35.8630754 ], [ -78.7277259, 35.8630784 ], [ -78.7276901, 35.8630951 ], [ -78.7276306, 35.8631108 ], [ -78.7275886, 35.8631169 ], [ -78.727576, 35.8631172 ], [ -78.7275631, 35.8631127 ], [ -78.7275514, 35.8631027 ], [ -78.7275367, 35.8630832 ], [ -78.7275153, 35.8630592 ], [ -78.7275042, 35.8630402 ], [ -78.7274857, 35.8630012 ], [ -78.7274614, 35.8629637 ], [ -78.7274455, 35.8629275 ], [ -78.7274388, 35.8629187 ], [ -78.72743, 35.8629114 ], [ -78.7274139, 35.8629076 ], [ -78.7273895, 35.8629064 ], [ -78.7273763, 35.8629073 ], [ -78.7273564, 35.8629111 ], [ -78.7273449, 35.8629123 ], [ -78.7273288, 35.8629114 ], [ -78.7273098, 35.8629031 ], [ -78.7272819, 35.8628831 ], [ -78.7272637, 35.8628707 ], [ -78.7272414, 35.8628517 ], [ -78.7272233, 35.8628417 ], [ -78.7272039, 35.8628353 ], [ -78.7271757, 35.8628287 ], [ -78.7271496, 35.8628244 ], [ -78.7271156, 35.8628185 ], [ -78.7271027, 35.8628144 ], [ -78.727081, 35.8628054 ], [ -78.7270672, 35.8627952 ], [ -78.7270535, 35.8627826 ], [ -78.7270362, 35.8627586 ], [ -78.7270274, 35.8627505 ], [ -78.727015, 35.8627429 ], [ -78.7270033, 35.8627424 ], [ -78.726986, 35.8627436 ], [ -78.7269655, 35.8627462 ], [ -78.7268646, 35.86277 ], [ -78.7268385, 35.8627826 ], [ -78.7268107, 35.8628006 ], [ -78.726789, 35.8628049 ], [ -78.7267415, 35.8628059 ], [ -78.7267086, 35.8627999 ], [ -78.726669, 35.8627895 ], [ -78.7266145, 35.8627724 ], [ -78.726555, 35.8627505 ], [ -78.7265042, 35.8627177 ], [ -78.7264984, 35.8627089 ], [ -78.7264781, 35.862635 ], [ -78.7264667, 35.8626131 ], [ -78.7264523, 35.8625967 ], [ -78.7264333, 35.8625599 ], [ -78.7264271, 35.8625335 ], [ -78.726418, 35.8625185 ], [ -78.7264171, 35.8625081 ], [ -78.7264212, 35.862495 ], [ -78.7264265, 35.8624793 ], [ -78.7264289, 35.862461 ], [ -78.7264362, 35.8624444 ], [ -78.726445, 35.8624304 ], [ -78.7264752, 35.8623912 ], [ -78.7264796, 35.862379 ], [ -78.7264814, 35.8623624 ], [ -78.7264761, 35.8623258 ], [ -78.7264696, 35.8623049 ], [ -78.7264667, 35.8622911 ], [ -78.7264641, 35.8622764 ], [ -78.7264585, 35.8622605 ], [ -78.7264465, 35.8622443 ], [ -78.7264338, 35.8622329 ], [ -78.7263913, 35.8622086 ], [ -78.7263462, 35.8621823 ], [ -78.7263283, 35.8621775 ], [ -78.7263028, 35.8621763 ], [ -78.7262814, 35.8621797 ], [ -78.7262626, 35.8621868 ], [ -78.7262494, 35.862198 ], [ -78.7262409, 35.8622101 ], [ -78.7262274, 35.8622189 ], [ -78.7262142, 35.862217 ], [ -78.7262037, 35.862212 ], [ -78.7261817, 35.8621937 ], [ -78.726153, 35.862169 ], [ -78.7261024, 35.8621296 ], [ -78.7260913, 35.8621244 ], [ -78.726082, 35.86212 ], [ -78.7260557, 35.8621096 ], [ -78.7260499, 35.8621078 ], [ -78.7260146, 35.8620982 ], [ -78.7259689, 35.8620883 ], [ -78.7259476, 35.8620834 ], [ -78.7259204, 35.8620757 ], [ -78.7258997, 35.8620693 ], [ -78.7258794, 35.8620622 ], [ -78.7258414, 35.8620435 ], [ -78.7258326, 35.8620357 ], [ -78.7258286, 35.8620267 ], [ -78.725823, 35.8619955 ], [ -78.7258203, 35.8619835 ], [ -78.7258152, 35.8619688 ], [ -78.7258067, 35.8619534 ], [ -78.7257948, 35.8619348 ], [ -78.7257787, 35.8619147 ], [ -78.7257556, 35.8618939 ], [ -78.7257351, 35.8618785 ], [ -78.7256867, 35.8618505 ], [ -78.7256686, 35.8618422 ], [ -78.7256333, 35.8618234 ], [ -78.7256126, 35.8618098 ], [ -78.7255909, 35.8617937 ], [ -78.7255845, 35.8617875 ], [ -78.7255811, 35.86178 ], [ -78.7255223, 35.861743 ], [ -78.72546, 35.8617344 ], [ -78.7251384, 35.8616897 ], [ -78.7249407, 35.8616624 ], [ -78.7248124, 35.8616445 ], [ -78.7247407, 35.8616345 ], [ -78.7247091, 35.8616002 ], [ -78.7246715, 35.8615597 ], [ -78.7246797, 35.8614864 ], [ -78.7247569, 35.8613756 ], [ -78.724834, 35.8612893 ], [ -78.7248557, 35.8608165 ], [ -78.724854, 35.8607564 ], [ -78.7248482, 35.86051 ], [ -78.7243331, 35.8610933 ], [ -78.7242679, 35.861173 ], [ -78.7239933, 35.8615099 ], [ -78.7232747, 35.8614805 ], [ -78.7225561, 35.8614512 ], [ -78.7217825, 35.861419 ], [ -78.7224903, 35.8600771 ], [ -78.7234654, 35.8590184 ], [ -78.7227914, 35.8587391 ], [ -78.7225175, 35.8580403 ], [ -78.7214507, 35.8580041 ], [ -78.7215109, 35.857332 ], [ -78.7215743, 35.8566989 ], [ -78.7217475, 35.8567087 ], [ -78.72229, 35.8567116 ], [ -78.7234618, 35.8567165 ], [ -78.723466, 35.8566348 ], [ -78.7228385, 35.8564553 ], [ -78.7226236, 35.8563482 ], [ -78.7221657, 35.8564211 ], [ -78.7222007, 35.8562989 ], [ -78.7221693, 35.8561761 ], [ -78.7224787, 35.8561278 ], [ -78.7224256, 35.8557401 ], [ -78.7223896, 35.8553205 ], [ -78.7222396, 35.8548321 ], [ -78.7222538, 35.8545235 ], [ -78.7225494, 35.8542206 ], [ -78.7227997, 35.8540336 ], [ -78.7227864, 35.8536609 ], [ -78.72271, 35.8533926 ], [ -78.7233935, 35.8538703 ], [ -78.7236083, 35.8538336 ], [ -78.7240139, 35.8532897 ], [ -78.7238745, 35.8529703 ], [ -78.7238701, 35.8528703 ], [ -78.7247221, 35.8529264 ], [ -78.7247869, 35.8529264 ], [ -78.7248659, 35.85293 ], [ -78.7251149, 35.8529453 ], [ -78.7253323, 35.8529561 ], [ -78.7253413, 35.8529619 ], [ -78.7254512, 35.8533795 ], [ -78.7257688, 35.8545065 ], [ -78.7260005, 35.8552022 ], [ -78.7260864, 35.8553413 ], [ -78.7261636, 35.8554596 ], [ -78.726567, 35.8558561 ], [ -78.726979, 35.8562318 ], [ -78.7276657, 35.8567535 ], [ -78.7278717, 35.8568996 ], [ -78.7281463, 35.8570318 ], [ -78.728421, 35.8571431 ], [ -78.7288072, 35.8572057 ], [ -78.7289875, 35.8572404 ], [ -78.7291763, 35.8572891 ], [ -78.7293394, 35.8573448 ], [ -78.7295024, 35.8574491 ], [ -78.729614, 35.8575535 ], [ -78.7297685, 35.8577483 ], [ -78.7298887, 35.8579569 ], [ -78.7299488, 35.8581448 ], [ -78.7299745, 35.8583882 ], [ -78.7299745, 35.8585761 ], [ -78.7299316, 35.8587917 ], [ -78.7298973, 35.8589447 ], [ -78.7297943, 35.8593343 ], [ -78.729717, 35.859543 ], [ -78.7296741, 35.8597447 ], [ -78.7296741, 35.8598282 ], [ -78.7296569, 35.8599603 ], [ -78.7297256, 35.8602038 ], [ -78.7298458, 35.8603986 ], [ -78.7300518, 35.860642 ], [ -78.7304037, 35.8610942 ], [ -78.7308156, 35.8616089 ], [ -78.7309616, 35.8617828 ], [ -78.7311075, 35.8619567 ], [ -78.731322, 35.8621585 ], [ -78.731528, 35.8623324 ], [ -78.7316482, 35.8624228 ], [ -78.7319229, 35.8625828 ], [ -78.7321975, 35.8627219 ], [ -78.7325408, 35.862868 ], [ -78.7332189, 35.8631253 ], [ -78.733588, 35.8632784 ], [ -78.733897, 35.8634036 ], [ -78.7343605, 35.8636122 ], [ -78.7346609, 35.8637722 ], [ -78.7349956, 35.8640018 ], [ -78.7352016, 35.8641339 ], [ -78.7355363, 35.8643287 ], [ -78.7359827, 35.8645791 ], [ -78.7361715, 35.8646904 ], [ -78.7364032, 35.8648852 ], [ -78.7365406, 35.8650869 ], [ -78.7367036, 35.8653721 ], [ -78.7367465, 35.8654903 ], [ -78.7368839, 35.8658242 ], [ -78.7369697, 35.8660468 ], [ -78.7390672, 35.8660584 ], [ -78.7390559, 35.8665882 ], [ -78.7417073, 35.8665847 ], [ -78.7415612, 35.867104 ], [ -78.7414927, 35.8683594 ], [ -78.7415249, 35.8687177 ], [ -78.741527, 35.8689723 ], [ -78.7419201, 35.8689754 ], [ -78.7432344, 35.8689841 ], [ -78.7438276, 35.868989 ], [ -78.7449176, 35.8690054 ], [ -78.7463796, 35.8690123 ], [ -78.7461965, 35.8699418 ], [ -78.7460163, 35.8707138 ], [ -78.7459562, 35.8709573 ], [ -78.7465055, 35.871006 ], [ -78.7465656, 35.8709573 ], [ -78.7466214, 35.8709637 ], [ -78.7465202, 35.87129 ], [ -78.7463338, 35.8717432 ], [ -78.7462566, 35.8719588 ], [ -78.7461536, 35.8721536 ], [ -78.7460248, 35.8723205 ], [ -78.7459304, 35.8724318 ], [ -78.7455699, 35.8728838 ], [ -78.7452695, 35.8732664 ], [ -78.7452129, 35.8751844 ], [ -78.7489216, 35.875281 ], [ -78.750214, 35.8753146 ] ], [ [ -78.7479906, 35.9187948 ], [ -78.7476993, 35.9201686 ], [ -78.7468682, 35.9201396 ], [ -78.7469969, 35.919557 ], [ -78.7469602, 35.9195438 ], [ -78.7469193, 35.9195286 ], [ -78.7468971, 35.9195093 ], [ -78.7468716, 35.9194803 ], [ -78.7468546, 35.91945 ], [ -78.7468443, 35.9194003 ], [ -78.7462721, 35.9193479 ], [ -78.7464254, 35.9185741 ], [ -78.7479906, 35.9187948 ] ], [ [ -78.7469631, 35.7829695 ], [ -78.7469478, 35.786543 ], [ -78.7469329, 35.7873271 ], [ -78.7469251, 35.787735 ], [ -78.7456214, 35.7876464 ], [ -78.7455874, 35.788228 ], [ -78.7452619, 35.7882045 ], [ -78.7452839, 35.788406 ], [ -78.7450692, 35.7884218 ], [ -78.7451206, 35.7889019 ], [ -78.7464562, 35.7891279 ], [ -78.7469059, 35.7888912 ], [ -78.7469083, 35.7889272 ], [ -78.7467979, 35.7892232 ], [ -78.7463974, 35.7894292 ], [ -78.7459657, 35.7896564 ], [ -78.7450792, 35.7895075 ], [ -78.7450708, 35.7898572 ], [ -78.7442028, 35.7898435 ], [ -78.7442481, 35.7887692 ], [ -78.7442417, 35.7877496 ], [ -78.7435954, 35.7876236 ], [ -78.7435941, 35.7862488 ], [ -78.7427983, 35.7861901 ], [ -78.7427735, 35.7855479 ], [ -78.7427711, 35.7855263 ], [ -78.7427434, 35.7854613 ], [ -78.7427069, 35.7854166 ], [ -78.7426504, 35.7853774 ], [ -78.7425825, 35.7853489 ], [ -78.7424978, 35.785337 ], [ -78.7421813, 35.7853467 ], [ -78.7415088, 35.7853657 ], [ -78.740914, 35.7853768 ], [ -78.7407567, 35.7853719 ], [ -78.7406572, 35.785359 ], [ -78.7406129, 35.7853461 ], [ -78.7403302, 35.785353 ], [ -78.7403278, 35.7851444 ], [ -78.7403309, 35.7851188 ], [ -78.7403235, 35.7850846 ], [ -78.7403071, 35.78502 ], [ -78.7403005, 35.78495 ], [ -78.740297, 35.7848635 ], [ -78.7402979, 35.7845638 ], [ -78.7395422, 35.7845689 ], [ -78.7395502, 35.7842661 ], [ -78.7402747, 35.7842495 ], [ -78.740238, 35.7841127 ], [ -78.7401794, 35.7839787 ], [ -78.7379389, 35.7840165 ], [ -78.7379318, 35.784563 ], [ -78.7388683, 35.784559 ], [ -78.73888, 35.7850356 ], [ -78.7388238, 35.7850437 ], [ -78.738796, 35.7850534 ], [ -78.7387702, 35.7850663 ], [ -78.7387459, 35.7850835 ], [ -78.7387226, 35.7851059 ], [ -78.7386963, 35.7851441 ], [ -78.7386881, 35.7851688 ], [ -78.7386847, 35.7851947 ], [ -78.7386872, 35.7852234 ], [ -78.7382519, 35.7852344 ], [ -78.738223, 35.7866879 ], [ -78.7371578, 35.7864849 ], [ -78.7369716, 35.7863517 ], [ -78.7358337, 35.7861545 ], [ -78.7357321, 35.7873908 ], [ -78.7348744, 35.7872632 ], [ -78.7349367, 35.784671 ], [ -78.734959, 35.783742 ], [ -78.7350077, 35.7814892 ], [ -78.7350157, 35.7811179 ], [ -78.7350131, 35.7807038 ], [ -78.7365605, 35.7807084 ], [ -78.73669, 35.7811057 ], [ -78.7367148, 35.7811497 ], [ -78.7368167, 35.7814221 ], [ -78.7369128, 35.7816101 ], [ -78.7369787, 35.7817123 ], [ -78.7370965, 35.7818686 ], [ -78.7372735, 35.7820677 ], [ -78.7375248, 35.7822841 ], [ -78.7377044, 35.7824091 ], [ -78.7379149, 35.7825304 ], [ -78.738092, 35.7826167 ], [ -78.7386377, 35.7828413 ], [ -78.7387349, 35.7828752 ], [ -78.7389604, 35.7829712 ], [ -78.7391031, 35.7830384 ], [ -78.7393607, 35.7831857 ], [ -78.7395503, 35.7833348 ], [ -78.7396989, 35.7834695 ], [ -78.7398635, 35.7836249 ], [ -78.7400723, 35.7838434 ], [ -78.7402671, 35.7837844 ], [ -78.7402639, 35.7827916 ], [ -78.7402599, 35.7820584 ], [ -78.7425103, 35.7819607 ], [ -78.742512, 35.7825393 ], [ -78.7425103, 35.7830562 ], [ -78.7427268, 35.7830566 ], [ -78.7428328, 35.783528 ], [ -78.743609, 35.7835223 ], [ -78.7435935, 35.7829818 ], [ -78.7469631, 35.7829695 ] ], [ [ -78.7468281, 35.8919477 ], [ -78.7467845, 35.8928764 ], [ -78.7464255, 35.8928724 ], [ -78.7464699, 35.8919456 ], [ -78.7468281, 35.8919477 ] ], [ [ -78.7429983, 35.8813842 ], [ -78.7429864, 35.8816321 ], [ -78.7421257, 35.8816097 ], [ -78.7423112, 35.8813538 ], [ -78.7429983, 35.8813842 ] ], [ [ -78.741676, 35.7971045 ], [ -78.7408725, 35.7995028 ], [ -78.7389434, 35.800463 ], [ -78.7379409, 35.8012162 ], [ -78.7384466, 35.8014486 ], [ -78.7372158, 35.8022508 ], [ -78.7370032, 35.8034887 ], [ -78.739541, 35.8042401 ], [ -78.7391838, 35.8055904 ], [ -78.7388538, 35.805545 ], [ -78.7386639, 35.805497 ], [ -78.7389721, 35.804785 ], [ -78.7384678, 35.8046184 ], [ -78.7385986, 35.8042372 ], [ -78.7374934, 35.8039367 ], [ -78.7373658, 35.804275 ], [ -78.7368771, 35.804164 ], [ -78.736665, 35.8047615 ], [ -78.7367815, 35.8048369 ], [ -78.7365957, 35.8047491 ], [ -78.7346059, 35.803399 ], [ -78.7344212, 35.8033056 ], [ -78.7344845, 35.8032236 ], [ -78.7347033, 35.8029928 ], [ -78.734936, 35.8027681 ], [ -78.7354736, 35.8022316 ], [ -78.7355191, 35.8021649 ], [ -78.7357202, 35.8019639 ], [ -78.7357834, 35.8019157 ], [ -78.736426, 35.8012756 ], [ -78.7366043, 35.8010837 ], [ -78.7367738, 35.800895 ], [ -78.737028, 35.8005903 ], [ -78.7372721, 35.8002446 ], [ -78.7374517, 35.7999758 ], [ -78.7376326, 35.7996763 ], [ -78.7378147, 35.7993306 ], [ -78.7379235, 35.7990956 ], [ -78.7385256, 35.79776 ], [ -78.7388177, 35.7970572 ], [ -78.7389632, 35.7967177 ], [ -78.7390001, 35.7966326 ], [ -78.7390219, 35.7965849 ], [ -78.7392153, 35.796641 ], [ -78.7395824, 35.7967097 ], [ -78.741676, 35.7971045 ] ], [ [ -78.7393943, 35.8973743 ], [ -78.7389263, 35.8980805 ], [ -78.7381006, 35.8993437 ], [ -78.7378873, 35.8997188 ], [ -78.7374591, 35.9007084 ], [ -78.7372997, 35.9006867 ], [ -78.7367799, 35.9006158 ], [ -78.7361067, 35.9005804 ], [ -78.735783, 35.900583 ], [ -78.7359059, 35.9003279 ], [ -78.7362137, 35.8997009 ], [ -78.7365079, 35.8991017 ], [ -78.7367159, 35.8986759 ], [ -78.7364728, 35.898063 ], [ -78.7364248, 35.8973553 ], [ -78.7380324, 35.897361 ], [ -78.7389752, 35.8973643 ], [ -78.7390747, 35.8973647 ], [ -78.7393943, 35.8973743 ] ], [ [ -78.7384678, 35.8063251 ], [ -78.7380911, 35.8063226 ], [ -78.7383557, 35.8058454 ], [ -78.7384678, 35.8063251 ] ], [ [ -78.737447, 35.882303 ], [ -78.737117, 35.882693 ], [ -78.736999, 35.882831 ], [ -78.735655, 35.884416 ], [ -78.735207, 35.884945 ], [ -78.735187, 35.884184 ], [ -78.735134, 35.882063 ], [ -78.735129, 35.881904 ], [ -78.735127, 35.881795 ], [ -78.735111, 35.881144 ], [ -78.735111, 35.88114 ], [ -78.735092, 35.881007 ], [ -78.735084, 35.880942 ], [ -78.735052, 35.880702 ], [ -78.735037, 35.880599 ], [ -78.735019, 35.880463 ], [ -78.735026, 35.880466 ], [ -78.735047, 35.880478 ], [ -78.735055, 35.880482 ], [ -78.735054, 35.880473 ], [ -78.735053, 35.880446 ], [ -78.735053, 35.880437 ], [ -78.735532, 35.880811 ], [ -78.735665, 35.880914 ], [ -78.736014, 35.881251 ], [ -78.736333, 35.881517 ], [ -78.736751, 35.881865 ], [ -78.736931, 35.881978 ], [ -78.737447, 35.882303 ] ], [ [ -78.7364154, 35.7901981 ], [ -78.7363163, 35.792205 ], [ -78.7348532, 35.792152 ], [ -78.7347747, 35.7917547 ], [ -78.7345364, 35.7917758 ], [ -78.7345003, 35.7914652 ], [ -78.7332986, 35.7913805 ], [ -78.7333065, 35.7911952 ], [ -78.7326449, 35.7911383 ], [ -78.7326892, 35.7899354 ], [ -78.733566, 35.789996 ], [ -78.7344734, 35.7900593 ], [ -78.7364154, 35.7901981 ] ], [ [ -78.7109016, 35.802307 ], [ -78.7101193, 35.8021668 ], [ -78.7091653, 35.8020051 ], [ -78.7092484, 35.8010604 ], [ -78.7076039, 35.8010315 ], [ -78.7071867, 35.8010017 ], [ -78.7074735, 35.798375 ], [ -78.7075735, 35.7972455 ], [ -78.7075775, 35.7971097 ], [ -78.7075615, 35.7969692 ], [ -78.7075212, 35.7968429 ], [ -78.7074745, 35.7967331 ], [ -78.7073999, 35.796593 ], [ -78.7072452, 35.7963439 ], [ -78.7066576, 35.7954127 ], [ -78.7062918, 35.7948313 ], [ -78.7060519, 35.7944547 ], [ -78.7058793, 35.7941832 ], [ -78.7057277, 35.7939394 ], [ -78.7065701, 35.7936641 ], [ -78.7069947, 35.7934923 ], [ -78.7075528, 35.7932556 ], [ -78.7091465, 35.7925038 ], [ -78.7104293, 35.7918939 ], [ -78.7113676, 35.7914585 ], [ -78.7116737, 35.7919383 ], [ -78.7122574, 35.7917958 ], [ -78.7131581, 35.7915589 ], [ -78.7133939, 35.7918164 ], [ -78.7137186, 35.7920957 ], [ -78.7142378, 35.7925505 ], [ -78.7143403, 35.7926415 ], [ -78.71458, 35.7928545 ], [ -78.7150938, 35.7933147 ], [ -78.7156145, 35.7937762 ], [ -78.7162348, 35.7943373 ], [ -78.7168083, 35.7948613 ], [ -78.7178629, 35.7958429 ], [ -78.7188434, 35.7958352 ], [ -78.7205477, 35.795864 ], [ -78.720565, 35.7953835 ], [ -78.7206191, 35.7938752 ], [ -78.7206629, 35.7927824 ], [ -78.7206637, 35.792613 ], [ -78.7201708, 35.7921931 ], [ -78.7203506, 35.7920848 ], [ -78.7205491, 35.7920121 ], [ -78.7207513, 35.7919612 ], [ -78.7209545, 35.7919407 ], [ -78.7210816, 35.7919397 ], [ -78.7211834, 35.7919413 ], [ -78.7212756, 35.791955 ], [ -78.7212575, 35.7918246 ], [ -78.7211963, 35.7916844 ], [ -78.7210989, 35.7915675 ], [ -78.7208421, 35.7913322 ], [ -78.7220313, 35.7904331 ], [ -78.7219199, 35.7903348 ], [ -78.7219082, 35.7891355 ], [ -78.7226483, 35.7891895 ], [ -78.7235447, 35.789255 ], [ -78.7245061, 35.7893261 ], [ -78.728581, 35.789625 ], [ -78.7287599, 35.7896404 ], [ -78.729195, 35.789678 ], [ -78.729921, 35.7897235 ], [ -78.7302428, 35.7897735 ], [ -78.730519, 35.789783 ], [ -78.7312583, 35.7898278 ], [ -78.7312559, 35.7905518 ], [ -78.7312218, 35.790553 ], [ -78.7312105, 35.79141 ], [ -78.7307065, 35.7914043 ], [ -78.730709, 35.791612 ], [ -78.7307112, 35.7923126 ], [ -78.7307115, 35.792801 ], [ -78.7307121, 35.7932112 ], [ -78.7315317, 35.793233 ], [ -78.7325775, 35.79326 ], [ -78.7328694, 35.7932675 ], [ -78.7332413, 35.7932775 ], [ -78.733264, 35.79278 ], [ -78.7332708, 35.7925218 ], [ -78.7343778, 35.7925864 ], [ -78.7343802, 35.7924918 ], [ -78.7342264, 35.7920841 ], [ -78.7345233, 35.7920131 ], [ -78.7345583, 35.7920163 ], [ -78.7345863, 35.7920302 ], [ -78.7346074, 35.7920518 ], [ -78.7346686, 35.7923037 ], [ -78.7348152, 35.7928973 ], [ -78.7350193, 35.7938047 ], [ -78.7351432, 35.7943898 ], [ -78.7351602, 35.7946495 ], [ -78.7351509, 35.7947939 ], [ -78.7347095, 35.7947696 ], [ -78.734467, 35.7947558 ], [ -78.733628, 35.7947082 ], [ -78.7308134, 35.7947233 ], [ -78.7289839, 35.7946952 ], [ -78.7273254, 35.7946451 ], [ -78.7260719, 35.7946049 ], [ -78.7248437, 35.794573 ], [ -78.7248431, 35.7959809 ], [ -78.7247222, 35.7985088 ], [ -78.7246853, 35.7992323 ], [ -78.7248793, 35.7994589 ], [ -78.724873, 35.7994967 ], [ -78.7246801, 35.8002303 ], [ -78.7246648, 35.8002571 ], [ -78.7246473, 35.8002704 ], [ -78.7246175, 35.8002837 ], [ -78.7245851, 35.8002892 ], [ -78.7245546, 35.8002871 ], [ -78.7244651, 35.8002772 ], [ -78.7243407, 35.800272 ], [ -78.7242096, 35.8002766 ], [ -78.724068, 35.80029 ], [ -78.7239339, 35.8003132 ], [ -78.7238238, 35.800339 ], [ -78.7236742, 35.8003829 ], [ -78.7235247, 35.8004409 ], [ -78.7234045, 35.8005068 ], [ -78.722408, 35.8011346 ], [ -78.7212437, 35.8018672 ], [ -78.7202914, 35.8024677 ], [ -78.7181495, 35.8038174 ], [ -78.7191201, 35.8048233 ], [ -78.7191436, 35.8048667 ], [ -78.7191437, 35.8049011 ], [ -78.7191097, 35.8049462 ], [ -78.718911, 35.8051036 ], [ -78.718681, 35.805018 ], [ -78.718139, 35.80488 ], [ -78.7177426, 35.8047782 ], [ -78.7176982, 35.8047668 ], [ -78.717652, 35.804755 ], [ -78.717553, 35.804729 ], [ -78.7170322, 35.8046005 ], [ -78.717006, 35.804594 ], [ -78.716837, 35.804551 ], [ -78.7168049, 35.8045444 ], [ -78.714677, 35.80411 ], [ -78.713337, 35.803788 ], [ -78.713152, 35.80376 ], [ -78.7108997, 35.8035455 ], [ -78.7109464, 35.80248 ], [ -78.7109016, 35.802307 ] ], [ [ -78.7343244, 35.7861672 ], [ -78.7343175, 35.7866328 ], [ -78.7343083, 35.787159 ], [ -78.7335777, 35.7870322 ], [ -78.7336282, 35.7862606 ], [ -78.7336397, 35.786084 ], [ -78.733934, 35.7861337 ], [ -78.7339321, 35.7862004 ], [ -78.7343244, 35.7861672 ] ], [ [ -78.734209, 35.797244 ], [ -78.734063, 35.797252 ], [ -78.733819, 35.797268 ], [ -78.733799, 35.797131 ], [ -78.733851, 35.797127 ], [ -78.733997, 35.797119 ], [ -78.734039, 35.797144 ], [ -78.734166, 35.797219 ], [ -78.734209, 35.797244 ] ], [ [ -78.733682, 35.798196 ], [ -78.733381, 35.79891 ], [ -78.73248, 35.801055 ], [ -78.73218, 35.80177 ], [ -78.732071, 35.801679 ], [ -78.731746, 35.801407 ], [ -78.731638, 35.801317 ], [ -78.731621, 35.80131 ], [ -78.731572, 35.801289 ], [ -78.731556, 35.801283 ], [ -78.731952, 35.800676 ], [ -78.732291, 35.800159 ], [ -78.733115, 35.79884 ], [ -78.733499, 35.798226 ], [ -78.733535, 35.79822 ], [ -78.733645, 35.798201 ], [ -78.733682, 35.798196 ] ], [ [ -78.7331217, 35.7862636 ], [ -78.7330759, 35.7869478 ], [ -78.7325902, 35.7868443 ], [ -78.732635, 35.7861607 ], [ -78.7331217, 35.7862636 ] ], [ [ -78.7300572, 35.7817184 ], [ -78.7300524, 35.7818573 ], [ -78.7300217, 35.7827453 ], [ -78.7290104, 35.782712 ], [ -78.7287975, 35.7861493 ], [ -78.7270854, 35.785888 ], [ -78.7269396, 35.7858853 ], [ -78.7269389, 35.7858008 ], [ -78.7261799, 35.7856792 ], [ -78.7261741, 35.784769 ], [ -78.7257767, 35.7848004 ], [ -78.725768, 35.7840561 ], [ -78.725209, 35.7843587 ], [ -78.7252041, 35.7834134 ], [ -78.7258682, 35.7828835 ], [ -78.7269533, 35.7823426 ], [ -78.7269917, 35.7823442 ], [ -78.7269838, 35.7829162 ], [ -78.7288218, 35.7829808 ], [ -78.7288312, 35.782821 ], [ -78.7288048, 35.7823409 ], [ -78.7287654, 35.782258 ], [ -78.7284302, 35.7818448 ], [ -78.7295259, 35.781209 ], [ -78.7297751, 35.7815025 ], [ -78.7299488, 35.7817529 ], [ -78.7300572, 35.7817184 ] ], [ [ -78.729844, 35.800731 ], [ -78.72984, 35.80076 ], [ -78.729811, 35.80104 ], [ -78.729799, 35.801168 ], [ -78.729307, 35.801213 ], [ -78.729277, 35.800902 ], [ -78.729248, 35.800592 ], [ -78.729368, 35.800616 ], [ -78.729579, 35.800659 ], [ -78.729725, 35.800698 ], [ -78.729844, 35.800731 ] ], [ [ -78.7269731, 35.8324746 ], [ -78.7268396, 35.8361542 ], [ -78.7254965, 35.8356648 ], [ -78.7248175, 35.8354173 ], [ -78.7236851, 35.8361778 ], [ -78.7232197, 35.8364941 ], [ -78.7220913, 35.8364126 ], [ -78.7223453, 35.8371527 ], [ -78.7226016, 35.8378875 ], [ -78.7225829, 35.8378943 ], [ -78.7223764, 35.8378503 ], [ -78.721655, 35.837862 ], [ -78.721222, 35.837874 ], [ -78.72067, 35.837876 ], [ -78.7198357, 35.8378939 ], [ -78.7198142, 35.8379143 ], [ -78.7197369, 35.8376913 ], [ -78.7197611, 35.8376923 ], [ -78.719757, 35.837589 ], [ -78.7197612, 35.8375424 ], [ -78.7197792, 35.8374722 ], [ -78.7197982, 35.83742 ], [ -78.7198004, 35.8373747 ], [ -78.7197865, 35.8372495 ], [ -78.7197701, 35.8371931 ], [ -78.7197366, 35.8371117 ], [ -78.7197119, 35.8370583 ], [ -78.7196999, 35.8370125 ], [ -78.7196949, 35.8369832 ], [ -78.7196852, 35.836858 ], [ -78.7196868, 35.8368286 ], [ -78.7196776, 35.8367576 ], [ -78.7196644, 35.8367352 ], [ -78.7196434, 35.8367114 ], [ -78.7195861, 35.8366662 ], [ -78.7195257, 35.8366354 ], [ -78.719471, 35.8366112 ], [ -78.7194047, 35.8365838 ], [ -78.7193462, 35.8365534 ], [ -78.7192836, 35.8365111 ], [ -78.719168, 35.8364064 ], [ -78.7191273, 35.8363168 ], [ -78.7190535, 35.8360892 ], [ -78.719018, 35.8360148 ], [ -78.7189586, 35.8359281 ], [ -78.7189091, 35.8358737 ], [ -78.718869, 35.8358546 ], [ -78.7188054, 35.8358334 ], [ -78.7187455, 35.835806 ], [ -78.718683, 35.8357639 ], [ -78.7186361, 35.8357038 ], [ -78.7186124, 35.8356521 ], [ -78.7186, 35.8356028 ], [ -78.7185941, 35.8355694 ], [ -78.7185868, 35.8355447 ], [ -78.7185538, 35.8354689 ], [ -78.7185342, 35.8354164 ], [ -78.7185073, 35.8353584 ], [ -78.7184689, 35.8352872 ], [ -78.7184418, 35.8352251 ], [ -78.7184006, 35.835126 ], [ -78.7183697, 35.8351013 ], [ -78.718326, 35.8350723 ], [ -78.7182615, 35.8350492 ], [ -78.7181794, 35.8350226 ], [ -78.7181448, 35.8350206 ], [ -78.7181119, 35.8350068 ], [ -78.7180954, 35.8349935 ], [ -78.7180685, 35.8349614 ], [ -78.7180653, 35.834932 ], [ -78.7180682, 35.8349022 ], [ -78.7180727, 35.8348879 ], [ -78.718097, 35.8348613 ], [ -78.7181354, 35.8348341 ], [ -78.7181632, 35.8348191 ], [ -78.7182286, 35.8347995 ], [ -78.718293, 35.8347808 ], [ -78.718326, 35.8347666 ], [ -78.7183416, 35.8347611 ], [ -78.7183429, 35.8347553 ], [ -78.7183223, 35.8347327 ], [ -78.7182847, 35.834707 ], [ -78.7182637, 35.8346956 ], [ -78.7182215, 35.8346446 ], [ -78.7181761, 35.8346167 ], [ -78.718162, 35.8346071 ], [ -78.7181405, 35.8345852 ], [ -78.7180899, 35.8345607 ], [ -78.7180498, 35.8345536 ], [ -78.7180195, 35.834543 ], [ -78.7179924, 35.8345286 ], [ -78.717961, 35.8345094 ], [ -78.7178992, 35.834446 ], [ -78.717858, 35.834401 ], [ -78.7177537, 35.8343273 ], [ -78.7177101, 35.834301 ], [ -78.7176827, 35.8342739 ], [ -78.7176234, 35.8342391 ], [ -78.7174858, 35.8341712 ], [ -78.7174592, 35.8341515 ], [ -78.7174399, 35.8341204 ], [ -78.7173393, 35.834033 ], [ -78.71729, 35.8340205 ], [ -78.7172556, 35.8340055 ], [ -78.717227, 35.833969 ], [ -78.7171462, 35.833887 ], [ -78.7171218, 35.833851 ], [ -78.7170864, 35.833794 ], [ -78.7170584, 35.8337629 ], [ -78.7170183, 35.8337525 ], [ -78.7169588, 35.8337686 ], [ -78.716929, 35.8337789 ], [ -78.7168863, 35.8337898 ], [ -78.716854, 35.8337925 ], [ -78.7168277, 35.83379 ], [ -78.7168204, 35.8337878 ], [ -78.7168054, 35.8337808 ], [ -78.7167814, 35.8337647 ], [ -78.7167121, 35.8337182 ], [ -78.7167046, 35.8337148 ], [ -78.7166982, 35.8337098 ], [ -78.7166949, 35.8337036 ], [ -78.7166954, 35.833695 ], [ -78.7166995, 35.8336717 ], [ -78.7167003, 35.8336597 ], [ -78.7167012, 35.8336368 ], [ -78.7167047, 35.833608 ], [ -78.7167028, 35.8335631 ], [ -78.7166972, 35.8335553 ], [ -78.7166907, 35.8335488 ], [ -78.716687, 35.8335434 ], [ -78.7166681, 35.8335288 ], [ -78.71666, 35.83352 ], [ -78.7166403, 35.8334847 ], [ -78.7166285, 35.833461 ], [ -78.7166196, 35.8334495 ], [ -78.7166065, 35.8334384 ], [ -78.7165895, 35.8334289 ], [ -78.7165805, 35.8334211 ], [ -78.7165705, 35.8334071 ], [ -78.7165611, 35.8334001 ], [ -78.716547, 35.833395 ], [ -78.7165386, 35.8333939 ], [ -78.7165187, 35.8333849 ], [ -78.716478, 35.8333724 ], [ -78.7164381, 35.8325671 ], [ -78.7182372, 35.8325342 ], [ -78.7171813, 35.8315657 ], [ -78.7166655, 35.8310715 ], [ -78.7164655, 35.8317479 ], [ -78.7158908, 35.8326277 ], [ -78.715263, 35.8323945 ], [ -78.7152166, 35.8321291 ], [ -78.7149251, 35.8315647 ], [ -78.7148317, 35.8314776 ], [ -78.7147607, 35.8314773 ], [ -78.7147297, 35.8314611 ], [ -78.7147162, 35.8314457 ], [ -78.7146979, 35.8314063 ], [ -78.7146777, 35.8313919 ], [ -78.7146457, 35.8313945 ], [ -78.7146145, 35.8314187 ], [ -78.7146046, 35.8314508 ], [ -78.7146134, 35.8314991 ], [ -78.7146197, 35.8315272 ], [ -78.7146122, 35.8315459 ], [ -78.7145873, 35.831556 ], [ -78.7145719, 35.8315567 ], [ -78.7145435, 35.8315549 ], [ -78.7145234, 35.8315389 ], [ -78.714514, 35.8315067 ], [ -78.7144941, 35.8314808 ], [ -78.7144692, 35.831486 ], [ -78.7144344, 35.8314788 ], [ -78.7144091, 35.8314587 ], [ -78.7143889, 35.8314193 ], [ -78.7143638, 35.8313915 ], [ -78.7143307, 35.8313694 ], [ -78.7142873, 35.8313519 ], [ -78.7142498, 35.8312806 ], [ -78.7142229, 35.8312369 ], [ -78.7141606, 35.8311752 ], [ -78.7141372, 35.8311491 ], [ -78.714119, 35.8311267 ], [ -78.714089, 35.8311157 ], [ -78.7140395, 35.8311105 ], [ -78.713987, 35.8311005 ], [ -78.7139701, 35.8310864 ], [ -78.7139385, 35.8310085 ], [ -78.713892, 35.8309851 ], [ -78.7138108, 35.8309566 ], [ -78.7137703, 35.8309529 ], [ -78.7137322, 35.8309584 ], [ -78.7136358, 35.8309765 ], [ -78.7135813, 35.8309631 ], [ -78.7135478, 35.8309467 ], [ -78.7135168, 35.8309293 ], [ -78.713503, 35.830918 ], [ -78.7134891, 35.8308905 ], [ -78.7134684, 35.8308697 ], [ -78.7134375, 35.8308527 ], [ -78.7133566, 35.8308334 ], [ -78.7133442, 35.8308282 ], [ -78.7132931, 35.8307973 ], [ -78.7132467, 35.8307539 ], [ -78.7132337, 35.8307481 ], [ -78.7132218, 35.8307473 ], [ -78.7132085, 35.8307492 ], [ -78.7131844, 35.8307547 ], [ -78.7131586, 35.8307657 ], [ -78.7131437, 35.8307736 ], [ -78.7131093, 35.8307961 ], [ -78.7130551, 35.8308196 ], [ -78.7130312, 35.8308236 ], [ -78.7130179, 35.8308207 ], [ -78.7130063, 35.8308148 ], [ -78.7129973, 35.830808 ], [ -78.7129934, 35.8302565 ], [ -78.7129923, 35.8297275 ], [ -78.7129944, 35.8292773 ], [ -78.7129888, 35.8279957 ], [ -78.7132123, 35.827921 ], [ -78.7132588, 35.8278652 ], [ -78.7132764, 35.827807 ], [ -78.7138888, 35.82773 ], [ -78.7155369, 35.827525 ], [ -78.7156216, 35.8279486 ], [ -78.7141377, 35.8281477 ], [ -78.7139323, 35.8283312 ], [ -78.7140867, 35.8284243 ], [ -78.714167, 35.828473 ], [ -78.7143362, 35.8285757 ], [ -78.7143654, 35.8285944 ], [ -78.7143837, 35.8286072 ], [ -78.7144873, 35.8286751 ], [ -78.7146143, 35.828759 ], [ -78.7147975, 35.8286382 ], [ -78.7152329, 35.8285142 ], [ -78.7164917, 35.8283446 ], [ -78.7176091, 35.8281936 ], [ -78.7185023, 35.828074 ], [ -78.719559, 35.8279352 ], [ -78.7200263, 35.8278732 ], [ -78.7200703, 35.827902 ], [ -78.7200946, 35.8279245 ], [ -78.7201167, 35.827929 ], [ -78.7201613, 35.8279125 ], [ -78.7201902, 35.8278971 ], [ -78.7202042, 35.8278933 ], [ -78.7202151, 35.827894 ], [ -78.7202263, 35.8278983 ], [ -78.7202341, 35.8279052 ], [ -78.7202415, 35.8279144 ], [ -78.7202562, 35.8279501 ], [ -78.7202713, 35.828004 ], [ -78.7202882, 35.8280363 ], [ -78.7202993, 35.828041 ], [ -78.7203661, 35.8280548 ], [ -78.7203832, 35.8280563 ], [ -78.7204083, 35.8280555 ], [ -78.7204182, 35.8280558 ], [ -78.7204324, 35.8280607 ], [ -78.7204421, 35.8280763 ], [ -78.7204422, 35.8280848 ], [ -78.7204323, 35.8280975 ], [ -78.7203907, 35.828139 ], [ -78.7203739, 35.8281621 ], [ -78.720371, 35.8281764 ], [ -78.7203741, 35.8281926 ], [ -78.720386, 35.8282137 ], [ -78.7204025, 35.8282268 ], [ -78.7204322, 35.8282398 ], [ -78.7204799, 35.8282486 ], [ -78.7205269, 35.8282559 ], [ -78.7205701, 35.828261 ], [ -78.7205979, 35.8282689 ], [ -78.7206174, 35.8282772 ], [ -78.7206354, 35.8282894 ], [ -78.7206573, 35.8283096 ], [ -78.7206912, 35.8283572 ], [ -78.7207069, 35.8283812 ], [ -78.7207178, 35.8284141 ], [ -78.7207365, 35.8284457 ], [ -78.7207729, 35.828462 ], [ -78.7208137, 35.8284676 ], [ -78.7208727, 35.8284427 ], [ -78.7209385, 35.8284155 ], [ -78.7209856, 35.8283971 ], [ -78.7210094, 35.8283758 ], [ -78.7210356, 35.8283699 ], [ -78.7210476, 35.8283793 ], [ -78.721041, 35.8283998 ], [ -78.7210231, 35.8284275 ], [ -78.7209967, 35.8284579 ], [ -78.7209937, 35.8285053 ], [ -78.7210411, 35.828601 ], [ -78.7210737, 35.8286293 ], [ -78.7211149, 35.828654 ], [ -78.7211284, 35.8286808 ], [ -78.7211265, 35.82872 ], [ -78.7210985, 35.82879 ], [ -78.7211053, 35.8288196 ], [ -78.7211288, 35.828843 ], [ -78.7211688, 35.8288626 ], [ -78.7211872, 35.8288871 ], [ -78.7211877, 35.8289216 ], [ -78.7211501, 35.8289626 ], [ -78.7209707, 35.8290545 ], [ -78.7209372, 35.8291028 ], [ -78.7209223, 35.829138 ], [ -78.7209548, 35.8292233 ], [ -78.7209522, 35.8292485 ], [ -78.7209321, 35.8292776 ], [ -78.7208995, 35.8293152 ], [ -78.7209021, 35.829345 ], [ -78.7209212, 35.8293889 ], [ -78.720946, 35.8294177 ], [ -78.7209476, 35.8294329 ], [ -78.7209365, 35.8294718 ], [ -78.7209404, 35.8294821 ], [ -78.7210037, 35.8295409 ], [ -78.7210241, 35.8295774 ], [ -78.721041, 35.8296187 ], [ -78.7210454, 35.829643 ], [ -78.7210282, 35.829708 ], [ -78.7210208, 35.8297304 ], [ -78.7210207, 35.8297532 ], [ -78.7210321, 35.8297712 ], [ -78.7210548, 35.8297836 ], [ -78.7210811, 35.8297931 ], [ -78.7211352, 35.8298186 ], [ -78.7211624, 35.8298413 ], [ -78.7211775, 35.8298552 ], [ -78.72121, 35.8298992 ], [ -78.7212346, 35.8299388 ], [ -78.7212562, 35.8299592 ], [ -78.7212742, 35.8299698 ], [ -78.7213197, 35.8299931 ], [ -78.7213316, 35.8300094 ], [ -78.7213568, 35.8300417 ], [ -78.7213878, 35.8300661 ], [ -78.7214363, 35.8301013 ], [ -78.7214887, 35.8301287 ], [ -78.7215215, 35.8301379 ], [ -78.7215831, 35.8301466 ], [ -78.7216664, 35.8301633 ], [ -78.7217038, 35.8301795 ], [ -78.7217175, 35.8301859 ], [ -78.7217458, 35.8301916 ], [ -78.7218359, 35.8302003 ], [ -78.7218717, 35.8302068 ], [ -78.7219353, 35.830227 ], [ -78.7219626, 35.8302332 ], [ -78.7220013, 35.8302378 ], [ -78.7220425, 35.8302364 ], [ -78.7221036, 35.8302243 ], [ -78.722125, 35.8302237 ], [ -78.7221449, 35.8302253 ], [ -78.7221884, 35.8302452 ], [ -78.7222126, 35.8302648 ], [ -78.7221903, 35.8295312 ], [ -78.7235908, 35.829634 ], [ -78.7241409, 35.8296456 ], [ -78.7244894, 35.829612 ], [ -78.7245801, 35.8299702 ], [ -78.7245759, 35.8300326 ], [ -78.7245949, 35.8301277 ], [ -78.7245876, 35.8302924 ], [ -78.7245644, 35.830415 ], [ -78.724474, 35.8307325 ], [ -78.7243067, 35.8312563 ], [ -78.7242701, 35.8313968 ], [ -78.724229, 35.8314984 ], [ -78.7241791, 35.8315961 ], [ -78.7241248, 35.8316797 ], [ -78.7240483, 35.83178 ], [ -78.7239525, 35.8318808 ], [ -78.7238455, 35.8315999 ], [ -78.7236477, 35.8310834 ], [ -78.7219885, 35.8309501 ], [ -78.7217866, 35.8311095 ], [ -78.7221834, 35.8314826 ], [ -78.722183, 35.8317879 ], [ -78.7222173, 35.8317634 ], [ -78.7222535, 35.831749 ], [ -78.7222955, 35.8317419 ], [ -78.7223458, 35.8317477 ], [ -78.7223895, 35.8317638 ], [ -78.722419, 35.8317875 ], [ -78.7224363, 35.8318098 ], [ -78.722454, 35.8318498 ], [ -78.7224504, 35.8318892 ], [ -78.7224273, 35.8319342 ], [ -78.7223935, 35.8319638 ], [ -78.7223482, 35.831983 ], [ -78.7223134, 35.8319886 ], [ -78.7222732, 35.8319872 ], [ -78.7221809, 35.8319632 ], [ -78.7229205, 35.8323909 ], [ -78.7233015, 35.8326107 ], [ -78.7234173, 35.8324779 ], [ -78.7235423, 35.8326025 ], [ -78.7237266, 35.8328121 ], [ -78.7240255, 35.8331535 ], [ -78.7238082, 35.8334253 ], [ -78.7236539, 35.833859 ], [ -78.7235429, 35.8342884 ], [ -78.7231567, 35.8346164 ], [ -78.7224166, 35.8345516 ], [ -78.722424, 35.8347953 ], [ -78.7224129, 35.8348203 ], [ -78.7224305, 35.8348427 ], [ -78.7224456, 35.8348816 ], [ -78.7224592, 35.8349291 ], [ -78.7224589, 35.8349689 ], [ -78.7224116, 35.8350851 ], [ -78.722402, 35.8351417 ], [ -78.7223946, 35.835167 ], [ -78.722368, 35.8352041 ], [ -78.722326, 35.8352381 ], [ -78.7222879, 35.8352583 ], [ -78.7221914, 35.8352662 ], [ -78.7221658, 35.8352582 ], [ -78.7221237, 35.8352412 ], [ -78.7220661, 35.8352053 ], [ -78.7219857, 35.8351246 ], [ -78.7219119, 35.8350381 ], [ -78.7218633, 35.8350065 ], [ -78.7218334, 35.8349959 ], [ -78.7218028, 35.8349987 ], [ -78.7217556, 35.8350368 ], [ -78.7217313, 35.835087 ], [ -78.7217325, 35.8351233 ], [ -78.7217671, 35.8351853 ], [ -78.7218017, 35.8352223 ], [ -78.7218882, 35.835288 ], [ -78.7219095, 35.8353089 ], [ -78.7219649, 35.8353954 ], [ -78.7219907, 35.8354473 ], [ -78.7219937, 35.8354967 ], [ -78.7219834, 35.8355757 ], [ -78.7219874, 35.8356212 ], [ -78.722007, 35.835662 ], [ -78.7220668, 35.8357191 ], [ -78.7221144, 35.8357435 ], [ -78.7221655, 35.8357543 ], [ -78.7222146, 35.8357607 ], [ -78.7222602, 35.8357515 ], [ -78.7223016, 35.8357354 ], [ -78.7223771, 35.8356832 ], [ -78.7224306, 35.8356619 ], [ -78.7224998, 35.8356406 ], [ -78.7225588, 35.8356279 ], [ -78.7226149, 35.8356278 ], [ -78.7228746, 35.8356126 ], [ -78.7229892, 35.8356102 ], [ -78.7230893, 35.8355966 ], [ -78.7231484, 35.8355853 ], [ -78.7232082, 35.8355657 ], [ -78.7233028, 35.8355234 ], [ -78.7233921, 35.8354785 ], [ -78.7234659, 35.8354234 ], [ -78.7234765, 35.8353797 ], [ -78.7234959, 35.8352202 ], [ -78.7235101, 35.83517 ], [ -78.7235398, 35.8351119 ], [ -78.7235693, 35.8350421 ], [ -78.7236018, 35.8349922 ], [ -78.7236488, 35.8349439 ], [ -78.7236878, 35.8349137 ], [ -78.7237289, 35.8348724 ], [ -78.7237669, 35.8347916 ], [ -78.7237707, 35.83478 ], [ -78.7237909, 35.8346979 ], [ -78.7238106, 35.8346075 ], [ -78.7238231, 35.8345082 ], [ -78.7238293, 35.8344842 ], [ -78.7238459, 35.8344454 ], [ -78.7238715, 35.8344073 ], [ -78.7239015, 35.8343822 ], [ -78.7239517, 35.8343485 ], [ -78.7240258, 35.834315 ], [ -78.7240857, 35.8342926 ], [ -78.7241544, 35.8342659 ], [ -78.724204, 35.8342476 ], [ -78.7242276, 35.8342341 ], [ -78.7242921, 35.8341837 ], [ -78.7243274, 35.8341519 ], [ -78.7244312, 35.8340743 ], [ -78.7244875, 35.8340021 ], [ -78.7245098, 35.8339544 ], [ -78.7245271, 35.8338985 ], [ -78.7245816, 35.8338186 ], [ -78.7245953, 35.8338057 ], [ -78.7246408, 35.8337322 ], [ -78.7247569, 35.8335358 ], [ -78.7246566, 35.8333073 ], [ -78.7246678, 35.8332026 ], [ -78.7246828, 35.8329675 ], [ -78.7245918, 35.8328496 ], [ -78.7245615, 35.8325026 ], [ -78.7257088, 35.8324902 ], [ -78.7269731, 35.8324746 ] ], [ [ -78.7267483, 35.8836792 ], [ -78.7266694, 35.8839004 ], [ -78.7265997, 35.8841041 ], [ -78.7265473, 35.8843217 ], [ -78.725513, 35.884286 ], [ -78.7256958, 35.8840381 ], [ -78.725825, 35.8838448 ], [ -78.7259113, 35.8836168 ], [ -78.7267483, 35.8836792 ] ], [ [ -78.725518, 35.8298814 ], [ -78.7247765, 35.8300062 ], [ -78.7247454, 35.8299446 ], [ -78.7247129, 35.8298146 ], [ -78.7255129, 35.8296231 ], [ -78.725518, 35.8298814 ] ], [ [ -78.7241919, 35.850421 ], [ -78.7238522, 35.8504509 ], [ -78.7235731, 35.8504755 ], [ -78.7234857, 35.8501145 ], [ -78.723407, 35.849953 ], [ -78.7232367, 35.849624 ], [ -78.7231844, 35.8491319 ], [ -78.723, 35.848796 ], [ -78.72292, 35.848684 ], [ -78.7229084, 35.8486626 ], [ -78.7229595, 35.8483866 ], [ -78.7231115, 35.8482382 ], [ -78.7235076, 35.8481119 ], [ -78.7240107, 35.848057 ], [ -78.724007, 35.8481336 ], [ -78.7240394, 35.8481351 ], [ -78.7240735, 35.8487652 ], [ -78.7241288, 35.8487672 ], [ -78.7241111, 35.8492686 ], [ -78.7241136, 35.8496079 ], [ -78.7241367, 35.8499982 ], [ -78.724174, 35.850304 ], [ -78.7241919, 35.850421 ] ], [ [ -78.7237101, 35.8676035 ], [ -78.7234901, 35.86783 ], [ -78.7224404, 35.8671026 ], [ -78.7209979, 35.8684851 ], [ -78.7209725, 35.8685077 ], [ -78.7209522, 35.8685166 ], [ -78.7209242, 35.868518 ], [ -78.7209005, 35.868516 ], [ -78.7208657, 35.8685 ], [ -78.7194995, 35.8675518 ], [ -78.7201114, 35.8669671 ], [ -78.7204874, 35.8672244 ], [ -78.7216316, 35.8661285 ], [ -78.7217238, 35.8661655 ], [ -78.7221319, 35.8654146 ], [ -78.7235098, 35.8659688 ], [ -78.7234507, 35.8660714 ], [ -78.7234322, 35.8661782 ], [ -78.7234171, 35.8662571 ], [ -78.7233869, 35.8663639 ], [ -78.7232677, 35.8666191 ], [ -78.7232912, 35.8668096 ], [ -78.7234289, 35.8674212 ], [ -78.7237101, 35.8676035 ] ], [ [ -78.722327, 35.851415 ], [ -78.7223108, 35.851701 ], [ -78.7222659, 35.8524963 ], [ -78.7217222, 35.8524766 ], [ -78.7174717, 35.8523346 ], [ -78.7168227, 35.8523129 ], [ -78.7143177, 35.8522203 ], [ -78.7142631, 35.8522185 ], [ -78.7113979, 35.8521331 ], [ -78.7113567, 35.8516209 ], [ -78.7113202, 35.8511775 ], [ -78.7109845, 35.8512038 ], [ -78.7109314, 35.8508088 ], [ -78.7109181, 35.8506941 ], [ -78.7109012, 35.8506936 ], [ -78.7108149, 35.8503501 ], [ -78.7107594, 35.8501281 ], [ -78.7107761, 35.8501283 ], [ -78.7107291, 35.8499302 ], [ -78.7105563, 35.8491948 ], [ -78.7105007, 35.8489577 ], [ -78.7104847, 35.8489601 ], [ -78.7104155, 35.8486698 ], [ -78.7104327, 35.8486663 ], [ -78.7102706, 35.8479832 ], [ -78.7102322, 35.847666 ], [ -78.7102281, 35.8474659 ], [ -78.7102261, 35.8473868 ], [ -78.7102406, 35.8471563 ], [ -78.7102648, 35.8469841 ], [ -78.7103142, 35.8467719 ], [ -78.7103996, 35.8465073 ], [ -78.7104593, 35.8463393 ], [ -78.7105234, 35.8462029 ], [ -78.7105927, 35.8460604 ], [ -78.7108385, 35.8456975 ], [ -78.7109126, 35.8457193 ], [ -78.711003, 35.8456046 ], [ -78.7110652, 35.8455287 ], [ -78.7113027, 35.8452991 ], [ -78.7118262, 35.8448694 ], [ -78.71195, 35.8447757 ], [ -78.7118089, 35.8446757 ], [ -78.7119517, 35.8445454 ], [ -78.712614, 35.8440686 ], [ -78.7129404, 35.8438321 ], [ -78.7134706, 35.8434487 ], [ -78.7137765, 35.8432278 ], [ -78.7140449, 35.8428045 ], [ -78.7140981, 35.8427151 ], [ -78.7144248, 35.8423078 ], [ -78.7144771, 35.8421289 ], [ -78.7145079, 35.841957 ], [ -78.7145269, 35.8417505 ], [ -78.7145263, 35.8415407 ], [ -78.7144995, 35.8412816 ], [ -78.7143788, 35.8408362 ], [ -78.7142833, 35.8404774 ], [ -78.7141943, 35.8401587 ], [ -78.7144389, 35.8401693 ], [ -78.7143135, 35.8397475 ], [ -78.7142104, 35.8393958 ], [ -78.7143003, 35.8393965 ], [ -78.7149797, 35.8394016 ], [ -78.7147785, 35.8386919 ], [ -78.7158489, 35.8387261 ], [ -78.7181313, 35.8387926 ], [ -78.7197601, 35.8388395 ], [ -78.719789, 35.8388403 ], [ -78.7197411, 35.8389371 ], [ -78.7196833, 35.8390095 ], [ -78.7196234, 35.8390589 ], [ -78.7195475, 35.8391101 ], [ -78.7194437, 35.8392206 ], [ -78.7193777, 35.8392695 ], [ -78.7193062, 35.8393001 ], [ -78.7192394, 35.8393514 ], [ -78.7192197, 35.8393946 ], [ -78.7192049, 35.8395175 ], [ -78.7191685, 35.8396207 ], [ -78.7190971, 35.8397239 ], [ -78.7189631, 35.8398668 ], [ -78.718925, 35.839921 ], [ -78.7188626, 35.8399946 ], [ -78.7187405, 35.840181 ], [ -78.7187006, 35.8402308 ], [ -78.7186916, 35.8402675 ], [ -78.7186996, 35.8403336 ], [ -78.7187429, 35.8404658 ], [ -78.7187809, 35.8406031 ], [ -78.7188388, 35.8407471 ], [ -78.718952, 35.8409052 ], [ -78.7190052, 35.8409683 ], [ -78.7190387, 35.84102 ], [ -78.7190944, 35.8411445 ], [ -78.7191047, 35.841192 ], [ -78.7191032, 35.8412522 ], [ -78.7190775, 35.8413267 ], [ -78.7190634, 35.8414101 ], [ -78.7190633, 35.8414638 ], [ -78.7190607, 35.8414926 ], [ -78.719061, 35.8415144 ], [ -78.7190738, 35.8415851 ], [ -78.7190914, 35.8416841 ], [ -78.7191168, 35.841787 ], [ -78.7191254, 35.8418973 ], [ -78.719112, 35.8420912 ], [ -78.7191001, 35.8422463 ], [ -78.719076, 35.8423363 ], [ -78.7190643, 35.8424029 ], [ -78.7190418, 35.8424728 ], [ -78.7189999, 35.8425773 ], [ -78.7189724, 35.8426217 ], [ -78.7189425, 35.8426668 ], [ -78.7188813, 35.8427986 ], [ -78.7188726, 35.8428366 ], [ -78.7188682, 35.8428648 ], [ -78.7188753, 35.8429302 ], [ -78.718873, 35.8429758 ], [ -78.7188553, 35.8430563 ], [ -78.7188568, 35.8430936 ], [ -78.7188741, 35.8431293 ], [ -78.7189023, 35.8431635 ], [ -78.718939, 35.8431901 ], [ -78.7190567, 35.8432566 ], [ -78.719096, 35.8432744 ], [ -78.7191604, 35.843294 ], [ -78.7192108, 35.8433164 ], [ -78.719282, 35.8433505 ], [ -78.7193552, 35.8433909 ], [ -78.7194051, 35.8434279 ], [ -78.7194821, 35.8434979 ], [ -78.7196561, 35.8436148 ], [ -78.7197375, 35.843683 ], [ -78.719873, 35.8437681 ], [ -78.7199633, 35.8438017 ], [ -78.7200187, 35.8438212 ], [ -78.720085, 35.8438318 ], [ -78.7201321, 35.8438405 ], [ -78.7201806, 35.8438418 ], [ -78.7202038, 35.8438435 ], [ -78.7202425, 35.84385 ], [ -78.7202733, 35.8438558 ], [ -78.7202996, 35.8438621 ], [ -78.7203365, 35.8438738 ], [ -78.7203639, 35.8438734 ], [ -78.7203867, 35.8438756 ], [ -78.7204031, 35.843879 ], [ -78.7204655, 35.8439052 ], [ -78.7204781, 35.8439092 ], [ -78.720512, 35.8439176 ], [ -78.720533, 35.843924 ], [ -78.7205555, 35.8439328 ], [ -78.7206404, 35.8439757 ], [ -78.7206564, 35.8439823 ], [ -78.7207502, 35.8440127 ], [ -78.7208104, 35.8440401 ], [ -78.7208466, 35.8440519 ], [ -78.7209037, 35.8440616 ], [ -78.7209238, 35.8440716 ], [ -78.7209724, 35.8441109 ], [ -78.7209953, 35.8441233 ], [ -78.7210944, 35.8441397 ], [ -78.7211147, 35.844148 ], [ -78.7211357, 35.8441618 ], [ -78.7211474, 35.8441775 ], [ -78.7211501, 35.8441948 ], [ -78.7211466, 35.8442125 ], [ -78.7211374, 35.8442388 ], [ -78.7210911, 35.8443131 ], [ -78.7210838, 35.8443441 ], [ -78.7210844, 35.8443713 ], [ -78.7211001, 35.8444497 ], [ -78.7211009, 35.8444578 ], [ -78.7211094, 35.8444898 ], [ -78.7211376, 35.8445488 ], [ -78.7211678, 35.8446605 ], [ -78.7211769, 35.8446829 ], [ -78.7212254, 35.844753 ], [ -78.721253, 35.8447805 ], [ -78.7213133, 35.8448776 ], [ -78.7213243, 35.8449215 ], [ -78.7213096, 35.8450356 ], [ -78.7212995, 35.8450712 ], [ -78.7212911, 35.8451137 ], [ -78.721269, 35.8451881 ], [ -78.7212597, 35.8452195 ], [ -78.7212416, 35.8452766 ], [ -78.7212373, 35.8452861 ], [ -78.7211373, 35.8452657 ], [ -78.7209215, 35.8452289 ], [ -78.7207992, 35.8451947 ], [ -78.7207101, 35.8451634 ], [ -78.7205096, 35.8450808 ], [ -78.7203806, 35.8450472 ], [ -78.7202673, 35.8450325 ], [ -78.7201929, 35.8450305 ], [ -78.7201105, 35.8450236 ], [ -78.7200169, 35.8450211 ], [ -78.7199117, 35.8450149 ], [ -78.7196896, 35.8450306 ], [ -78.7196188, 35.8450373 ], [ -78.7195367, 35.8450468 ], [ -78.7193452, 35.8450558 ], [ -78.7192711, 35.8450531 ], [ -78.7191935, 35.8450471 ], [ -78.7190116, 35.8450405 ], [ -78.7188478, 35.8450136 ], [ -78.7187808, 35.8449972 ], [ -78.7186244, 35.8449378 ], [ -78.7185622, 35.8448977 ], [ -78.7185063, 35.8448678 ], [ -78.718361, 35.844769 ], [ -78.7183497, 35.8447508 ], [ -78.7183316, 35.8447275 ], [ -78.7183242, 35.8447465 ], [ -78.7183203, 35.8448066 ], [ -78.7183193, 35.8448132 ], [ -78.717898, 35.8475938 ], [ -78.7176879, 35.8489801 ], [ -78.7176676, 35.8491127 ], [ -78.7176414, 35.8492839 ], [ -78.717344, 35.851229 ], [ -78.722327, 35.851415 ] ], [ [ -78.7191249, 35.7576913 ], [ -78.7186757, 35.7593503 ], [ -78.7173056, 35.7586582 ], [ -78.7172498, 35.7585116 ], [ -78.7171597, 35.7581018 ], [ -78.717134, 35.757544 ], [ -78.7191249, 35.7576913 ] ], [ [ -78.715306, 35.8699438 ], [ -78.7152471, 35.870629 ], [ -78.7152361, 35.870729 ], [ -78.7152312, 35.870792 ], [ -78.7152279, 35.8708642 ], [ -78.7152271, 35.8709506 ], [ -78.7152301, 35.8710559 ], [ -78.7152359, 35.871131 ], [ -78.7152432, 35.871203 ], [ -78.7152496, 35.8712514 ], [ -78.7151689, 35.8712579 ], [ -78.7139031, 35.8712105 ], [ -78.7139911, 35.8698378 ], [ -78.714217, 35.8698583 ], [ -78.7144981, 35.869875 ], [ -78.7146551, 35.8698703 ], [ -78.7152372, 35.8698713 ], [ -78.7152637, 35.8698745 ], [ -78.7152847, 35.8698846 ], [ -78.7152999, 35.8698993 ], [ -78.715305, 35.8699165 ], [ -78.715306, 35.8699438 ] ], [ [ -78.7146781, 35.8191008 ], [ -78.7146311, 35.8210618 ], [ -78.7146021, 35.8210506 ], [ -78.7145021, 35.8211237 ], [ -78.7144098, 35.8211405 ], [ -78.7143023, 35.8211383 ], [ -78.7142695, 35.821223 ], [ -78.7141782, 35.8212891 ], [ -78.7141197, 35.8212864 ], [ -78.7141005, 35.8212452 ], [ -78.7139364, 35.8213247 ], [ -78.7137845, 35.8214051 ], [ -78.7127888, 35.8211398 ], [ -78.7129825, 35.8205037 ], [ -78.7124521, 35.8203859 ], [ -78.7122533, 35.8209967 ], [ -78.711589, 35.8208193 ], [ -78.7110955, 35.8206861 ], [ -78.710868, 35.8207281 ], [ -78.7104621, 35.8211667 ], [ -78.7100358, 35.8215462 ], [ -78.7094699, 35.8220259 ], [ -78.7087639, 35.8226228 ], [ -78.7086875, 35.8226081 ], [ -78.7086836, 35.8226046 ], [ -78.7085186, 35.8225407 ], [ -78.7083052, 35.8224573 ], [ -78.708282, 35.822455 ], [ -78.7078162, 35.8224485 ], [ -78.7074196, 35.8223676 ], [ -78.7071157, 35.8222205 ], [ -78.7055951, 35.8221871 ], [ -78.7052506, 35.8215379 ], [ -78.7051456, 35.8211311 ], [ -78.7050647, 35.8207965 ], [ -78.7050263, 35.8204351 ], [ -78.7050166, 35.8200648 ], [ -78.7050521, 35.8194441 ], [ -78.705023, 35.8192626 ], [ -78.705029, 35.8190962 ], [ -78.7057616, 35.8192758 ], [ -78.7062247, 35.8193983 ], [ -78.7083334, 35.819942 ], [ -78.7084576, 35.8199576 ], [ -78.7085417, 35.8189426 ], [ -78.7146781, 35.8191008 ] ], [ [ -78.7131002, 35.8714264 ], [ -78.7130092, 35.8724531 ], [ -78.7130637, 35.8730512 ], [ -78.7128806, 35.8730462 ], [ -78.7127702, 35.8730455 ], [ -78.7127164, 35.8730451 ], [ -78.7123487, 35.8730472 ], [ -78.712032, 35.8730579 ], [ -78.7119006, 35.8726639 ], [ -78.7115017, 35.872655 ], [ -78.7116201, 35.8731096 ], [ -78.7113642, 35.8731394 ], [ -78.7109344, 35.8731617 ], [ -78.7107372, 35.8731599 ], [ -78.7105044, 35.8731497 ], [ -78.7102996, 35.8731472 ], [ -78.7092892, 35.873125 ], [ -78.7088306, 35.873112 ], [ -78.7088961, 35.8725805 ], [ -78.7092679, 35.8725865 ], [ -78.710904, 35.8726459 ], [ -78.7111765, 35.8716656 ], [ -78.7112953, 35.8716513 ], [ -78.7114198, 35.87163 ], [ -78.7119688, 35.8714862 ], [ -78.7121424, 35.8714426 ], [ -78.7123087, 35.8714133 ], [ -78.7124532, 35.8714002 ], [ -78.7125743, 35.8714004 ], [ -78.7127927, 35.8714049 ], [ -78.7128233, 35.8714058 ], [ -78.7128396, 35.871409 ], [ -78.7128536, 35.8714148 ], [ -78.7128635, 35.8714217 ], [ -78.7128723, 35.8714302 ], [ -78.7131002, 35.8714264 ] ], [ [ -78.7123636, 35.8818965 ], [ -78.7093196, 35.8829035 ], [ -78.7089068, 35.882154 ], [ -78.7123487, 35.8812112 ], [ -78.7123636, 35.8818965 ] ], [ [ -78.7121875, 35.8863492 ], [ -78.7111576, 35.8865701 ], [ -78.7108335, 35.8856986 ], [ -78.7121693, 35.8854035 ], [ -78.7121875, 35.8863492 ] ], [ [ -78.7097232, 35.8840081 ], [ -78.7096168, 35.8840175 ], [ -78.7085504, 35.884014 ], [ -78.7088743, 35.883868 ], [ -78.7094877, 35.8835758 ], [ -78.7097232, 35.8840081 ] ], [ [ -78.70878, 35.8824876 ], [ -78.7076642, 35.8828961 ], [ -78.7071492, 35.8821746 ], [ -78.7070301, 35.8820157 ], [ -78.7081899, 35.8814271 ], [ -78.70878, 35.8824876 ] ], [ [ -78.705807, 35.759573 ], [ -78.705617, 35.759867 ], [ -78.705049, 35.760752 ], [ -78.70486, 35.761047 ], [ -78.70463, 35.760962 ], [ -78.703941, 35.760708 ], [ -78.703712, 35.760624 ], [ -78.703712, 35.760617 ], [ -78.703745, 35.760438 ], [ -78.703785, 35.760301 ], [ -78.703803, 35.760243 ], [ -78.703864, 35.760072 ], [ -78.703939, 35.759901 ], [ -78.704022, 35.759742 ], [ -78.70422, 35.75941 ], [ -78.7042772, 35.7593173 ], [ -78.704392, 35.759126 ], [ -78.704675, 35.759215 ], [ -78.705523, 35.759483 ], [ -78.705807, 35.759573 ] ], [ [ -78.7037305, 35.8974008 ], [ -78.7037085, 35.8980212 ], [ -78.7034344, 35.8980092 ], [ -78.7034023, 35.8986706 ], [ -78.7027872, 35.8986451 ], [ -78.7027909, 35.898536 ], [ -78.7020801, 35.8985207 ], [ -78.7015212, 35.8985091 ], [ -78.7014806, 35.8983407 ], [ -78.701451, 35.8981707 ], [ -78.7014353, 35.8980125 ], [ -78.7014322, 35.8978657 ], [ -78.7014394, 35.897596 ], [ -78.7014488, 35.8973101 ], [ -78.7021798, 35.8973419 ], [ -78.7021843, 35.8973155 ], [ -78.7028561, 35.8973457 ], [ -78.7028234, 35.8979836 ], [ -78.7030234, 35.897993 ], [ -78.7030477, 35.8973697 ], [ -78.7037305, 35.8974008 ] ], [ [ -78.7025249, 35.8968744 ], [ -78.7018764, 35.8968642 ], [ -78.70153, 35.8968577 ], [ -78.7015183, 35.8968427 ], [ -78.7015128, 35.8968175 ], [ -78.7014693, 35.8968157 ], [ -78.7014879, 35.8965406 ], [ -78.701491, 35.8963429 ], [ -78.7022636, 35.8963654 ], [ -78.7025249, 35.8968744 ] ], [ [ -78.7012669, 35.895906 ], [ -78.701254, 35.8962295 ], [ -78.7009764, 35.896193 ], [ -78.7005637, 35.8962108 ], [ -78.7004302, 35.8961455 ], [ -78.7003543, 35.8961413 ], [ -78.7003724, 35.8958668 ], [ -78.7012669, 35.895906 ] ], [ [ -78.6993348, 35.7581245 ], [ -78.69932, 35.7581742 ], [ -78.6991489, 35.7584919 ], [ -78.6990709, 35.7586118 ], [ -78.6989638, 35.7587626 ], [ -78.698784, 35.758969 ], [ -78.6984449, 35.759349 ], [ -78.6982213, 35.7595792 ], [ -78.6979872, 35.7598009 ], [ -78.6964027, 35.7597623 ], [ -78.6937189, 35.7597027 ], [ -78.6921726, 35.7596667 ], [ -78.6923174, 35.7601979 ], [ -78.692562, 35.7610842 ], [ -78.692771, 35.7618475 ], [ -78.6926373, 35.7651765 ], [ -78.6925412, 35.7669069 ], [ -78.6925172, 35.7674842 ], [ -78.6921604, 35.7676342 ], [ -78.69199, 35.7678 ], [ -78.6918194, 35.7678528 ], [ -78.6916756, 35.767943 ], [ -78.691725, 35.7680801 ], [ -78.6909547, 35.7680879 ], [ -78.6908094, 35.768266 ], [ -78.6907468, 35.7682903 ], [ -78.6906887, 35.7683172 ], [ -78.6906316, 35.7683479 ], [ -78.6905861, 35.7683785 ], [ -78.6905453, 35.7684177 ], [ -78.6904693, 35.7686021 ], [ -78.6903832, 35.7688141 ], [ -78.690367, 35.7688677 ], [ -78.6903472, 35.7689084 ], [ -78.6902814, 35.7689641 ], [ -78.6901736, 35.7690265 ], [ -78.6901149, 35.7690537 ], [ -78.6900382, 35.7690825 ], [ -78.6898552, 35.7691173 ], [ -78.6897786, 35.7691414 ], [ -78.6897084, 35.769149 ], [ -78.6896004, 35.7691393 ], [ -78.6895201, 35.7691029 ], [ -78.6894651, 35.7690925 ], [ -78.6893781, 35.7691064 ], [ -78.6893359, 35.7691258 ], [ -78.6892943, 35.7691321 ], [ -78.6892671, 35.7691251 ], [ -78.6891237, 35.7690738 ], [ -78.6890678, 35.7690789 ], [ -78.6889978, 35.7691247 ], [ -78.688943, 35.7691417 ], [ -78.688975, 35.7668013 ], [ -78.6889764, 35.7667016 ], [ -78.6890255, 35.7596976 ], [ -78.6890916, 35.7596931 ], [ -78.6915587, 35.7566334 ], [ -78.6923641, 35.7572013 ], [ -78.6929121, 35.7563101 ], [ -78.693788, 35.7563322 ], [ -78.6949526, 35.7563439 ], [ -78.6979741, 35.7564206 ], [ -78.697933, 35.7569096 ], [ -78.6993269, 35.756988 ], [ -78.6993291, 35.75742 ], [ -78.6993348, 35.7581245 ] ], [ [ -78.69559, 35.7524442 ], [ -78.6953719, 35.7529314 ], [ -78.6948535, 35.7528875 ], [ -78.6949448, 35.7525264 ], [ -78.6953247, 35.7524813 ], [ -78.69559, 35.7524442 ] ], [ [ -78.6875246, 35.8339531 ], [ -78.687519, 35.834277 ], [ -78.6875116, 35.834533 ], [ -78.6871112, 35.8347294 ], [ -78.6871141, 35.8345644 ], [ -78.686397, 35.8346364 ], [ -78.6855828, 35.8347178 ], [ -78.6843052, 35.8349265 ], [ -78.6832616, 35.8355675 ], [ -78.6832219, 35.835397 ], [ -78.6846113, 35.8345909 ], [ -78.6846241, 35.8345836 ], [ -78.6846327, 35.8345712 ], [ -78.6846334, 35.8345573 ], [ -78.6846257, 35.8345434 ], [ -78.6844258, 35.834284 ], [ -78.6838604, 35.8335227 ], [ -78.6829329, 35.8325721 ], [ -78.682594, 35.8328476 ], [ -78.6821869, 35.8330474 ], [ -78.6818077, 35.8326589 ], [ -78.6817743, 35.8326239 ], [ -78.6819003, 35.832558 ], [ -78.6821427, 35.8324297 ], [ -78.6823149, 35.8323238 ], [ -78.6824978, 35.8321884 ], [ -78.6826728, 35.8320122 ], [ -78.6829911, 35.8323634 ], [ -78.6834398, 35.8328389 ], [ -78.6839954, 35.8326315 ], [ -78.6839502, 35.8324354 ], [ -78.6833644, 35.8318104 ], [ -78.6830931, 35.8315197 ], [ -78.6833046, 35.831272 ], [ -78.6833637, 35.8312093 ], [ -78.6834259, 35.8311635 ], [ -78.6835165, 35.831115 ], [ -78.683626, 35.8310805 ], [ -78.6837338, 35.8310647 ], [ -78.683831, 35.8310605 ], [ -78.6839404, 35.831068 ], [ -78.684155, 35.8311085 ], [ -78.6843502, 35.8311488 ], [ -78.6845304, 35.8311865 ], [ -78.6846842, 35.8312083 ], [ -78.6848121, 35.8312128 ], [ -78.6849334, 35.8312045 ], [ -78.6850205, 35.8311957 ], [ -78.6850975, 35.8311796 ], [ -78.6852032, 35.8311493 ], [ -78.6853282, 35.8311012 ], [ -78.6854245, 35.8310513 ], [ -78.6855027, 35.8310024 ], [ -78.6855736, 35.8309502 ], [ -78.6855892, 35.8309305 ], [ -78.6859552, 35.8306778 ], [ -78.6861959, 35.8305212 ], [ -78.686316, 35.8304531 ], [ -78.6863287, 35.8304719 ], [ -78.6864221, 35.8304269 ], [ -78.6865156, 35.8303841 ], [ -78.6866335, 35.8303392 ], [ -78.6867237, 35.8303101 ], [ -78.6867648, 35.8304971 ], [ -78.6868961, 35.8307659 ], [ -78.6869014, 35.8308104 ], [ -78.6870322, 35.8314118 ], [ -78.687094, 35.8317005 ], [ -78.6871645, 35.8320266 ], [ -78.687266, 35.8324891 ], [ -78.6873021, 35.8327665 ], [ -78.6873532, 35.8330018 ], [ -78.6873201, 35.8330069 ], [ -78.6874327, 35.8335263 ], [ -78.6875246, 35.8339531 ] ], [ [ -78.6874738, 35.8629602 ], [ -78.6874157, 35.8640278 ], [ -78.6873988, 35.8642429 ], [ -78.6863737, 35.8641216 ], [ -78.6862054, 35.8634359 ], [ -78.686249, 35.862942 ], [ -78.6865602, 35.8629555 ], [ -78.6874738, 35.8629602 ] ], [ [ -78.6850305, 35.8638343 ], [ -78.6849604, 35.8643306 ], [ -78.6848632, 35.8643245 ], [ -78.6847661, 35.8651269 ], [ -78.6848558, 35.865136 ], [ -78.6848109, 35.8654993 ], [ -78.6842692, 35.8653206 ], [ -78.6841982, 35.8652328 ], [ -78.6841896, 35.86411 ], [ -78.6843083, 35.86406 ], [ -78.6844598, 35.8640002 ], [ -78.6846065, 35.8639495 ], [ -78.6848038, 35.86389 ], [ -78.6849275, 35.8638568 ], [ -78.6850305, 35.8638343 ] ], [ [ -78.6834236, 35.8659979 ], [ -78.6827571, 35.8660432 ], [ -78.6827016, 35.8666141 ], [ -78.6819339, 35.8665884 ], [ -78.6819364, 35.8665597 ], [ -78.6819466, 35.8664738 ], [ -78.6819598, 35.8662893 ], [ -78.6819712, 35.8661533 ], [ -78.6819731, 35.8660173 ], [ -78.6819674, 35.8659005 ], [ -78.6819636, 35.8658367 ], [ -78.6819361, 35.8657014 ], [ -78.681922, 35.8656498 ], [ -78.6818355, 35.8656425 ], [ -78.6812665, 35.8655922 ], [ -78.6812491, 35.8655047 ], [ -78.6812178, 35.8653281 ], [ -78.681216, 35.8652963 ], [ -78.6810578, 35.8652637 ], [ -78.6807892, 35.8652144 ], [ -78.6807346, 35.8652018 ], [ -78.6807489, 35.8650791 ], [ -78.6796955, 35.8649845 ], [ -78.6797095, 35.8642018 ], [ -78.679736, 35.86364 ], [ -78.6797536, 35.8633137 ], [ -78.6797497, 35.8631722 ], [ -78.6806105, 35.8631708 ], [ -78.6806009, 35.8631013 ], [ -78.6806169, 35.8624656 ], [ -78.6797581, 35.8624744 ], [ -78.679761, 35.8616526 ], [ -78.6802476, 35.861651 ], [ -78.6805906, 35.8616441 ], [ -78.6809587, 35.8616367 ], [ -78.6809943, 35.8626382 ], [ -78.6809919, 35.8628728 ], [ -78.680993, 35.862997 ], [ -78.6809852, 35.8631559 ], [ -78.6809773, 35.8632608 ], [ -78.6810006, 35.8633835 ], [ -78.6810302, 35.8635389 ], [ -78.6810618, 35.8636686 ], [ -78.6811159, 35.8637966 ], [ -78.6811701, 35.8639021 ], [ -78.6812552, 35.8640677 ], [ -78.6824124, 35.8639994 ], [ -78.6825043, 35.8641957 ], [ -78.6822776, 35.8642395 ], [ -78.6821631, 35.8642578 ], [ -78.6818376, 35.8643096 ], [ -78.6814905, 35.8643688 ], [ -78.6817705, 35.864934 ], [ -78.6820512, 35.8656309 ], [ -78.6820916, 35.8657746 ], [ -78.6834228, 35.8659623 ], [ -78.6834236, 35.8659979 ] ], [ [ -78.6804832, 35.8825026 ], [ -78.6792742, 35.8824811 ], [ -78.6792226, 35.8824802 ], [ -78.6792114, 35.8823725 ], [ -78.6792064, 35.8823201 ], [ -78.6791865, 35.8821193 ], [ -78.6791694, 35.8819426 ], [ -78.6791394, 35.8816386 ], [ -78.6804284, 35.8816777 ], [ -78.6804832, 35.8825026 ] ], [ [ -78.6801867, 35.9017942 ], [ -78.6800848, 35.9017783 ], [ -78.6798827, 35.9013638 ], [ -78.6799725, 35.9013341 ], [ -78.6801867, 35.9017942 ] ], [ [ -78.6800697, 35.8490941 ], [ -78.6791326, 35.8491347 ], [ -78.6778111, 35.8491313 ], [ -78.6778121, 35.8488417 ], [ -78.6788467, 35.8489419 ], [ -78.6800035, 35.8482256 ], [ -78.6800697, 35.8490941 ] ], [ [ -78.6798426, 35.8770278 ], [ -78.6791979, 35.8770583 ], [ -78.6791762, 35.87706 ], [ -78.6792011, 35.8768807 ], [ -78.6792389, 35.876882 ], [ -78.6792568, 35.876746 ], [ -78.6798366, 35.8767489 ], [ -78.6798426, 35.8770278 ] ], [ [ -78.6791544, 35.8749374 ], [ -78.6791334, 35.8750993 ], [ -78.67913, 35.875126 ], [ -78.6790929, 35.8754121 ], [ -78.6790673, 35.875601 ], [ -78.6790402, 35.8758005 ], [ -78.6790271, 35.8759011 ], [ -78.6789869, 35.8759013 ], [ -78.6784056, 35.8759038 ], [ -78.6784153, 35.8758366 ], [ -78.6784812, 35.875379 ], [ -78.6785191, 35.875113 ], [ -78.6785471, 35.8749162 ], [ -78.6789533, 35.8749321 ], [ -78.6791544, 35.8749374 ] ], [ [ -78.6788882, 35.8827152 ], [ -78.6787251, 35.8828665 ], [ -78.6776559, 35.8828222 ], [ -78.6777164, 35.8818734 ], [ -78.6776558, 35.8818365 ], [ -78.6776965, 35.8815455 ], [ -78.6788046, 35.8815509 ], [ -78.6788664, 35.8824069 ], [ -78.6788865, 35.8825855 ], [ -78.6788882, 35.8827152 ] ], [ [ -78.6788634, 35.8769994 ], [ -78.6788067, 35.8774385 ], [ -78.6788006, 35.8774861 ], [ -78.6788167, 35.8774848 ], [ -78.6788139, 35.877513 ], [ -78.6788118, 35.8775331 ], [ -78.6788076, 35.8775748 ], [ -78.6788058, 35.8775935 ], [ -78.6788044, 35.8776069 ], [ -78.6787514, 35.8780206 ], [ -78.6787019, 35.8782129 ], [ -78.6786904, 35.8782616 ], [ -78.6786797, 35.8783072 ], [ -78.6786692, 35.8783636 ], [ -78.6786599, 35.8784053 ], [ -78.6775087, 35.8783971 ], [ -78.6774826, 35.8783969 ], [ -78.6753254, 35.8783769 ], [ -78.675346, 35.8771495 ], [ -78.6753487, 35.8769818 ], [ -78.6761495, 35.8769706 ], [ -78.6767972, 35.8769615 ], [ -78.6782674, 35.8769409 ], [ -78.6788634, 35.8769994 ] ], [ [ -78.678654, 35.748119 ], [ -78.678614, 35.74813 ], [ -78.678497, 35.748165 ], [ -78.678458, 35.748177 ], [ -78.678454, 35.748174 ], [ -78.678396, 35.74814 ], [ -78.6781903, 35.7481586 ], [ -78.677811, 35.747939 ], [ -78.675849, 35.747279 ], [ -78.6754784, 35.7471465 ], [ -78.675341, 35.747093 ], [ -78.6752699, 35.7470632 ], [ -78.6752228, 35.7470378 ], [ -78.675488, 35.746856 ], [ -78.676361, 35.746263 ], [ -78.676653, 35.746066 ], [ -78.67706, 35.746428 ], [ -78.67757, 35.746881 ], [ -78.677609, 35.746827 ], [ -78.677833, 35.746966 ], [ -78.678003, 35.746827 ], [ -78.678276, 35.747127 ], [ -78.678644, 35.747531 ], [ -78.678641, 35.747648 ], [ -78.678637, 35.747872 ], [ -78.678645, 35.748001 ], [ -78.678654, 35.748119 ] ], [ [ -78.6751182, 35.8430313 ], [ -78.6750706, 35.8432243 ], [ -78.6750284, 35.8435745 ], [ -78.6746052, 35.8435336 ], [ -78.6744237, 35.8435358 ], [ -78.6742647, 35.8435379 ], [ -78.6739774, 35.8435417 ], [ -78.6735002, 35.843548 ], [ -78.6711998, 35.843579 ], [ -78.670601, 35.8435871 ], [ -78.6706609, 35.8432088 ], [ -78.6708657, 35.8430641 ], [ -78.6709544, 35.8424708 ], [ -78.6716224, 35.8424115 ], [ -78.671742, 35.8424009 ], [ -78.671717, 35.8420904 ], [ -78.6721492, 35.8420863 ], [ -78.6722063, 35.8419574 ], [ -78.6722584, 35.8416788 ], [ -78.672327, 35.8412742 ], [ -78.6723934, 35.8409074 ], [ -78.6729456, 35.8408828 ], [ -78.672473, 35.8398652 ], [ -78.6731175, 35.839842 ], [ -78.6733769, 35.8398334 ], [ -78.6737295, 35.8398218 ], [ -78.6737527, 35.8399162 ], [ -78.6738577, 35.8401448 ], [ -78.6740959, 35.8407067 ], [ -78.6742823, 35.8410763 ], [ -78.6743655, 35.8412443 ], [ -78.674415, 35.8413615 ], [ -78.6744251, 35.8413762 ], [ -78.6744444, 35.8413883 ], [ -78.6745141, 35.8415922 ], [ -78.6745718, 35.84189 ], [ -78.6745899, 35.8420363 ], [ -78.6746574, 35.8429783 ], [ -78.674683, 35.8430187 ], [ -78.6747382, 35.8430304 ], [ -78.6748297, 35.8430402 ], [ -78.6748979, 35.8430448 ], [ -78.6749347, 35.8430454 ], [ -78.674994, 35.8430444 ], [ -78.6750492, 35.8430401 ], [ -78.6751182, 35.8430313 ] ], [ [ -78.6661161, 35.9041239 ], [ -78.6661121, 35.9057431 ], [ -78.6660996, 35.9067578 ], [ -78.66608, 35.9083519 ], [ -78.6654914, 35.9083424 ], [ -78.6653242, 35.9083397 ], [ -78.6641446, 35.9083205 ], [ -78.6639591, 35.9083175 ], [ -78.6637888, 35.9083148 ], [ -78.6627718, 35.9082983 ], [ -78.6627787, 35.9079748 ], [ -78.6627825, 35.9077965 ], [ -78.6628606, 35.9041207 ], [ -78.6641704, 35.9035355 ], [ -78.6644505, 35.9034137 ], [ -78.6644017, 35.9033172 ], [ -78.664342, 35.9031613 ], [ -78.6642985, 35.9030132 ], [ -78.6642189, 35.9026158 ], [ -78.6641782, 35.902575 ], [ -78.6647763, 35.9025182 ], [ -78.665215, 35.902485 ], [ -78.6651577, 35.9043959 ], [ -78.6661161, 35.9041239 ] ], [ [ -78.6643371, 35.9033053 ], [ -78.6643205, 35.9033855 ], [ -78.6642767, 35.9034524 ], [ -78.664223, 35.9034973 ], [ -78.6641707, 35.9035351 ], [ -78.6641705, 35.9035353 ], [ -78.6641703, 35.9035354 ], [ -78.6641699, 35.9035356 ], [ -78.6641189, 35.9035517 ], [ -78.6640752, 35.9035628 ], [ -78.664018, 35.9035702 ], [ -78.6639575, 35.903568 ], [ -78.6638754, 35.9035509 ], [ -78.6638172, 35.9035283 ], [ -78.6637551, 35.9034852 ], [ -78.6637091, 35.9034382 ], [ -78.6636747, 35.9033752 ], [ -78.6636616, 35.9033043 ], [ -78.663668, 35.903238 ], [ -78.6636981, 35.90317 ], [ -78.6637393, 35.9031202 ], [ -78.6638085, 35.9030677 ], [ -78.6638798, 35.9030366 ], [ -78.6639355, 35.9030257 ], [ -78.6639926, 35.9030216 ], [ -78.6640489, 35.9030245 ], [ -78.6641083, 35.9030359 ], [ -78.664209, 35.9030772 ], [ -78.6642874, 35.9031473 ], [ -78.6643258, 35.9032244 ], [ -78.6643371, 35.9033053 ] ], [ [ -78.6544299, 35.7337019 ], [ -78.6536987, 35.7335875 ], [ -78.6530236, 35.7335335 ], [ -78.6527573, 35.7335139 ], [ -78.6523195, 35.7334837 ], [ -78.6523926, 35.732937 ], [ -78.6534678, 35.7330314 ], [ -78.6541489, 35.7330919 ], [ -78.6542647, 35.7330974 ], [ -78.6543998, 35.7330986 ], [ -78.6544299, 35.7337019 ] ], [ [ -78.6539949, 35.8934698 ], [ -78.6539761, 35.8935119 ], [ -78.6538622, 35.8936705 ], [ -78.6534242, 35.8942637 ], [ -78.6533191, 35.8944178 ], [ -78.6532145, 35.8945848 ], [ -78.6511228, 35.8945451 ], [ -78.6502511, 35.89453 ], [ -78.6502883, 35.893131 ], [ -78.6506356, 35.893071 ], [ -78.6509177, 35.8930352 ], [ -78.6513579, 35.8930047 ], [ -78.651828, 35.8929715 ], [ -78.6520924, 35.8929545 ], [ -78.6522948, 35.8929554 ], [ -78.6525348, 35.892968 ], [ -78.6527959, 35.893002 ], [ -78.6530005, 35.8930387 ], [ -78.6531609, 35.8930773 ], [ -78.653339, 35.8931284 ], [ -78.653558, 35.8932072 ], [ -78.6537483, 35.8932896 ], [ -78.6538976, 35.8933604 ], [ -78.6539673, 35.8933999 ], [ -78.6539883, 35.8934285 ], [ -78.6539949, 35.8934698 ] ], [ [ -78.6528115, 35.903313 ], [ -78.6513816, 35.9033334 ], [ -78.6507892, 35.9030136 ], [ -78.6501436, 35.9026647 ], [ -78.6500573, 35.9013046 ], [ -78.6495672, 35.9011385 ], [ -78.6499341, 35.9004949 ], [ -78.6501942, 35.9006058 ], [ -78.6504775, 35.9007125 ], [ -78.6506831, 35.9007821 ], [ -78.6511838, 35.9009492 ], [ -78.6513437, 35.9009827 ], [ -78.6515058, 35.9010144 ], [ -78.6517189, 35.9010481 ], [ -78.651931, 35.9010753 ], [ -78.6520689, 35.9011608 ], [ -78.6521657, 35.9012206 ], [ -78.6522143, 35.9013317 ], [ -78.6523032, 35.9015382 ], [ -78.6523823, 35.9017205 ], [ -78.6524253, 35.9018469 ], [ -78.6525569, 35.902231 ], [ -78.6525909, 35.9023627 ], [ -78.6526702, 35.9026658 ], [ -78.6526969, 35.9027744 ], [ -78.6527468, 35.9029994 ], [ -78.6527858, 35.903173 ], [ -78.6528115, 35.903313 ] ], [ [ -78.6525121, 35.9070879 ], [ -78.6524704, 35.9072394 ], [ -78.6524624, 35.9072684 ], [ -78.652425, 35.9074044 ], [ -78.652355, 35.9076214 ], [ -78.6516472, 35.9076132 ], [ -78.650692, 35.907602 ], [ -78.6489749, 35.9075745 ], [ -78.6489666, 35.9070187 ], [ -78.6518041, 35.9070663 ], [ -78.6525121, 35.9070879 ] ], [ [ -78.6475349, 35.8991118 ], [ -78.6468654, 35.9001477 ], [ -78.6468109, 35.9002316 ], [ -78.6468588, 35.9002329 ], [ -78.6468403, 35.9006966 ], [ -78.6467566, 35.9013572 ], [ -78.6466429, 35.9046281 ], [ -78.6465936, 35.9059167 ], [ -78.6454768, 35.9058823 ], [ -78.6451278, 35.9058749 ], [ -78.6448195, 35.9058689 ], [ -78.6448208, 35.904596 ], [ -78.6427211, 35.9045754 ], [ -78.64273, 35.9046593 ], [ -78.6427507, 35.9047221 ], [ -78.6427718, 35.9047698 ], [ -78.6428127, 35.9048277 ], [ -78.6428489, 35.9058521 ], [ -78.6416196, 35.9058364 ], [ -78.6416746, 35.904528 ], [ -78.6417129, 35.9034811 ], [ -78.6382, 35.9034742 ], [ -78.6359225, 35.9034698 ], [ -78.6359355, 35.9029265 ], [ -78.6359223, 35.9027957 ], [ -78.6358958, 35.9026684 ], [ -78.6358596, 35.9025508 ], [ -78.6356376, 35.9020235 ], [ -78.6350455, 35.9021941 ], [ -78.6331887, 35.8979606 ], [ -78.6326696, 35.8967771 ], [ -78.6329808, 35.8967423 ], [ -78.6348047, 35.896751 ], [ -78.6348552, 35.8961295 ], [ -78.6348956, 35.8956396 ], [ -78.6349185, 35.8951505 ], [ -78.6349549, 35.894639 ], [ -78.6349569, 35.894557 ], [ -78.6360229, 35.8946276 ], [ -78.6370943, 35.894725 ], [ -78.6376677, 35.8947893 ], [ -78.6387241, 35.8949337 ], [ -78.6392826, 35.8950157 ], [ -78.6396474, 35.8950708 ], [ -78.6397142, 35.8948358 ], [ -78.6397174, 35.8948042 ], [ -78.6407162, 35.8949926 ], [ -78.6410694, 35.8950711 ], [ -78.6413721, 35.8951617 ], [ -78.6415695, 35.8952337 ], [ -78.641737, 35.895303 ], [ -78.6417994, 35.8945211 ], [ -78.6418269, 35.8941514 ], [ -78.642423, 35.8941852 ], [ -78.6426105, 35.8942148 ], [ -78.6425899, 35.8944557 ], [ -78.6429557, 35.89448 ], [ -78.6434359, 35.8937525 ], [ -78.643256, 35.8936081 ], [ -78.6431538, 35.8935491 ], [ -78.6429968, 35.8934968 ], [ -78.6429584, 35.8933567 ], [ -78.6432213, 35.8928787 ], [ -78.6436987, 35.8926049 ], [ -78.6439525, 35.8922842 ], [ -78.6450506, 35.8923183 ], [ -78.64463, 35.896664 ], [ -78.6443858, 35.8968726 ], [ -78.641872, 35.9002146 ], [ -78.6442028, 35.9002068 ], [ -78.645007, 35.900606 ], [ -78.6450218, 35.9002074 ], [ -78.6452928, 35.9002245 ], [ -78.6466236, 35.8983315 ], [ -78.6473704, 35.8989463 ], [ -78.6475349, 35.8991118 ] ], [ [ -78.629961, 35.739358 ], [ -78.629821, 35.73935 ], [ -78.629403, 35.739326 ], [ -78.629264, 35.739318 ], [ -78.629324, 35.739299 ], [ -78.629381, 35.739281 ], [ -78.629733, 35.739177 ], [ -78.629765, 35.739168 ], [ -78.629847, 35.739132 ], [ -78.629869, 35.739178 ], [ -78.629938, 35.739313 ], [ -78.629961, 35.739358 ] ], [ [ -78.6293581, 35.7383835 ], [ -78.6279555, 35.738853 ], [ -78.6250876, 35.7384594 ], [ -78.6250566, 35.7384551 ], [ -78.6247935, 35.7378309 ], [ -78.624482, 35.7370921 ], [ -78.6208956, 35.736926 ], [ -78.6210124, 35.7366296 ], [ -78.621038, 35.7360786 ], [ -78.620865, 35.735808 ], [ -78.6206219, 35.7354333 ], [ -78.6205347, 35.7352963 ], [ -78.6206952, 35.7353029 ], [ -78.6209858, 35.7353148 ], [ -78.6258676, 35.7354949 ], [ -78.6258538, 35.7349571 ], [ -78.623417, 35.7348551 ], [ -78.623473, 35.7341 ], [ -78.6235197, 35.7331808 ], [ -78.6218742, 35.7331146 ], [ -78.6220883, 35.7324577 ], [ -78.6221316, 35.732311 ], [ -78.6247382, 35.7324103 ], [ -78.6248147, 35.7324133 ], [ -78.6277009, 35.7325323 ], [ -78.6277457, 35.7333584 ], [ -78.6277084, 35.7333568 ], [ -78.6274513, 35.7333459 ], [ -78.6273035, 35.7333397 ], [ -78.6254124, 35.7332596 ], [ -78.6254498, 35.734086 ], [ -78.6271515, 35.7341685 ], [ -78.6277785, 35.7341989 ], [ -78.6277988, 35.7345475 ], [ -78.6268335, 35.734502 ], [ -78.6268436, 35.7349503 ], [ -78.6277581, 35.7349926 ], [ -78.6278136, 35.7349319 ], [ -78.6278582, 35.7351465 ], [ -78.6261871, 35.7350769 ], [ -78.6261987, 35.7355163 ], [ -78.6279798, 35.7355934 ], [ -78.6280645, 35.7357858 ], [ -78.6283455, 35.7363564 ], [ -78.6285325, 35.7367281 ], [ -78.6287059, 35.737077 ], [ -78.6287415, 35.7371486 ], [ -78.6287646, 35.7371951 ], [ -78.6293433, 35.7383538 ], [ -78.6293581, 35.7383835 ] ], [ [ -78.610218, 35.8429389 ], [ -78.6101705, 35.8430167 ], [ -78.6100294, 35.8432459 ], [ -78.6098795, 35.8434919 ], [ -78.609754, 35.8437031 ], [ -78.6099538, 35.8437444 ], [ -78.6098326, 35.8439409 ], [ -78.6096518, 35.8442353 ], [ -78.6095846, 35.8443438 ], [ -78.6095113, 35.8444637 ], [ -78.6093196, 35.8447765 ], [ -78.6092343, 35.8449128 ], [ -78.6090487, 35.845215 ], [ -78.6087551, 35.8456926 ], [ -78.6084923, 35.8461181 ], [ -78.6081922, 35.8466075 ], [ -78.607935, 35.8470235 ], [ -78.6077644, 35.8473023 ], [ -78.6075067, 35.8477211 ], [ -78.6074429, 35.8478224 ], [ -78.6071763, 35.8482576 ], [ -78.6069867, 35.8485628 ], [ -78.6067598, 35.8485616 ], [ -78.6064153, 35.848466 ], [ -78.6062603, 35.8484225 ], [ -78.6062032, 35.8484007 ], [ -78.6061583, 35.848381 ], [ -78.606124, 35.8483654 ], [ -78.606094, 35.848348 ], [ -78.606073, 35.848336 ], [ -78.606053, 35.848324 ], [ -78.60602, 35.848302 ], [ -78.605991, 35.84828 ], [ -78.605972, 35.848265 ], [ -78.605935, 35.848233 ], [ -78.605917, 35.848217 ], [ -78.6059, 35.8482 ], [ -78.605869, 35.848165 ], [ -78.605853, 35.848147 ], [ -78.605839, 35.848129 ], [ -78.605826, 35.84811 ], [ -78.605813, 35.848091 ], [ -78.605798, 35.848065 ], [ -78.605779, 35.848032 ], [ -78.605769, 35.848012 ], [ -78.6057655, 35.8480036 ], [ -78.6057579, 35.847985 ], [ -78.6057495, 35.8479629 ], [ -78.6057408, 35.8479359 ], [ -78.6057353, 35.8479149 ], [ -78.6057291, 35.8478886 ], [ -78.6057236, 35.8478565 ], [ -78.6057197, 35.8478279 ], [ -78.605718, 35.8477996 ], [ -78.605717, 35.8477738 ], [ -78.605718, 35.8477451 ], [ -78.6057202, 35.8477076 ], [ -78.6055955, 35.8476882 ], [ -78.6054847, 35.8476677 ], [ -78.6052592, 35.8476264 ], [ -78.6049599, 35.847579 ], [ -78.6047053, 35.8475366 ], [ -78.6044683, 35.8473972 ], [ -78.6045746, 35.8469518 ], [ -78.6046576, 35.846603 ], [ -78.6047525, 35.8462046 ], [ -78.6048414, 35.8458282 ], [ -78.604926, 35.8454735 ], [ -78.6044553, 35.8454805 ], [ -78.6032096, 35.8454955 ], [ -78.6032359, 35.8446135 ], [ -78.6032603, 35.8438124 ], [ -78.6032866, 35.8429677 ], [ -78.6049226, 35.8429936 ], [ -78.6048776, 35.8416144 ], [ -78.6048289, 35.8408563 ], [ -78.6048258, 35.8405875 ], [ -78.6048107, 35.8405868 ], [ -78.6048108, 35.8404734 ], [ -78.6048079, 35.8399891 ], [ -78.6048346, 35.8395886 ], [ -78.60488, 35.8392159 ], [ -78.6049072, 35.8389942 ], [ -78.6048189, 35.8389909 ], [ -78.6047345, 35.8389915 ], [ -78.6048254, 35.8384563 ], [ -78.6049458, 35.8378137 ], [ -78.6051157, 35.8368797 ], [ -78.6052788, 35.8360166 ], [ -78.6053838, 35.8354586 ], [ -78.6054481, 35.8351279 ], [ -78.6059431, 35.8351878 ], [ -78.6060179, 35.8351969 ], [ -78.605859, 35.8360512 ], [ -78.6056349, 35.8372252 ], [ -78.6054584, 35.8381742 ], [ -78.605322, 35.8389331 ], [ -78.6058773, 35.8393472 ], [ -78.6060765, 35.8394957 ], [ -78.6066655, 35.8399338 ], [ -78.607268, 35.8403874 ], [ -78.6079458, 35.8408997 ], [ -78.6089559, 35.8416629 ], [ -78.609132, 35.8417939 ], [ -78.6092424, 35.841876 ], [ -78.6097654, 35.8422655 ], [ -78.6095528, 35.8424579 ], [ -78.6095563, 35.8425115 ], [ -78.6096264, 35.8425129 ], [ -78.6096553, 35.8425207 ], [ -78.6096821, 35.8425339 ], [ -78.6097539, 35.8425895 ], [ -78.60999, 35.842764 ], [ -78.610218, 35.8429389 ] ], [ [ -78.6081739, 35.7391508 ], [ -78.6077794, 35.7391728 ], [ -78.6072113, 35.7391992 ], [ -78.6071765, 35.739192 ], [ -78.6071526, 35.7391789 ], [ -78.6071352, 35.7391516 ], [ -78.6071337, 35.7391018 ], [ -78.6070971, 35.7383051 ], [ -78.6081478, 35.7382636 ], [ -78.6081739, 35.7391508 ] ], [ [ -78.604275, 35.8901395 ], [ -78.6033598, 35.8901018 ], [ -78.6025595, 35.8900694 ], [ -78.6007377, 35.8901209 ], [ -78.5987578, 35.888735 ], [ -78.5996453, 35.8882727 ], [ -78.6001931, 35.8878695 ], [ -78.6007039, 35.8875293 ], [ -78.6002349, 35.8866226 ], [ -78.6000376, 35.8862459 ], [ -78.5995904, 35.8860392 ], [ -78.5989167, 35.8859447 ], [ -78.5981396, 35.8858085 ], [ -78.5976633, 35.8857471 ], [ -78.5973624, 35.8856865 ], [ -78.59691, 35.8856218 ], [ -78.5961924, 35.8854198 ], [ -78.595465, 35.8852146 ], [ -78.5936946, 35.8847189 ], [ -78.5936608, 35.8847776 ], [ -78.5927514, 35.884613 ], [ -78.5919224, 35.8844441 ], [ -78.592183, 35.8836355 ], [ -78.5928165, 35.8837743 ], [ -78.5935368, 35.883934 ], [ -78.5933365, 35.8844574 ], [ -78.5936615, 35.884537 ], [ -78.5938667, 35.8840104 ], [ -78.5936953, 35.8839696 ], [ -78.5938979, 35.8832713 ], [ -78.5943374, 35.8833945 ], [ -78.5945794, 35.8828595 ], [ -78.595216, 35.883048 ], [ -78.5953903, 35.883098 ], [ -78.595546, 35.8828453 ], [ -78.5963638, 35.8830451 ], [ -78.5965566, 35.8831075 ], [ -78.5965082, 35.8831839 ], [ -78.5954737, 35.8849447 ], [ -78.5981952, 35.8855306 ], [ -78.5983864, 35.8848251 ], [ -78.5996141, 35.8849433 ], [ -78.6003976, 35.884657 ], [ -78.5999807, 35.8838698 ], [ -78.5993504, 35.8832712 ], [ -78.5992783, 35.8826758 ], [ -78.5995121, 35.8826871 ], [ -78.5998284, 35.8826822 ], [ -78.6002159, 35.8826503 ], [ -78.6008157, 35.8834541 ], [ -78.6013645, 35.8842561 ], [ -78.6018949, 35.8847047 ], [ -78.6020054, 35.8849242 ], [ -78.6020486, 35.8851726 ], [ -78.6019153, 35.8857444 ], [ -78.6010764, 35.8855086 ], [ -78.6008435, 35.8854908 ], [ -78.6008108, 35.8859151 ], [ -78.600773, 35.8861379 ], [ -78.6008823, 35.8869344 ], [ -78.6011043, 35.8872518 ], [ -78.6013065, 35.8873785 ], [ -78.6015696, 35.8875241 ], [ -78.6019564, 35.8875341 ], [ -78.6021218, 35.8875655 ], [ -78.6020995, 35.8876388 ], [ -78.6021262, 35.8876309 ], [ -78.6021482, 35.8876117 ], [ -78.602175, 35.887602 ], [ -78.602228, 35.887582 ], [ -78.602257, 35.887572 ], [ -78.602457, 35.8875066 ], [ -78.602986, 35.8871967 ], [ -78.603002, 35.887233 ], [ -78.60307, 35.887377 ], [ -78.603129, 35.887505 ], [ -78.6034574, 35.8882584 ], [ -78.604275, 35.8901395 ] ], [ [ -78.601494, 35.8454739 ], [ -78.6012691, 35.8454797 ], [ -78.6003363, 35.8454966 ], [ -78.599924, 35.8455054 ], [ -78.5998274, 35.8453289 ], [ -78.5997373, 35.8451646 ], [ -78.5996721, 35.8450466 ], [ -78.5995505, 35.8448238 ], [ -78.5994237, 35.8446242 ], [ -78.5992397, 35.8443355 ], [ -78.5990978, 35.8439397 ], [ -78.5989626, 35.8435596 ], [ -78.5985589, 35.8426267 ], [ -78.5998901, 35.8426533 ], [ -78.6011697, 35.842679 ], [ -78.6012122, 35.8434598 ], [ -78.6012458, 35.8440269 ], [ -78.6013074, 35.8445598 ], [ -78.601323, 35.8446851 ], [ -78.6013836, 35.8449623 ], [ -78.601494, 35.8454739 ] ], [ [ -78.6012392, 35.9014615 ], [ -78.599743, 35.9014904 ], [ -78.5997652, 35.9006215 ], [ -78.6006041, 35.9004904 ], [ -78.6008934, 35.9009587 ], [ -78.601192, 35.901401 ], [ -78.6012392, 35.9014615 ] ], [ [ -78.600165, 35.8997213 ], [ -78.5991912, 35.9003314 ], [ -78.5989683, 35.8998729 ], [ -78.598706, 35.8993335 ], [ -78.5987808, 35.8993329 ], [ -78.5987376, 35.898636 ], [ -78.5996182, 35.8986113 ], [ -78.599735, 35.898846 ], [ -78.600165, 35.8997213 ] ], [ [ -78.5994009, 35.9033698 ], [ -78.5993996, 35.9038602 ], [ -78.5979627, 35.9041824 ], [ -78.5970796, 35.9043805 ], [ -78.5966535, 35.9044716 ], [ -78.5955554, 35.9046122 ], [ -78.5951277, 35.904667 ], [ -78.5962107, 35.9032959 ], [ -78.5971189, 35.902141 ], [ -78.5975932, 35.9023964 ], [ -78.5988033, 35.903048 ], [ -78.5994009, 35.9033698 ] ], [ [ -78.5993487, 35.8832707 ], [ -78.5986274, 35.8841768 ], [ -78.597812, 35.8837885 ], [ -78.5983056, 35.8831742 ], [ -78.5978907, 35.8829772 ], [ -78.5982126, 35.8826527 ], [ -78.5986203, 35.882925 ], [ -78.5988563, 35.883012 ], [ -78.5991424, 35.883151 ], [ -78.5993487, 35.8832707 ] ], [ [ -78.5960169, 35.875011 ], [ -78.5957039, 35.8749871 ], [ -78.5952292, 35.8752186 ], [ -78.5949942, 35.8753402 ], [ -78.5944647, 35.87542 ], [ -78.5945002, 35.8745942 ], [ -78.594526, 35.8746046 ], [ -78.5945496, 35.874609 ], [ -78.59457, 35.8746107 ], [ -78.5945922, 35.8746109 ], [ -78.5946135, 35.8746076 ], [ -78.594649, 35.8745969 ], [ -78.594678, 35.8745819 ], [ -78.594696, 35.874568 ], [ -78.5947133, 35.8745559 ], [ -78.5947334, 35.8745503 ], [ -78.5947911, 35.8745473 ], [ -78.5949903, 35.8745399 ], [ -78.5959548, 35.874514 ], [ -78.5959626, 35.8747226 ], [ -78.5960169, 35.875011 ] ], [ [ -78.5924863, 35.8075395 ], [ -78.5924801, 35.8079678 ], [ -78.5924737, 35.808377 ], [ -78.5924171, 35.8089672 ], [ -78.5924014, 35.8091278 ], [ -78.5924772, 35.8096246 ], [ -78.5924747, 35.8100593 ], [ -78.5919895, 35.8105914 ], [ -78.5909924, 35.8105111 ], [ -78.5883873, 35.8102992 ], [ -78.5867587, 35.8101677 ], [ -78.5855206, 35.8100668 ], [ -78.5836999, 35.8099191 ], [ -78.5833575, 35.8098913 ], [ -78.5833627, 35.8098509 ], [ -78.5836346, 35.8077417 ], [ -78.5831431, 35.8059982 ], [ -78.5815933, 35.8059765 ], [ -78.5808675, 35.8059684 ], [ -78.5797092, 35.8059553 ], [ -78.5786374, 35.8059436 ], [ -78.5775665, 35.8059316 ], [ -78.5775588, 35.8072371 ], [ -78.5764706, 35.8072161 ], [ -78.5764974, 35.8074712 ], [ -78.5760288, 35.8074913 ], [ -78.5746444, 35.8075046 ], [ -78.5727071, 35.8075217 ], [ -78.5716739, 35.8075312 ], [ -78.5716792, 35.8073798 ], [ -78.5717683, 35.8052658 ], [ -78.5717979, 35.8044724 ], [ -78.5718089, 35.8034212 ], [ -78.571818, 35.802752 ], [ -78.5718334, 35.8011755 ], [ -78.5718399, 35.8006407 ], [ -78.5718468, 35.8000649 ], [ -78.5718571, 35.7992128 ], [ -78.5733619, 35.7989246 ], [ -78.5763955, 35.7983409 ], [ -78.5766334, 35.7996962 ], [ -78.577664, 35.7997511 ], [ -78.5776298, 35.800456 ], [ -78.5776054, 35.8008992 ], [ -78.5775775, 35.8014915 ], [ -78.5775547, 35.8019465 ], [ -78.577904, 35.8019561 ], [ -78.5778704, 35.8022806 ], [ -78.5778024, 35.80293 ], [ -78.5783202, 35.8027965 ], [ -78.5787223, 35.8024816 ], [ -78.5804148, 35.8019042 ], [ -78.5804396, 35.8023929 ], [ -78.5804881, 35.8033463 ], [ -78.5805642, 35.8047618 ], [ -78.582699, 35.8042112 ], [ -78.5834424, 35.8040189 ], [ -78.5844849, 35.8037821 ], [ -78.5856724, 35.8035096 ], [ -78.58548, 35.8030074 ], [ -78.5918232, 35.8030528 ], [ -78.5918182, 35.8035187 ], [ -78.5913584, 35.8042934 ], [ -78.591245, 35.8047351 ], [ -78.591153, 35.805106 ], [ -78.5910432, 35.8055395 ], [ -78.5913105, 35.8056981 ], [ -78.59109, 35.8060535 ], [ -78.5909291, 35.8063126 ], [ -78.5908475, 35.8064437 ], [ -78.59119, 35.8068184 ], [ -78.591455, 35.807316 ], [ -78.5920993, 35.8074553 ], [ -78.5924863, 35.8075395 ] ], [ [ -78.5917463, 35.9117889 ], [ -78.5908997, 35.9118551 ], [ -78.5907871, 35.9112643 ], [ -78.591623, 35.9111969 ], [ -78.5917463, 35.9117889 ] ], [ [ -78.5916074, 35.8843723 ], [ -78.5901868, 35.8841755 ], [ -78.5893697, 35.8842348 ], [ -78.5891317, 35.8849778 ], [ -78.5889041, 35.8849304 ], [ -78.5877791, 35.8844252 ], [ -78.5876832, 35.8843653 ], [ -78.5874439, 35.8844577 ], [ -78.5880777, 35.8849307 ], [ -78.5880801, 35.8878002 ], [ -78.5839431, 35.8876477 ], [ -78.5841498, 35.8847542 ], [ -78.5841711, 35.8844559 ], [ -78.5831728, 35.8844551 ], [ -78.5828392, 35.8832269 ], [ -78.5823793, 35.8833614 ], [ -78.5821663, 35.88291 ], [ -78.5817555, 35.8820368 ], [ -78.5799167, 35.8827819 ], [ -78.5785257, 35.8833505 ], [ -78.5780299, 35.8836483 ], [ -78.5775993, 35.8839071 ], [ -78.5774009, 35.884034 ], [ -78.5764546, 35.8838983 ], [ -78.5760997, 35.8838202 ], [ -78.5757464, 35.883716 ], [ -78.5756266, 35.8836649 ], [ -78.5766619, 35.8828022 ], [ -78.5767261, 35.8828357 ], [ -78.5768281, 35.8828386 ], [ -78.5769095, 35.8828024 ], [ -78.5769648, 35.8827445 ], [ -78.5769755, 35.8826641 ], [ -78.5769459, 35.882603 ], [ -78.5768913, 35.882551 ], [ -78.5772435, 35.8820924 ], [ -78.5769868, 35.8820117 ], [ -78.5760039, 35.881847 ], [ -78.5763493, 35.8806351 ], [ -78.5761563, 35.8806398 ], [ -78.5759861, 35.8806639 ], [ -78.5754049, 35.8808249 ], [ -78.5752472, 35.8808658 ], [ -78.5751524, 35.8808817 ], [ -78.5751024, 35.8808906 ], [ -78.5749564, 35.880898 ], [ -78.5750384, 35.8809176 ], [ -78.5750317, 35.8812905 ], [ -78.5750441, 35.8812917 ], [ -78.5750248, 35.8816917 ], [ -78.5750612, 35.8822837 ], [ -78.5743525, 35.8823426 ], [ -78.573505, 35.8824766 ], [ -78.5731604, 35.882524 ], [ -78.5741334, 35.8811977 ], [ -78.5740999, 35.8807287 ], [ -78.5741917, 35.8806556 ], [ -78.5744421, 35.8806832 ], [ -78.5748327, 35.8807249 ], [ -78.5749473, 35.8807299 ], [ -78.5749751, 35.8807303 ], [ -78.5750849, 35.8807232 ], [ -78.5751424, 35.8807141 ], [ -78.5752642, 35.8806868 ], [ -78.5756975, 35.880563 ], [ -78.5755755, 35.8802367 ], [ -78.5750428, 35.8801115 ], [ -78.5750857, 35.8800252 ], [ -78.5749978, 35.8799852 ], [ -78.5749465, 35.8800864 ], [ -78.5749167, 35.8800778 ], [ -78.5748433, 35.8800732 ], [ -78.5743468, 35.8799878 ], [ -78.5741177, 35.8798113 ], [ -78.5738817, 35.8796403 ], [ -78.573877, 35.8796033 ], [ -78.5739555, 35.8795558 ], [ -78.5744156, 35.8797049 ], [ -78.5748261, 35.8798024 ], [ -78.5749111, 35.8797107 ], [ -78.5750527, 35.8796533 ], [ -78.5755623, 35.8794583 ], [ -78.5762418, 35.8792461 ], [ -78.5769001, 35.8790396 ], [ -78.5774027, 35.8788389 ], [ -78.5780256, 35.8786726 ], [ -78.5784786, 35.8786439 ], [ -78.5792501, 35.8773821 ], [ -78.5812406, 35.876205 ], [ -78.5820764, 35.8752839 ], [ -78.5825537, 35.8755715 ], [ -78.5840158, 35.8760161 ], [ -78.5848472, 35.8766654 ], [ -78.5851856, 35.8768286 ], [ -78.5867217, 35.8774322 ], [ -78.5874165, 35.877872 ], [ -78.5892637, 35.8796018 ], [ -78.5897307, 35.8805725 ], [ -78.5900841, 35.8813938 ], [ -78.5907679, 35.8827313 ], [ -78.5914046, 35.8839427 ], [ -78.5916074, 35.8843723 ] ], [ [ -78.5878863, 35.8755857 ], [ -78.5878616, 35.8756428 ], [ -78.5878243, 35.8756692 ], [ -78.5877869, 35.8756731 ], [ -78.5873823, 35.8755283 ], [ -78.5871663, 35.8754046 ], [ -78.5870135, 35.8752584 ], [ -78.5869274, 35.8751334 ], [ -78.5868773, 35.8750196 ], [ -78.5867892, 35.8746959 ], [ -78.586698, 35.8743285 ], [ -78.5866601, 35.8742214 ], [ -78.5866069, 35.8741155 ], [ -78.5865644, 35.8740497 ], [ -78.5864216, 35.873878 ], [ -78.5862476, 35.8737266 ], [ -78.5858557, 35.8734238 ], [ -78.5856833, 35.8732853 ], [ -78.5857562, 35.8731924 ], [ -78.5861345, 35.8734662 ], [ -78.5866092, 35.8738084 ], [ -78.5867421, 35.8739051 ], [ -78.5868578, 35.8739919 ], [ -78.5878863, 35.8755857 ] ], [ [ -78.5875412, 35.8690568 ], [ -78.5865428, 35.8701963 ], [ -78.5864448, 35.8699212 ], [ -78.5861338, 35.8691228 ], [ -78.5857897, 35.86863 ], [ -78.5867767, 35.8681447 ], [ -78.5875412, 35.8690568 ] ], [ [ -78.5866517, 35.9057821 ], [ -78.5863993, 35.9064243 ], [ -78.5859421, 35.907585 ], [ -78.5857871, 35.9079671 ], [ -78.585672, 35.9082487 ], [ -78.5856225, 35.9083694 ], [ -78.585193, 35.909423 ], [ -78.5850672, 35.9097311 ], [ -78.5849958, 35.9099063 ], [ -78.584942, 35.9100373 ], [ -78.584884, 35.9101793 ], [ -78.5843939, 35.9113807 ], [ -78.5837631, 35.9112093 ], [ -78.5834293, 35.910866 ], [ -78.5833057, 35.91049 ], [ -78.58293, 35.9104881 ], [ -78.5825924, 35.9106575 ], [ -78.581906, 35.9107916 ], [ -78.581458, 35.9105158 ], [ -78.5811644, 35.9105812 ], [ -78.5809934, 35.910755 ], [ -78.5799564, 35.9107511 ], [ -78.5794561, 35.9107243 ], [ -78.5792988, 35.9107159 ], [ -78.5780769, 35.9106009 ], [ -78.5777615, 35.9105712 ], [ -78.5776967, 35.9106171 ], [ -78.5774089, 35.9108213 ], [ -78.5772116, 35.9110493 ], [ -78.576965, 35.9110666 ], [ -78.576709, 35.9110846 ], [ -78.5762954, 35.9111137 ], [ -78.5753604, 35.9111443 ], [ -78.5754496, 35.9133897 ], [ -78.5755125, 35.9148658 ], [ -78.5745854, 35.9154445 ], [ -78.574511, 35.9160632 ], [ -78.5738494, 35.9157241 ], [ -78.5733097, 35.9154479 ], [ -78.5725146, 35.9150392 ], [ -78.5719193, 35.9147345 ], [ -78.5706843, 35.9141016 ], [ -78.5711742, 35.912946 ], [ -78.5721519, 35.9106338 ], [ -78.5726701, 35.9094022 ], [ -78.5730686, 35.9084721 ], [ -78.5741149, 35.9082732 ], [ -78.5750888, 35.9072166 ], [ -78.5755966, 35.9064643 ], [ -78.5755767, 35.9054001 ], [ -78.5755645, 35.9046247 ], [ -78.5777076, 35.9046304 ], [ -78.5817714, 35.9046309 ], [ -78.5818348, 35.9046315 ], [ -78.5821468, 35.9046343 ], [ -78.5831759, 35.9046573 ], [ -78.5840556, 35.9046623 ], [ -78.584333, 35.903858 ], [ -78.5843361, 35.9038123 ], [ -78.5843191, 35.9037581 ], [ -78.5842976, 35.9037211 ], [ -78.5842568, 35.9036815 ], [ -78.5842127, 35.9036544 ], [ -78.5843838, 35.9037033 ], [ -78.5844, 35.9036603 ], [ -78.5845822, 35.903716 ], [ -78.5842369, 35.9047521 ], [ -78.5844463, 35.9048665 ], [ -78.5854313, 35.9051649 ], [ -78.5863514, 35.9056321 ], [ -78.5866517, 35.9057821 ] ], [ [ -78.5850765, 35.8721338 ], [ -78.5846278, 35.8723759 ], [ -78.5842924, 35.8721196 ], [ -78.5838292, 35.8717588 ], [ -78.5844329, 35.8712646 ], [ -78.5846907, 35.8714684 ], [ -78.584745, 35.871519 ], [ -78.584775, 35.871543 ], [ -78.5848304, 35.871604 ], [ -78.5849546, 35.8717593 ], [ -78.5850364, 35.8719543 ], [ -78.5850765, 35.8721338 ] ], [ [ -78.5826579, 35.9311626 ], [ -78.5823908, 35.9312949 ], [ -78.5820754, 35.9314183 ], [ -78.5816055, 35.9315955 ], [ -78.5813566, 35.9316893 ], [ -78.5810991, 35.9318022 ], [ -78.5808502, 35.9319256 ], [ -78.5805841, 35.9320663 ], [ -78.5803717, 35.9322001 ], [ -78.5803202, 35.9322019 ], [ -78.5802751, 35.932214 ], [ -78.5801978, 35.9322662 ], [ -78.5801528, 35.9323304 ], [ -78.5801142, 35.9323652 ], [ -78.5795613, 35.932781 ], [ -78.579498, 35.9327675 ], [ -78.5795189, 35.9322988 ], [ -78.5790903, 35.932003 ], [ -78.5802163, 35.9310999 ], [ -78.5803558, 35.9312129 ], [ -78.5810639, 35.9309175 ], [ -78.5816647, 35.9307524 ], [ -78.5818919, 35.9306157 ], [ -78.5821219, 35.9304774 ], [ -78.5825059, 35.9309682 ], [ -78.5826579, 35.9311626 ] ], [ [ -78.5826029, 35.7734202 ], [ -78.5817553, 35.7734336 ], [ -78.5817205, 35.7725822 ], [ -78.5823738, 35.7725687 ], [ -78.5824552, 35.7728864 ], [ -78.5826029, 35.7734202 ] ], [ [ -78.5825923, 35.7742674 ], [ -78.582588, 35.7745938 ], [ -78.5808834, 35.7746133 ], [ -78.5808737, 35.7742814 ], [ -78.5816264, 35.7742705 ], [ -78.5825923, 35.7742674 ] ], [ [ -78.5825627, 35.7789046 ], [ -78.5818207, 35.7789097 ], [ -78.5817988, 35.7776763 ], [ -78.5825503, 35.7772403 ], [ -78.582554, 35.777747 ], [ -78.5825627, 35.7789046 ] ], [ [ -78.5818785, 35.9324118 ], [ -78.5815411, 35.9327005 ], [ -78.5811481, 35.9321229 ], [ -78.5815837, 35.9319019 ], [ -78.5818785, 35.9324118 ] ], [ [ -78.581568, 35.92505 ], [ -78.581233, 35.925049 ], [ -78.581206, 35.923753 ], [ -78.581517, 35.923729 ], [ -78.581557, 35.924785 ], [ -78.581568, 35.92505 ] ], [ [ -78.5814486, 35.7709573 ], [ -78.5812337, 35.7725919 ], [ -78.5811182, 35.7725943 ], [ -78.5813342, 35.7709456 ], [ -78.5814486, 35.7709573 ] ], [ [ -78.5814392, 35.7770062 ], [ -78.5814272, 35.7770237 ], [ -78.5813852, 35.7770687 ], [ -78.5812194, 35.7772156 ], [ -78.580749, 35.7776198 ], [ -78.5806561, 35.7776893 ], [ -78.5805795, 35.7777363 ], [ -78.5804688, 35.7777868 ], [ -78.5803348, 35.7778356 ], [ -78.5801764, 35.7778729 ], [ -78.5800761, 35.7778791 ], [ -78.580074, 35.7780442 ], [ -78.5799515, 35.7780424 ], [ -78.5798155, 35.7780308 ], [ -78.5797051, 35.7780131 ], [ -78.5796135, 35.777993 ], [ -78.5795316, 35.7779711 ], [ -78.579488, 35.7779552 ], [ -78.579282, 35.7778715 ], [ -78.5791248, 35.7777748 ], [ -78.5789935, 35.7776942 ], [ -78.578627, 35.7774657 ], [ -78.578619, 35.7764113 ], [ -78.5786156, 35.7759159 ], [ -78.5760377, 35.77589 ], [ -78.5759207, 35.7743172 ], [ -78.5754938, 35.7740794 ], [ -78.5751551, 35.7738908 ], [ -78.5751148, 35.7737502 ], [ -78.5750688, 35.7736624 ], [ -78.5749664, 35.7732598 ], [ -78.5749077, 35.7728582 ], [ -78.5748943, 35.7727667 ], [ -78.5748637, 35.7722447 ], [ -78.5748108, 35.7713445 ], [ -78.574887, 35.771138 ], [ -78.574874, 35.7708071 ], [ -78.574926, 35.7701702 ], [ -78.5750667, 35.7697843 ], [ -78.5753391, 35.7690712 ], [ -78.5755646, 35.7684967 ], [ -78.5756783, 35.7681932 ], [ -78.5756849, 35.7681918 ], [ -78.5756925, 35.7681725 ], [ -78.5757618, 35.7681649 ], [ -78.5757632, 35.7681776 ], [ -78.5763541, 35.7680831 ], [ -78.5767861, 35.768006 ], [ -78.5775031, 35.7679958 ], [ -78.5776824, 35.7680018 ], [ -78.5778863, 35.7680203 ], [ -78.5780389, 35.7680407 ], [ -78.5783398, 35.768104 ], [ -78.5785217, 35.7681486 ], [ -78.5787565, 35.768227 ], [ -78.5791164, 35.7683761 ], [ -78.5793277, 35.7684804 ], [ -78.5796785, 35.7686406 ], [ -78.5795827, 35.7693611 ], [ -78.5793452, 35.7711641 ], [ -78.5795609, 35.771187 ], [ -78.5793385, 35.772631 ], [ -78.579209, 35.7735246 ], [ -78.5790722, 35.7743075 ], [ -78.5787873, 35.7759288 ], [ -78.5798695, 35.7759061 ], [ -78.5798606, 35.7772716 ], [ -78.5813321, 35.7767806 ], [ -78.5814389, 35.776985 ], [ -78.5814392, 35.7770062 ] ], [ [ -78.5780808, 35.780586 ], [ -78.577976, 35.7809441 ], [ -78.5778649, 35.7813244 ], [ -78.5774671, 35.7813123 ], [ -78.5769437, 35.7811982 ], [ -78.5761539, 35.7812781 ], [ -78.5762502, 35.7815504 ], [ -78.5762672, 35.7816634 ], [ -78.5762697, 35.7817244 ], [ -78.5762572, 35.7817819 ], [ -78.576226, 35.7818481 ], [ -78.5761, 35.7820114 ], [ -78.5760486, 35.7820872 ], [ -78.5759624, 35.7821514 ], [ -78.5759299, 35.7821671 ], [ -78.575877, 35.7821822 ], [ -78.5758222, 35.7821926 ], [ -78.5757574, 35.7821922 ], [ -78.575683, 35.782185 ], [ -78.5756225, 35.7821771 ], [ -78.5755605, 35.7821751 ], [ -78.5754825, 35.7821771 ], [ -78.5754137, 35.7821802 ], [ -78.5754232, 35.7817416 ], [ -78.5754335, 35.7812073 ], [ -78.5756033, 35.7810252 ], [ -78.5756908, 35.7809197 ], [ -78.5757416, 35.780852 ], [ -78.5757807, 35.7807933 ], [ -78.5758451, 35.7806976 ], [ -78.575888, 35.7806247 ], [ -78.5759213, 35.7805693 ], [ -78.5759551, 35.7805078 ], [ -78.5760495, 35.7805398 ], [ -78.5761617, 35.7805724 ], [ -78.5762421, 35.7805924 ], [ -78.5763206, 35.7806023 ], [ -78.5763949, 35.7806127 ], [ -78.5764919, 35.7806232 ], [ -78.5765621, 35.780629 ], [ -78.5766458, 35.7806324 ], [ -78.5767292, 35.7806333 ], [ -78.5768445, 35.7806312 ], [ -78.5770253, 35.7806278 ], [ -78.5772941, 35.7806232 ], [ -78.5774829, 35.7806186 ], [ -78.5775618, 35.7806127 ], [ -78.5776729, 35.7806007 ], [ -78.5777711, 35.7805866 ], [ -78.5778617, 35.7805681 ], [ -78.5779238, 35.7805543 ], [ -78.5779546, 35.7805703 ], [ -78.5779784, 35.7805795 ], [ -78.5780031, 35.7805853 ], [ -78.5780364, 35.7805887 ], [ -78.5780596, 35.780589 ], [ -78.5780808, 35.780586 ] ], [ [ -78.5778311, 35.8119438 ], [ -78.5770524, 35.8120032 ], [ -78.5771074, 35.8126094 ], [ -78.5772412, 35.8140962 ], [ -78.5772725, 35.8144291 ], [ -78.5773291, 35.8150386 ], [ -78.5761873, 35.8149739 ], [ -78.5759399, 35.8175522 ], [ -78.5764096, 35.8176091 ], [ -78.576346, 35.8186444 ], [ -78.5759462, 35.8189493 ], [ -78.5757123, 35.8191299 ], [ -78.575576, 35.8192831 ], [ -78.5751914, 35.8197487 ], [ -78.5751291, 35.8198046 ], [ -78.5748266, 35.8201597 ], [ -78.5748533, 35.8201735 ], [ -78.5746224, 35.8204006 ], [ -78.5745428, 35.8204779 ], [ -78.5743509, 35.8205981 ], [ -78.5741402, 35.8207032 ], [ -78.5738811, 35.8207896 ], [ -78.573704, 35.8208406 ], [ -78.5734385, 35.8208964 ], [ -78.5729141, 35.8209847 ], [ -78.5721504, 35.8211074 ], [ -78.5714658, 35.8212334 ], [ -78.5712505, 35.8212833 ], [ -78.5706982, 35.8214554 ], [ -78.5701816, 35.8216283 ], [ -78.5698644, 35.8217139 ], [ -78.5698605, 35.8212681 ], [ -78.5692488, 35.8212701 ], [ -78.569239, 35.8209042 ], [ -78.5692033, 35.8204261 ], [ -78.5691495, 35.8200471 ], [ -78.5690905, 35.8198445 ], [ -78.5691357, 35.8198333 ], [ -78.5689129, 35.8192684 ], [ -78.5696176, 35.8191686 ], [ -78.569753, 35.81943 ], [ -78.5699166, 35.8197371 ], [ -78.5705701, 35.8197525 ], [ -78.5706091, 35.8184506 ], [ -78.5706425, 35.8173742 ], [ -78.5706751, 35.8161782 ], [ -78.5706901, 35.8157131 ], [ -78.5707019, 35.815445 ], [ -78.5725567, 35.8157606 ], [ -78.5731876, 35.8160676 ], [ -78.5739199, 35.8159933 ], [ -78.5734621, 35.8125371 ], [ -78.5731847, 35.8106466 ], [ -78.5738641, 35.8106164 ], [ -78.5749307, 35.8106116 ], [ -78.5754162, 35.8106309 ], [ -78.5760306, 35.8106751 ], [ -78.5763218, 35.81081 ], [ -78.5763453, 35.8110331 ], [ -78.5773398, 35.8109685 ], [ -78.5778311, 35.8119438 ] ], [ [ -78.5774296, 35.938964 ], [ -78.5773475, 35.9391593 ], [ -78.5772041, 35.9391825 ], [ -78.5770529, 35.9390527 ], [ -78.5769486, 35.9386717 ], [ -78.5773579, 35.9385831 ], [ -78.5774296, 35.938964 ] ], [ [ -78.5774294, 35.8602645 ], [ -78.5773299, 35.8605333 ], [ -78.5772553, 35.8607953 ], [ -78.5766175, 35.8608323 ], [ -78.5765896, 35.8616589 ], [ -78.5765008, 35.8616599 ], [ -78.575937, 35.8616263 ], [ -78.5753843, 35.8615345 ], [ -78.5749366, 35.8615121 ], [ -78.5744225, 35.8614897 ], [ -78.5741047, 35.8615345 ], [ -78.5739914, 35.8617674 ], [ -78.5739831, 35.8620496 ], [ -78.5739306, 35.8624012 ], [ -78.5738698, 35.8628895 ], [ -78.5738947, 35.8631471 ], [ -78.5737565, 35.8632859 ], [ -78.5733032, 35.863268 ], [ -78.5719767, 35.8632187 ], [ -78.5720126, 35.8628134 ], [ -78.5720181, 35.8621011 ], [ -78.5720071, 35.8615658 ], [ -78.5720071, 35.8611895 ], [ -78.5720043, 35.8608289 ], [ -78.5719739, 35.8599666 ], [ -78.5739278, 35.859998 ], [ -78.5756192, 35.8600293 ], [ -78.5768158, 35.8600204 ], [ -78.57741, 35.8600831 ], [ -78.5774294, 35.8602645 ] ], [ [ -78.5754848, 35.9227154 ], [ -78.5754648, 35.9232447 ], [ -78.5746893, 35.9231455 ], [ -78.5738739, 35.9230408 ], [ -78.5738205, 35.9232218 ], [ -78.5733777, 35.9234156 ], [ -78.5731759, 35.9234973 ], [ -78.5730642, 35.9232799 ], [ -78.5727707, 35.9233163 ], [ -78.5725447, 35.9228659 ], [ -78.5734953, 35.9229942 ], [ -78.5734478, 35.9229557 ], [ -78.5699707, 35.9223872 ], [ -78.5687017, 35.9221806 ], [ -78.5682207, 35.9220874 ], [ -78.5684003, 35.919132 ], [ -78.5704737, 35.9202124 ], [ -78.5716632, 35.9208339 ], [ -78.5717351, 35.9209088 ], [ -78.572072, 35.9210056 ], [ -78.5754848, 35.9227154 ] ], [ [ -78.575403, 35.9241794 ], [ -78.5753901, 35.9247514 ], [ -78.5747176, 35.9244639 ], [ -78.5747402, 35.9239236 ], [ -78.5747892, 35.9239486 ], [ -78.5748837, 35.9239937 ], [ -78.5749786, 35.9240336 ], [ -78.5750477, 35.9240594 ], [ -78.5752311, 35.9241217 ], [ -78.575403, 35.9241794 ] ], [ [ -78.5732484, 35.8983379 ], [ -78.5732064, 35.8984105 ], [ -78.5723724, 35.8998523 ], [ -78.5718968, 35.9006858 ], [ -78.570471, 35.900446 ], [ -78.5698991, 35.9003688 ], [ -78.5677457, 35.9000787 ], [ -78.5684716, 35.898745 ], [ -78.5692907, 35.8972432 ], [ -78.5698623, 35.8974303 ], [ -78.5703849, 35.8976028 ], [ -78.5701811, 35.8979605 ], [ -78.569841, 35.8985633 ], [ -78.5705103, 35.8987825 ], [ -78.5707098, 35.8984285 ], [ -78.5710534, 35.8978199 ], [ -78.5714784, 35.8979238 ], [ -78.5718942, 35.8980484 ], [ -78.5719832, 35.898075 ], [ -78.5724315, 35.898196 ], [ -78.5732484, 35.8983379 ] ], [ [ -78.5718657, 35.7512809 ], [ -78.5698208, 35.7513991 ], [ -78.5692334, 35.7514327 ], [ -78.5689898, 35.7515588 ], [ -78.5689595, 35.7515611 ], [ -78.5688797, 35.7514549 ], [ -78.5680441, 35.7515019 ], [ -78.567885, 35.751298 ], [ -78.56778, 35.751163 ], [ -78.567673, 35.751027 ], [ -78.567496, 35.7508069 ], [ -78.5683343, 35.7507575 ], [ -78.568591, 35.751078 ], [ -78.5691876, 35.7507752 ], [ -78.5706128, 35.7506959 ], [ -78.5718095, 35.7506277 ], [ -78.5718657, 35.7512809 ] ], [ [ -78.5704554, 35.8821035 ], [ -78.5699134, 35.8827361 ], [ -78.5696024, 35.8823892 ], [ -78.5701478, 35.8818932 ], [ -78.5704554, 35.8821035 ] ], [ [ -78.5693708, 35.8012674 ], [ -78.5689581, 35.8016252 ], [ -78.5682901, 35.8023183 ], [ -78.5677435, 35.8028743 ], [ -78.5673407, 35.8022979 ], [ -78.567698, 35.8020044 ], [ -78.5679564, 35.801687 ], [ -78.5681115, 35.8014508 ], [ -78.5682256, 35.8011911 ], [ -78.5693708, 35.8012674 ] ], [ [ -78.5691627, 35.8268537 ], [ -78.5691127, 35.8268541 ], [ -78.5691184, 35.8272064 ], [ -78.569125, 35.8275936 ], [ -78.5684516, 35.8275932 ], [ -78.568458, 35.8278393 ], [ -78.5691288, 35.8278421 ], [ -78.5691379, 35.8284691 ], [ -78.5691445, 35.8289837 ], [ -78.5662352, 35.8289539 ], [ -78.5654172, 35.8289423 ], [ -78.5650675, 35.8289382 ], [ -78.5648116, 35.8289352 ], [ -78.5632616, 35.8289141 ], [ -78.5631242, 35.8289133 ], [ -78.5628179, 35.8289115 ], [ -78.56187, 35.8289061 ], [ -78.5608453, 35.828902 ], [ -78.5607225, 35.8280174 ], [ -78.5605585, 35.8278436 ], [ -78.561448, 35.8278467 ], [ -78.5625757, 35.8278456 ], [ -78.5626568, 35.8278449 ], [ -78.5627882, 35.8278438 ], [ -78.5631085, 35.8278411 ], [ -78.5651936, 35.8278378 ], [ -78.5657455, 35.827839 ], [ -78.565741, 35.827516 ], [ -78.5657385, 35.8272288 ], [ -78.5656039, 35.8272292 ], [ -78.5655997, 35.8270221 ], [ -78.5655965, 35.8267482 ], [ -78.565566, 35.8264963 ], [ -78.5655655, 35.8264465 ], [ -78.5652685, 35.8264509 ], [ -78.5646675, 35.82646 ], [ -78.564361, 35.826463 ], [ -78.5640484, 35.8264688 ], [ -78.564044, 35.8258522 ], [ -78.5637544, 35.8258469 ], [ -78.5637148, 35.8256928 ], [ -78.5637069, 35.8250748 ], [ -78.5669186, 35.825053 ], [ -78.5669132, 35.8239548 ], [ -78.5670306, 35.8239539 ], [ -78.5689774, 35.823939 ], [ -78.5690159, 35.8239387 ], [ -78.5690258, 35.8250352 ], [ -78.5690599, 35.8250345 ], [ -78.5690762, 35.8255761 ], [ -78.5690461, 35.8258167 ], [ -78.5690627, 35.8263238 ], [ -78.5691529, 35.8263214 ], [ -78.5691627, 35.8268537 ] ], [ [ -78.568122, 35.750073 ], [ -78.567304, 35.750095 ], [ -78.5669181, 35.7501094 ], [ -78.5669203, 35.7495364 ], [ -78.5681192, 35.7495104 ], [ -78.568122, 35.750073 ] ], [ [ -78.5666516, 35.8573555 ], [ -78.566634, 35.8580367 ], [ -78.5666141, 35.858036 ], [ -78.5659455, 35.8580135 ], [ -78.565946, 35.857787 ], [ -78.5659717, 35.8573382 ], [ -78.5666361, 35.8573551 ], [ -78.5666516, 35.8573555 ] ], [ [ -78.5665261, 35.8638785 ], [ -78.5665126, 35.8639856 ], [ -78.5664816, 35.864129 ], [ -78.5664305, 35.8642564 ], [ -78.5663897, 35.8643505 ], [ -78.566315, 35.8644562 ], [ -78.5662441, 35.864544 ], [ -78.5659507, 35.8648446 ], [ -78.5658806, 35.8649148 ], [ -78.5657469, 35.8650278 ], [ -78.5656859, 35.8650318 ], [ -78.5649162, 35.8650829 ], [ -78.5642945, 35.865121 ], [ -78.5630684, 35.8651432 ], [ -78.5630872, 35.863993 ], [ -78.5641236, 35.8639459 ], [ -78.5648145, 35.8639125 ], [ -78.5648143, 35.8643694 ], [ -78.5654845, 35.8643665 ], [ -78.5654709, 35.8638839 ], [ -78.5656204, 35.8638774 ], [ -78.5665261, 35.8638785 ] ], [ [ -78.5649193, 35.7266646 ], [ -78.5644142, 35.7266696 ], [ -78.5644019, 35.7258745 ], [ -78.5649039, 35.725867 ], [ -78.5649193, 35.7266646 ] ], [ [ -78.5635982, 35.8545146 ], [ -78.5632737, 35.8552579 ], [ -78.5629364, 35.8551623 ], [ -78.562622, 35.855071 ], [ -78.5627184, 35.8548816 ], [ -78.5629562, 35.8543258 ], [ -78.5635982, 35.8545146 ] ], [ [ -78.5633482, 35.8207962 ], [ -78.5623642, 35.8208001 ], [ -78.5623614, 35.8205694 ], [ -78.5616318, 35.8205532 ], [ -78.5616234, 35.8199757 ], [ -78.561997, 35.8199837 ], [ -78.5622218, 35.8199886 ], [ -78.562351, 35.819989 ], [ -78.5623516, 35.8199475 ], [ -78.5631388, 35.8199456 ], [ -78.5631392, 35.8199277 ], [ -78.5633237, 35.8199302 ], [ -78.5633238, 35.8199907 ], [ -78.5633482, 35.8207962 ] ], [ [ -78.5632554, 35.8316925 ], [ -78.563212, 35.8322345 ], [ -78.5629818, 35.8322436 ], [ -78.5626897, 35.832575 ], [ -78.5625177, 35.8326955 ], [ -78.5621535, 35.8320498 ], [ -78.5627416, 35.8318327 ], [ -78.5629121, 35.8317747 ], [ -78.5631193, 35.8317226 ], [ -78.5632554, 35.8316925 ] ], [ [ -78.5598676, 35.874918 ], [ -78.5598527, 35.8756973 ], [ -78.5598028, 35.8794608 ], [ -78.5598009, 35.8796006 ], [ -78.5597592, 35.8809393 ], [ -78.5563447, 35.8807566 ], [ -78.5563011, 35.8811214 ], [ -78.5521718, 35.8797056 ], [ -78.5514303, 35.879456 ], [ -78.5497733, 35.8792818 ], [ -78.5482318, 35.8795983 ], [ -78.5482928, 35.8795642 ], [ -78.5483796, 35.879508 ], [ -78.548429, 35.8794552 ], [ -78.5485183, 35.8793758 ], [ -78.5485434, 35.8793555 ], [ -78.5487038, 35.8792969 ], [ -78.5487349, 35.8792781 ], [ -78.5488258, 35.8792357 ], [ -78.5489072, 35.8791791 ], [ -78.5489467, 35.8791583 ], [ -78.549015, 35.8791136 ], [ -78.5490671, 35.8790785 ], [ -78.5491149, 35.8790566 ], [ -78.5492117, 35.8790304 ], [ -78.5492598, 35.8790022 ], [ -78.5492929, 35.8789904 ], [ -78.5493127, 35.8789793 ], [ -78.5493289, 35.8789581 ], [ -78.5494033, 35.8789087 ], [ -78.5494462, 35.8788637 ], [ -78.549478, 35.878847 ], [ -78.5495175, 35.8788384 ], [ -78.5496252, 35.8788345 ], [ -78.5497134, 35.8788223 ], [ -78.5497468, 35.8788101 ], [ -78.549825, 35.8787904 ], [ -78.5498686, 35.8787744 ], [ -78.5499576, 35.878727 ], [ -78.550053, 35.8786996 ], [ -78.550098, 35.8786842 ], [ -78.5501297, 35.8786665 ], [ -78.5501563, 35.8786593 ], [ -78.5502138, 35.8786501 ], [ -78.550278, 35.8786082 ], [ -78.5503, 35.8785837 ], [ -78.5503079, 35.8785592 ], [ -78.5503412, 35.8785388 ], [ -78.5503959, 35.8785344 ], [ -78.5504674, 35.8785163 ], [ -78.5505151, 35.8784988 ], [ -78.5505365, 35.8784857 ], [ -78.5505486, 35.8784722 ], [ -78.550558, 35.8784564 ], [ -78.5505624, 35.878444 ], [ -78.5505595, 35.878431 ], [ -78.5505469, 35.8784185 ], [ -78.5505093, 35.8783926 ], [ -78.5504198, 35.8783408 ], [ -78.5503838, 35.8783218 ], [ -78.5503685, 35.8783098 ], [ -78.5503573, 35.8782949 ], [ -78.550353, 35.8782836 ], [ -78.5503512, 35.8782721 ], [ -78.5503501, 35.8782638 ], [ -78.550358, 35.8782501 ], [ -78.5503738, 35.8782398 ], [ -78.5503965, 35.8782289 ], [ -78.5504246, 35.8782181 ], [ -78.5504446, 35.8782127 ], [ -78.5504705, 35.8782086 ], [ -78.5505405, 35.8782053 ], [ -78.5505643, 35.8782061 ], [ -78.5505911, 35.8782095 ], [ -78.5506136, 35.8782149 ], [ -78.5506382, 35.8782191 ], [ -78.5506652, 35.8782173 ], [ -78.5506889, 35.8782096 ], [ -78.5507041, 35.8781979 ], [ -78.5507145, 35.8781814 ], [ -78.5507504, 35.8781046 ], [ -78.5507599, 35.8780889 ], [ -78.5507886, 35.8780498 ], [ -78.550835, 35.8779969 ], [ -78.55085, 35.8779749 ], [ -78.550867, 35.8779562 ], [ -78.5508756, 35.8779443 ], [ -78.5508802, 35.8779363 ], [ -78.5508893, 35.8779259 ], [ -78.5509029, 35.8779145 ], [ -78.5509545, 35.8778823 ], [ -78.5509679, 35.8778718 ], [ -78.5509829, 35.8778534 ], [ -78.5509978, 35.8778309 ], [ -78.5510118, 35.8778137 ], [ -78.5510238, 35.8778054 ], [ -78.5510522, 35.877788 ], [ -78.5510716, 35.8777739 ], [ -78.5510875, 35.8777586 ], [ -78.5511133, 35.8777269 ], [ -78.5511377, 35.8776997 ], [ -78.5511686, 35.8776704 ], [ -78.5512059, 35.8776306 ], [ -78.5512273, 35.8776097 ], [ -78.5512655, 35.8775769 ], [ -78.5512736, 35.8775671 ], [ -78.5512825, 35.8775435 ], [ -78.551287, 35.877521 ], [ -78.551292, 35.8775025 ], [ -78.5513041, 35.8774812 ], [ -78.5513101, 35.8774646 ], [ -78.5513092, 35.8774448 ], [ -78.5513068, 35.8774285 ], [ -78.5513103, 35.8774115 ], [ -78.5513201, 35.8773925 ], [ -78.5513555, 35.8773655 ], [ -78.5513902, 35.877345 ], [ -78.5514095, 35.8773316 ], [ -78.5514251, 35.877324 ], [ -78.5514426, 35.8773181 ], [ -78.5514639, 35.8773137 ], [ -78.5515008, 35.8773093 ], [ -78.5515183, 35.8773031 ], [ -78.5515486, 35.8772847 ], [ -78.5515677, 35.8772717 ], [ -78.5516196, 35.8772438 ], [ -78.5516566, 35.8772125 ], [ -78.5516852, 35.8771755 ], [ -78.55172, 35.8771542 ], [ -78.5517632, 35.877094 ], [ -78.5518003, 35.877062 ], [ -78.5518489, 35.8770309 ], [ -78.5519355, 35.8769957 ], [ -78.5520335, 35.8769857 ], [ -78.5523448, 35.8768592 ], [ -78.5523744, 35.8768578 ], [ -78.5525158, 35.8768586 ], [ -78.5526431, 35.8768773 ], [ -78.5528745, 35.8768993 ], [ -78.5530219, 35.8768722 ], [ -78.5531209, 35.8768108 ], [ -78.5531595, 35.8767652 ], [ -78.5531762, 35.8766624 ], [ -78.5532567, 35.8765965 ], [ -78.5533333, 35.876569 ], [ -78.5534016, 35.876568 ], [ -78.5534834, 35.8765873 ], [ -78.5536316, 35.8765848 ], [ -78.5537101, 35.8765566 ], [ -78.5538838, 35.8765255 ], [ -78.5539579, 35.8765636 ], [ -78.5540312, 35.876537 ], [ -78.5541069, 35.8765577 ], [ -78.554157, 35.8764754 ], [ -78.554245, 35.8763878 ], [ -78.5543736, 35.8763884 ], [ -78.5544346, 35.8763761 ], [ -78.5544944, 35.8763416 ], [ -78.5545507, 35.8763289 ], [ -78.5546112, 35.8763089 ], [ -78.5547224, 35.8763104 ], [ -78.5549008, 35.8762658 ], [ -78.554995, 35.8762198 ], [ -78.5550654, 35.8761291 ], [ -78.5552098, 35.876101 ], [ -78.5553371, 35.8759968 ], [ -78.5554968, 35.8759658 ], [ -78.5556222, 35.8758699 ], [ -78.5557274, 35.8758758 ], [ -78.555823, 35.8759788 ], [ -78.5559224, 35.8758768 ], [ -78.5559687, 35.8759429 ], [ -78.5562839, 35.8758856 ], [ -78.5566134, 35.8759357 ], [ -78.5567326, 35.8759699 ], [ -78.5567576, 35.8760165 ], [ -78.5568751, 35.8760344 ], [ -78.5569594, 35.8760156 ], [ -78.5572574, 35.875914 ], [ -78.5575349, 35.8757545 ], [ -78.5576029, 35.875598 ], [ -78.5578188, 35.8754933 ], [ -78.5579105, 35.8754208 ], [ -78.5598676, 35.874918 ] ], [ [ -78.5594594, 35.9371231 ], [ -78.559336, 35.9384658 ], [ -78.5592088, 35.9398759 ], [ -78.5577919, 35.9397513 ], [ -78.555786, 35.9395726 ], [ -78.5560696, 35.9368538 ], [ -78.5594594, 35.9371231 ] ], [ [ -78.5593179, 35.7222573 ], [ -78.5593134, 35.7224317 ], [ -78.5593109, 35.7230219 ], [ -78.5593083, 35.7236282 ], [ -78.5550749, 35.7232359 ], [ -78.553637, 35.7230545 ], [ -78.5532803, 35.7230095 ], [ -78.5531903, 35.7233205 ], [ -78.5524511, 35.725876 ], [ -78.552057, 35.7259473 ], [ -78.5509479, 35.7261718 ], [ -78.5509447, 35.726355 ], [ -78.5505812, 35.7267879 ], [ -78.5499478, 35.7276246 ], [ -78.5489035, 35.7269986 ], [ -78.5490788, 35.7267434 ], [ -78.54801, 35.7261362 ], [ -78.548543, 35.7255853 ], [ -78.5486686, 35.72566 ], [ -78.5493588, 35.7261213 ], [ -78.5495097, 35.7260113 ], [ -78.5495362, 35.72601 ], [ -78.5495667, 35.725996 ], [ -78.5495857, 35.7259648 ], [ -78.5493472, 35.7252977 ], [ -78.5492372, 35.724925 ], [ -78.5491108, 35.7244618 ], [ -78.5490441, 35.7241048 ], [ -78.5490104, 35.7238926 ], [ -78.5490135, 35.7238817 ], [ -78.5489652, 35.7238967 ], [ -78.5488852, 35.7230756 ], [ -78.5488612, 35.7228843 ], [ -78.5488015, 35.722554 ], [ -78.5486972, 35.7221875 ], [ -78.5486153, 35.7219607 ], [ -78.5486077, 35.7219426 ], [ -78.5485194, 35.721731 ], [ -78.5483656, 35.7214235 ], [ -78.5481475, 35.7210492 ], [ -78.5481923, 35.7210316 ], [ -78.54772, 35.720179 ], [ -78.547598, 35.719953 ], [ -78.547424, 35.719629 ], [ -78.5473839, 35.7195524 ], [ -78.546752, 35.719753 ], [ -78.546464, 35.719158 ], [ -78.5462945, 35.7186243 ], [ -78.5461911, 35.7186585 ], [ -78.545842, 35.718784 ], [ -78.545465, 35.71892 ], [ -78.544988, 35.719093 ], [ -78.544511, 35.719266 ], [ -78.544337, 35.719328 ], [ -78.54353, 35.719187 ], [ -78.543118, 35.719115 ], [ -78.542707, 35.719042 ], [ -78.5425188, 35.7190092 ], [ -78.542311, 35.718973 ], [ -78.541916, 35.718904 ], [ -78.5420953, 35.7182279 ], [ -78.542201, 35.717829 ], [ -78.541608, 35.717724 ], [ -78.541651, 35.717563 ], [ -78.5418463, 35.7161756 ], [ -78.5436797, 35.7163683 ], [ -78.5438904, 35.7152623 ], [ -78.5442868, 35.7153174 ], [ -78.5443739, 35.7149278 ], [ -78.5443365, 35.7146062 ], [ -78.5441124, 35.7142483 ], [ -78.5438262, 35.7139024 ], [ -78.5433284, 35.7135087 ], [ -78.5428692, 35.713223 ], [ -78.5424143, 35.7130661 ], [ -78.542158, 35.7133374 ], [ -78.5415889, 35.7129765 ], [ -78.5412824, 35.7132751 ], [ -78.540601, 35.7127226 ], [ -78.5417301, 35.711708 ], [ -78.5417776, 35.711761 ], [ -78.5419606, 35.7119362 ], [ -78.5420821, 35.7120305 ], [ -78.5425482, 35.7123563 ], [ -78.543053, 35.712709 ], [ -78.5440286, 35.7133705 ], [ -78.5444769, 35.7137044 ], [ -78.5446916, 35.7138856 ], [ -78.5448646, 35.7140679 ], [ -78.5450028, 35.7142519 ], [ -78.5451826, 35.7145549 ], [ -78.5453989, 35.7149643 ], [ -78.5455426, 35.715202 ], [ -78.5466471, 35.7148531 ], [ -78.5469334, 35.7154817 ], [ -78.54776, 35.7155624 ], [ -78.547902, 35.7158438 ], [ -78.5480389, 35.7159745 ], [ -78.5482569, 35.7159714 ], [ -78.5485526, 35.7161257 ], [ -78.5485951, 35.716213 ], [ -78.5484839, 35.7164128 ], [ -78.5487149, 35.7168733 ], [ -78.5489775, 35.7173969 ], [ -78.5491344, 35.7177061 ], [ -78.5490154, 35.7179007 ], [ -78.5485797, 35.7180477 ], [ -78.5487675, 35.7184163 ], [ -78.5492025, 35.7182686 ], [ -78.5494666, 35.7187894 ], [ -78.5497206, 35.7188593 ], [ -78.5499211, 35.7192448 ], [ -78.5502663, 35.7199369 ], [ -78.5503631, 35.7201264 ], [ -78.5503748, 35.7211574 ], [ -78.5505513, 35.7213214 ], [ -78.5503785, 35.7214879 ], [ -78.5503832, 35.7218711 ], [ -78.5529886, 35.7218648 ], [ -78.5536054, 35.7218648 ], [ -78.5538122, 35.7211762 ], [ -78.5552283, 35.7211867 ], [ -78.5553967, 35.7205773 ], [ -78.557538, 35.7205975 ], [ -78.5582625, 35.7206239 ], [ -78.5593017, 35.7206617 ], [ -78.5593179, 35.7222573 ] ], [ [ -78.5591869, 35.7494419 ], [ -78.559074, 35.7493688 ], [ -78.5589317, 35.7493784 ], [ -78.5587009, 35.7493934 ], [ -78.5583161, 35.7495529 ], [ -78.557957, 35.7495731 ], [ -78.5578903, 35.7495769 ], [ -78.5576812, 35.7498097 ], [ -78.5574716, 35.7500699 ], [ -78.5574608, 35.7504709 ], [ -78.5573376, 35.7505109 ], [ -78.5571234, 35.7505981 ], [ -78.5569262, 35.7506886 ], [ -78.5567766, 35.7506943 ], [ -78.5562742, 35.7504142 ], [ -78.5560612, 35.7503609 ], [ -78.5557034, 35.7504385 ], [ -78.5554867, 35.75076 ], [ -78.5556041, 35.7510772 ], [ -78.5557766, 35.7511453 ], [ -78.5554597, 35.751362 ], [ -78.555347, 35.7516111 ], [ -78.5553324, 35.7513058 ], [ -78.5553253, 35.7507967 ], [ -78.5552397, 35.7505438 ], [ -78.5551516, 35.7500042 ], [ -78.5547426, 35.7502476 ], [ -78.5541517, 35.7504123 ], [ -78.553627, 35.7504485 ], [ -78.5531798, 35.7509629 ], [ -78.5534079, 35.7511953 ], [ -78.553345, 35.7514673 ], [ -78.5530556, 35.7516067 ], [ -78.5530471, 35.7517968 ], [ -78.5527568, 35.7519683 ], [ -78.5516225, 35.7520153 ], [ -78.5515086, 35.7518726 ], [ -78.5514825, 35.7515423 ], [ -78.5513188, 35.7513187 ], [ -78.5509716, 35.7513484 ], [ -78.5505686, 35.7513828 ], [ -78.5501567, 35.7509597 ], [ -78.5501174, 35.7505201 ], [ -78.5500848, 35.7501553 ], [ -78.5500807, 35.750109 ], [ -78.5500742, 35.7500364 ], [ -78.5501714, 35.7499736 ], [ -78.5505599, 35.7499936 ], [ -78.5506589, 35.7499264 ], [ -78.5508869, 35.7494536 ], [ -78.5512875, 35.7494428 ], [ -78.5522638, 35.7494895 ], [ -78.5535292, 35.7495486 ], [ -78.5537319, 35.7495996 ], [ -78.5543679, 35.7493362 ], [ -78.5548347, 35.7493428 ], [ -78.5550217, 35.74939 ], [ -78.5555527, 35.749257 ], [ -78.5557056, 35.7492125 ], [ -78.5568047, 35.7488848 ], [ -78.5576162, 35.7485688 ], [ -78.5585614, 35.7482941 ], [ -78.558584, 35.7483335 ], [ -78.5591178, 35.7493151 ], [ -78.5591869, 35.7494419 ] ], [ [ -78.555724, 35.768421 ], [ -78.555595, 35.768544 ], [ -78.554703, 35.769737 ], [ -78.5538481, 35.7696561 ], [ -78.5536724, 35.7696833 ], [ -78.553518, 35.769683 ], [ -78.5532882, 35.7696504 ], [ -78.553039, 35.76959 ], [ -78.552682, 35.769546 ], [ -78.5522976, 35.7695349 ], [ -78.551783, 35.76962 ], [ -78.5514817, 35.7697163 ], [ -78.5513268, 35.7697106 ], [ -78.5512799, 35.7696941 ], [ -78.551071, 35.769711 ], [ -78.551051, 35.76881 ], [ -78.55089, 35.767994 ], [ -78.551782, 35.767675 ], [ -78.55186, 35.767837 ], [ -78.551948, 35.767936 ], [ -78.552048, 35.768013 ], [ -78.55217, 35.768079 ], [ -78.552554, 35.768211 ], [ -78.552676, 35.768228 ], [ -78.55281, 35.768222 ], [ -78.553222, 35.76814 ], [ -78.553404, 35.768118 ], [ -78.553491, 35.768162 ], [ -78.553699, 35.768425 ], [ -78.553835, 35.768519 ], [ -78.5539, 35.768233 ], [ -78.554125, 35.768228 ], [ -78.554318, 35.768348 ], [ -78.555029, 35.768387 ], [ -78.555308, 35.768276 ], [ -78.555724, 35.768421 ] ], [ [ -78.5530117, 35.7858916 ], [ -78.5528881, 35.7899471 ], [ -78.5507625, 35.7899916 ], [ -78.5493618, 35.7900205 ], [ -78.5476198, 35.7900554 ], [ -78.5474318, 35.7893579 ], [ -78.5472362, 35.7886382 ], [ -78.5468632, 35.787567 ], [ -78.5466941, 35.7870778 ], [ -78.5463793, 35.7861738 ], [ -78.5464172, 35.7861722 ], [ -78.5490137, 35.7860618 ], [ -78.5505103, 35.7859982 ], [ -78.5530117, 35.7858916 ] ], [ [ -78.5526032, 35.8807249 ], [ -78.552393, 35.881074 ], [ -78.552301, 35.881232 ], [ -78.552255, 35.881308 ], [ -78.552235, 35.881343 ], [ -78.552068, 35.881628 ], [ -78.551932, 35.88186 ], [ -78.551848, 35.881996 ], [ -78.551828, 35.882028 ], [ -78.5516808, 35.8822922 ], [ -78.5508097, 35.8825115 ], [ -78.5504911, 35.8825951 ], [ -78.5502096, 35.8823657 ], [ -78.5500355, 35.8822204 ], [ -78.5499806, 35.8821741 ], [ -78.549769, 35.8819564 ], [ -78.5496123, 35.8817973 ], [ -78.5495, 35.8815444 ], [ -78.5493851, 35.8814968 ], [ -78.5498231, 35.8812431 ], [ -78.550277, 35.8809811 ], [ -78.5503825, 35.8808024 ], [ -78.5506282, 35.8803869 ], [ -78.5508331, 35.8800384 ], [ -78.5517944, 35.8804105 ], [ -78.5526032, 35.8807249 ] ], [ [ -78.5525845, 35.8170709 ], [ -78.5525127, 35.8175141 ], [ -78.5524488, 35.8179037 ], [ -78.5513066, 35.8179867 ], [ -78.551162, 35.8177147 ], [ -78.551078, 35.8175552 ], [ -78.550926, 35.8174604 ], [ -78.5506818, 35.8173048 ], [ -78.5506931, 35.8172092 ], [ -78.5517308, 35.817093 ], [ -78.5525845, 35.8170709 ] ], [ [ -78.5521822, 35.7784495 ], [ -78.5512356, 35.7794471 ], [ -78.5504496, 35.7802779 ], [ -78.549872, 35.7808876 ], [ -78.5496401, 35.7811305 ], [ -78.5486575, 35.7811809 ], [ -78.5486268, 35.7808899 ], [ -78.5490827, 35.779961 ], [ -78.5497517, 35.7785967 ], [ -78.5500662, 35.7786931 ], [ -78.5512895, 35.7779691 ], [ -78.5521822, 35.7784495 ] ], [ [ -78.5474027, 35.8636113 ], [ -78.5469744, 35.8643921 ], [ -78.5460492, 35.8641969 ], [ -78.5461486, 35.8633944 ], [ -78.5474027, 35.8636113 ] ], [ [ -78.5463448, 35.8793899 ], [ -78.546194, 35.8807485 ], [ -78.5460063, 35.8808021 ], [ -78.5457981, 35.8808903 ], [ -78.5457156, 35.8809403 ], [ -78.5456386, 35.8810399 ], [ -78.5455793, 35.8811466 ], [ -78.545556, 35.8812592 ], [ -78.5455495, 35.8814585 ], [ -78.5454413, 35.8815418 ], [ -78.5453457, 35.8816002 ], [ -78.545319, 35.8817883 ], [ -78.5451995, 35.8819975 ], [ -78.545319, 35.8822195 ], [ -78.5453278, 35.8822634 ], [ -78.5453563, 35.8823103 ], [ -78.5453697, 35.8823855 ], [ -78.5453236, 35.8824719 ], [ -78.5452344, 35.8825169 ], [ -78.5451289, 35.8826142 ], [ -78.5450752, 35.8826723 ], [ -78.5450086, 35.8826901 ], [ -78.5448841, 35.882687 ], [ -78.5448006, 35.8826648 ], [ -78.5447257, 35.8826861 ], [ -78.5446632, 35.8827134 ], [ -78.5446072, 35.8827529 ], [ -78.5445637, 35.8828214 ], [ -78.5445441, 35.8828824 ], [ -78.5445666, 35.882952 ], [ -78.5445692, 35.8829973 ], [ -78.5445482, 35.8830338 ], [ -78.5445092, 35.8830664 ], [ -78.5444552, 35.8830746 ], [ -78.5442987, 35.8830868 ], [ -78.5442416, 35.8830948 ], [ -78.5441894, 35.8831088 ], [ -78.54415, 35.8831066 ], [ -78.5441127, 35.8831017 ], [ -78.5440677, 35.8831167 ], [ -78.5440398, 35.8831372 ], [ -78.5439921, 35.883145 ], [ -78.5439616, 35.8831406 ], [ -78.5439106, 35.8831249 ], [ -78.5438372, 35.8831185 ], [ -78.5437714, 35.8830913 ], [ -78.5437156, 35.8830356 ], [ -78.543754, 35.88279 ], [ -78.5441672, 35.880102 ], [ -78.5442708, 35.8794278 ], [ -78.5446934, 35.8788005 ], [ -78.5454996, 35.8791152 ], [ -78.5456586, 35.8791669 ], [ -78.5463448, 35.8793899 ] ], [ [ -78.5455862, 35.8969726 ], [ -78.5443897, 35.8971911 ], [ -78.5441479, 35.8977466 ], [ -78.5433963, 35.897461 ], [ -78.5435433, 35.8946282 ], [ -78.5445646, 35.8944385 ], [ -78.545318, 35.8962577 ], [ -78.5455862, 35.8969726 ] ], [ [ -78.545041, 35.7810517 ], [ -78.5425522, 35.7810433 ], [ -78.54255, 35.7806329 ], [ -78.5424795, 35.780472 ], [ -78.5425245, 35.780448 ], [ -78.5425524, 35.7804004 ], [ -78.5425329, 35.7802057 ], [ -78.5424936, 35.7800155 ], [ -78.5424207, 35.7798083 ], [ -78.5423988, 35.7797816 ], [ -78.5423408, 35.7797707 ], [ -78.5422682, 35.7797372 ], [ -78.5422184, 35.7796832 ], [ -78.5422039, 35.7796095 ], [ -78.5422268, 35.7795465 ], [ -78.5422909, 35.7794952 ], [ -78.5423812, 35.7794652 ], [ -78.5423314, 35.7788555 ], [ -78.5403863, 35.7788594 ], [ -78.5401892, 35.7788152 ], [ -78.5403866, 35.77852 ], [ -78.5398071, 35.7782551 ], [ -78.540454, 35.7773195 ], [ -78.5424501, 35.7773285 ], [ -78.5441608, 35.7773163 ], [ -78.5443694, 35.777298 ], [ -78.5446448, 35.7780328 ], [ -78.543725, 35.7780326 ], [ -78.5437295, 35.7788478 ], [ -78.5429116, 35.7788536 ], [ -78.5432329, 35.7799564 ], [ -78.5449962, 35.7801163 ], [ -78.5450144, 35.7804863 ], [ -78.545041, 35.7810517 ] ], [ [ -78.5428614, 35.8615485 ], [ -78.5428603, 35.8617024 ], [ -78.5427768, 35.861702 ], [ -78.5427719, 35.8623783 ], [ -78.5425809, 35.8623774 ], [ -78.5425858, 35.8617068 ], [ -78.5401525, 35.8616953 ], [ -78.5401537, 35.8615347 ], [ -78.5425995, 35.861546 ], [ -78.5426, 35.86148 ], [ -78.5427708, 35.8614808 ], [ -78.5427703, 35.8615481 ], [ -78.5428614, 35.8615485 ] ], [ [ -78.5426859, 35.8776063 ], [ -78.5413484, 35.8790844 ], [ -78.5406927, 35.878717 ], [ -78.5410721, 35.8783551 ], [ -78.540777, 35.8781405 ], [ -78.5417382, 35.8770456 ], [ -78.5426859, 35.8776063 ] ], [ [ -78.5426275, 35.8011072 ], [ -78.5420849, 35.8014883 ], [ -78.5416201, 35.8010633 ], [ -78.5421585, 35.8006755 ], [ -78.5426275, 35.8011072 ] ], [ [ -78.5411638, 35.8767005 ], [ -78.5411191, 35.8767171 ], [ -78.5410999, 35.876774 ], [ -78.5404046, 35.8774757 ], [ -78.5400189, 35.8773287 ], [ -78.5401486, 35.8772224 ], [ -78.5409406, 35.8765734 ], [ -78.5411638, 35.8767005 ] ], [ [ -78.5402505, 35.7933304 ], [ -78.5400621, 35.7934202 ], [ -78.5399212, 35.7932491 ], [ -78.5401098, 35.7931595 ], [ -78.5402505, 35.7933304 ] ], [ [ -78.5396247, 35.8772272 ], [ -78.5391688, 35.8776229 ], [ -78.5390382, 35.8781025 ], [ -78.5390031, 35.8782471 ], [ -78.5388874, 35.8788086 ], [ -78.538786, 35.879267 ], [ -78.538665, 35.8798679 ], [ -78.5386265, 35.8800589 ], [ -78.538603, 35.8801758 ], [ -78.5377978, 35.880001 ], [ -78.5375303, 35.8795062 ], [ -78.5371209, 35.8787489 ], [ -78.5370746, 35.8786552 ], [ -78.5368652, 35.878232 ], [ -78.5378787, 35.8777857 ], [ -78.5388641, 35.8773006 ], [ -78.539309, 35.8770353 ], [ -78.5393254, 35.877056 ], [ -78.5396247, 35.8772272 ] ], [ [ -78.53774, 35.863143 ], [ -78.5374296, 35.863239 ], [ -78.536569, 35.863476 ], [ -78.536354, 35.863627 ], [ -78.535892, 35.863793 ], [ -78.535711, 35.863789 ], [ -78.535447, 35.863908 ], [ -78.535132, 35.863937 ], [ -78.535012, 35.864072 ], [ -78.534771, 35.864178 ], [ -78.534673, 35.864148 ], [ -78.5346071, 35.8638633 ], [ -78.534273, 35.8639361 ], [ -78.5343066, 35.8632514 ], [ -78.5350106, 35.8632686 ], [ -78.5361016, 35.8630236 ], [ -78.5375293, 35.862703 ], [ -78.5376349, 35.8629234 ], [ -78.53774, 35.863143 ] ], [ [ -78.53696, 35.879869 ], [ -78.5362715, 35.879874 ], [ -78.5356303, 35.8799709 ], [ -78.5355547, 35.8799853 ], [ -78.5352084, 35.8800309 ], [ -78.535036, 35.8800784 ], [ -78.5346396, 35.8802578 ], [ -78.5344129, 35.8804281 ], [ -78.5342887, 35.8805298 ], [ -78.5342297, 35.8805963 ], [ -78.5341101, 35.8807002 ], [ -78.5338411, 35.8811094 ], [ -78.5337047, 35.8813479 ], [ -78.5335857, 35.8810913 ], [ -78.5331293, 35.8801071 ], [ -78.5335328, 35.8798287 ], [ -78.5340604, 35.879511 ], [ -78.5348431, 35.8791234 ], [ -78.5355721, 35.8787976 ], [ -78.5362797, 35.8784881 ], [ -78.5365742, 35.8790858 ], [ -78.5367053, 35.8793521 ], [ -78.53696, 35.879869 ] ], [ [ -78.522827, 35.873767 ], [ -78.522817, 35.873846 ], [ -78.522791, 35.874084 ], [ -78.522782, 35.874164 ], [ -78.522734, 35.874153 ], [ -78.522702, 35.8741555 ], [ -78.522743, 35.874074 ], [ -78.522827, 35.873767 ] ], [ [ -78.5085049, 35.8881312 ], [ -78.5084228, 35.8884907 ], [ -78.508291, 35.8890388 ], [ -78.5078991, 35.8889717 ], [ -78.5074233, 35.8888883 ], [ -78.5075418, 35.8884358 ], [ -78.507646, 35.8880335 ], [ -78.5076654, 35.8879869 ], [ -78.5085049, 35.8881312 ] ] ], [ [ [ -78.7640102, 35.920114 ], [ -78.7602844, 35.9200169 ], [ -78.7601484, 35.9204896 ], [ -78.7585552, 35.9204379 ], [ -78.7584966, 35.9204784 ], [ -78.7585043, 35.9205057 ], [ -78.7584572, 35.9205112 ], [ -78.758417, 35.920522 ], [ -78.758397, 35.920533 ], [ -78.758376, 35.920555 ], [ -78.758356, 35.920621 ], [ -78.758315, 35.920709 ], [ -78.758276, 35.920806 ], [ -78.758275, 35.920824 ], [ -78.7582923, 35.9208617 ], [ -78.7583154, 35.9209121 ], [ -78.7583908, 35.9210061 ], [ -78.7583708, 35.921052 ], [ -78.7583544, 35.9211042 ], [ -78.7583877, 35.9211505 ], [ -78.7583936, 35.9213115 ], [ -78.7583897, 35.9213334 ], [ -78.7584986, 35.9216709 ], [ -78.7586175, 35.9220328 ], [ -78.7598442, 35.9233726 ], [ -78.7626457, 35.9234215 ], [ -78.7626938, 35.9231949 ], [ -78.7627552, 35.9228964 ], [ -78.7628375, 35.9226162 ], [ -78.7629453, 35.9223444 ], [ -78.7631657, 35.9218969 ], [ -78.7634612, 35.9213026 ], [ -78.7636287, 35.9209666 ], [ -78.7638788, 35.9204451 ], [ -78.7640102, 35.920114 ] ] ], [ [ [ -78.7545466, 35.9204075 ], [ -78.7543939, 35.9199758 ], [ -78.7543482, 35.9197848 ], [ -78.7543486, 35.9195483 ], [ -78.7543262, 35.9194337 ], [ -78.7542317, 35.9193955 ], [ -78.7539857, 35.9193667 ], [ -78.7537358, 35.9193632 ], [ -78.7536124, 35.9204201 ], [ -78.7545466, 35.9204075 ] ] ], [ [ [ -78.7376707, 35.868397 ], [ -78.7376695, 35.8683617 ], [ -78.737081, 35.866962 ], [ -78.7369627, 35.866672 ], [ -78.7368854, 35.8667495 ], [ -78.7364862, 35.866639 ], [ -78.7356992, 35.8668565 ], [ -78.7353824, 35.8666378 ], [ -78.7352801, 35.866457 ], [ -78.7350507, 35.8662997 ], [ -78.7351402, 35.866189 ], [ -78.7352947, 35.8660956 ], [ -78.7356691, 35.8660263 ], [ -78.7359029, 35.8657725 ], [ -78.7362675, 35.8655946 ], [ -78.7360387, 35.8650757 ], [ -78.7350447, 35.86505 ], [ -78.7341885, 35.8649434 ], [ -78.7341735, 35.8653551 ], [ -78.7341531, 35.8666385 ], [ -78.7324228, 35.8671299 ], [ -78.7317093, 35.8673324 ], [ -78.7320621, 35.8679544 ], [ -78.732263, 35.8683065 ], [ -78.7325162, 35.8687502 ], [ -78.7326716, 35.8690274 ], [ -78.7328348, 35.8688761 ], [ -78.7328486, 35.868885 ], [ -78.7329545, 35.8687865 ], [ -78.7330237, 35.8687059 ], [ -78.7331648, 35.8684884 ], [ -78.7332742, 35.8683502 ], [ -78.7333088, 35.8683068 ], [ -78.7333731, 35.8683358 ], [ -78.7334124, 35.868351 ], [ -78.7334677, 35.8683695 ], [ -78.7335309, 35.8683868 ], [ -78.7335742, 35.8683961 ], [ -78.7336187, 35.868404 ], [ -78.7337091, 35.8684141 ], [ -78.7339518, 35.8684234 ], [ -78.7342679, 35.8684326 ], [ -78.7352896, 35.8684366 ], [ -78.7358395, 35.8684356 ], [ -78.7360693, 35.8684395 ], [ -78.7362038, 35.8684372 ], [ -78.7371999, 35.8684446 ], [ -78.7375966, 35.8684454 ], [ -78.737642, 35.868428 ], [ -78.7376707, 35.868397 ] ] ], [ [ [ -78.7373689, 35.7473498 ], [ -78.7371981, 35.7473487 ], [ -78.7370887, 35.7473527 ], [ -78.7369412, 35.7473564 ], [ -78.7363579, 35.7473665 ], [ -78.736273, 35.7473675 ], [ -78.7362576, 35.7473683 ], [ -78.7367659, 35.747868 ], [ -78.7370534, 35.7480288 ], [ -78.7372271, 35.7478229 ], [ -78.737336, 35.7476244 ], [ -78.7373689, 35.7473498 ] ] ], [ [ [ -78.7250141, 35.9110727 ], [ -78.7249315, 35.9109577 ], [ -78.7245835, 35.911094 ], [ -78.7241496, 35.911225 ], [ -78.7238726, 35.9113326 ], [ -78.7237567, 35.9113615 ], [ -78.7237564, 35.9101255 ], [ -78.7228576, 35.9101204 ], [ -78.7221891, 35.9091166 ], [ -78.7221882, 35.9085234 ], [ -78.7221883, 35.9082038 ], [ -78.722188, 35.9072963 ], [ -78.7221877, 35.9062758 ], [ -78.7219688, 35.9063229 ], [ -78.7217422, 35.9063903 ], [ -78.7214447, 35.9064945 ], [ -78.7212147, 35.9065892 ], [ -78.7208748, 35.9067369 ], [ -78.7206131, 35.9068522 ], [ -78.7203205, 35.9069752 ], [ -78.7200132, 35.9070926 ], [ -78.7198183, 35.9071562 ], [ -78.7194038, 35.9072821 ], [ -78.7188023, 35.9074539 ], [ -78.7186, 35.9075081 ], [ -78.7185733, 35.9074549 ], [ -78.7183391, 35.9075124 ], [ -78.7181235, 35.9075596 ], [ -78.7179104, 35.9076014 ], [ -78.7175433, 35.9076504 ], [ -78.7175551, 35.9077301 ], [ -78.7176458, 35.9083428 ], [ -78.717394, 35.9085887 ], [ -78.716693, 35.9084938 ], [ -78.7167172, 35.9077477 ], [ -78.7161948, 35.9078195 ], [ -78.7159505, 35.9078459 ], [ -78.7157018, 35.9078605 ], [ -78.7154584, 35.9078686 ], [ -78.7151883, 35.9078623 ], [ -78.7140369, 35.9077946 ], [ -78.7131309, 35.9077255 ], [ -78.7128888, 35.9077176 ], [ -78.7127546, 35.9120009 ], [ -78.7127078, 35.9134956 ], [ -78.713224, 35.9135089 ], [ -78.7147172, 35.913187 ], [ -78.7166544, 35.9127474 ], [ -78.7179221, 35.9125294 ], [ -78.7209085, 35.9120255 ], [ -78.7232862, 35.9116273 ], [ -78.7239302, 35.9114627 ], [ -78.7241988, 35.9113559 ], [ -78.7244469, 35.9112864 ], [ -78.7247015, 35.9112017 ], [ -78.7250141, 35.9110727 ] ] ], [ [ [ -78.7197827, 35.9068518 ], [ -78.7194269, 35.9063202 ], [ -78.7193035, 35.9061552 ], [ -78.7192162, 35.9060385 ], [ -78.719036, 35.9052876 ], [ -78.7171649, 35.9055796 ], [ -78.7175082, 35.907408 ], [ -78.7197827, 35.9068518 ] ] ], [ [ [ -78.7191754, 35.7508646 ], [ -78.718813, 35.7498105 ], [ -78.7185093, 35.7497048 ], [ -78.7182995, 35.7497291 ], [ -78.7180421, 35.7498348 ], [ -78.7181112, 35.750381 ], [ -78.7181815, 35.7509506 ], [ -78.7191754, 35.7508646 ] ] ], [ [ [ -78.7190504, 35.894563 ], [ -78.718828, 35.8944362 ], [ -78.7171723, 35.8935087 ], [ -78.7171946, 35.8934816 ], [ -78.7167858, 35.8932445 ], [ -78.716627, 35.8932313 ], [ -78.7163823, 35.8934997 ], [ -78.7168963, 35.8938466 ], [ -78.7167461, 35.8940514 ], [ -78.716585, 35.8943719 ], [ -78.7165236, 35.8944927 ], [ -78.7164055, 35.8946217 ], [ -78.7165011, 35.8946759 ], [ -78.7168168, 35.8948581 ], [ -78.71685, 35.8948763 ], [ -78.717005, 35.8950389 ], [ -78.717224, 35.8952679 ], [ -78.7174396, 35.8955138 ], [ -78.7175622, 35.895786 ], [ -78.717421, 35.8963456 ], [ -78.7173741, 35.8965311 ], [ -78.717349, 35.8966308 ], [ -78.7168355, 35.8965541 ], [ -78.7168618, 35.8967591 ], [ -78.7169043, 35.896755 ], [ -78.7171437, 35.8968229 ], [ -78.7173675, 35.8974652 ], [ -78.7178154, 35.8973615 ], [ -78.7179421, 35.8973321 ], [ -78.7179835, 35.8968848 ], [ -78.7182785, 35.8969109 ], [ -78.7187705, 35.8963318 ], [ -78.7186271, 35.8962441 ], [ -78.7184436, 35.8959475 ], [ -78.7183489, 35.8957942 ], [ -78.7182711, 35.8956689 ], [ -78.7182421, 35.8956218 ], [ -78.7190504, 35.894563 ] ] ], [ [ [ -78.7127277, 35.904434 ], [ -78.712304, 35.9044165 ], [ -78.7117996, 35.9043956 ], [ -78.7110654, 35.9043652 ], [ -78.7102796, 35.904334 ], [ -78.7103137, 35.9032629 ], [ -78.710324, 35.9029385 ], [ -78.709733, 35.9029205 ], [ -78.7093516, 35.9029089 ], [ -78.7084322, 35.9027157 ], [ -78.7082621, 35.90268 ], [ -78.7079089, 35.9025876 ], [ -78.7069296, 35.9023315 ], [ -78.7061651, 35.9021316 ], [ -78.7058695, 35.9028722 ], [ -78.705161, 35.9031162 ], [ -78.7051561, 35.9032051 ], [ -78.7051548, 35.9032278 ], [ -78.7051365, 35.9035577 ], [ -78.705099, 35.9042322 ], [ -78.7048326, 35.904232 ], [ -78.7032938, 35.9042307 ], [ -78.7034189, 35.9046473 ], [ -78.7034194, 35.9045508 ], [ -78.7035709, 35.9050394 ], [ -78.7037958, 35.9057656 ], [ -78.7037611, 35.9057665 ], [ -78.7038736, 35.9061268 ], [ -78.7039615, 35.9064061 ], [ -78.7039985, 35.9065261 ], [ -78.704028, 35.9066525 ], [ -78.7042417, 35.9067327 ], [ -78.7044671, 35.9068371 ], [ -78.704567, 35.9068927 ], [ -78.7047081, 35.9069778 ], [ -78.7048507, 35.9070763 ], [ -78.7050418, 35.9072314 ], [ -78.7050446, 35.9071529 ], [ -78.7053242, 35.9073914 ], [ -78.7055469, 35.9075811 ], [ -78.7058587, 35.9078448 ], [ -78.7059714, 35.9079288 ], [ -78.7060724, 35.9079949 ], [ -78.706162, 35.90805 ], [ -78.7063064, 35.90812 ], [ -78.7064892, 35.9082113 ], [ -78.7065959, 35.9082542 ], [ -78.7067561, 35.9083082 ], [ -78.706894, 35.9083488 ], [ -78.7072381, 35.9084389 ], [ -78.7073159, 35.9084581 ], [ -78.7076661, 35.9085343 ], [ -78.7079998, 35.9085863 ], [ -78.707999, 35.9087044 ], [ -78.7080206, 35.9088406 ], [ -78.7079226, 35.9092705 ], [ -78.7076591, 35.9092714 ], [ -78.7076904, 35.9105436 ], [ -78.7041786, 35.9113089 ], [ -78.7043591, 35.9116051 ], [ -78.7045202, 35.9117959 ], [ -78.7047962, 35.9121076 ], [ -78.705069, 35.9123239 ], [ -78.7096179, 35.9108665 ], [ -78.7096208, 35.9101484 ], [ -78.7096244, 35.9092477 ], [ -78.7083581, 35.9092751 ], [ -78.7084317, 35.9089552 ], [ -78.7083168, 35.9087496 ], [ -78.7083406, 35.908558 ], [ -78.7083514, 35.9081409 ], [ -78.7083763, 35.9081372 ], [ -78.7084056, 35.9078674 ], [ -78.7084332, 35.9075501 ], [ -78.7091213, 35.9076328 ], [ -78.7091086, 35.9079871 ], [ -78.7096527, 35.9079152 ], [ -78.7096242, 35.9087913 ], [ -78.7099208, 35.908702 ], [ -78.7101941, 35.9085902 ], [ -78.7104222, 35.9084607 ], [ -78.7105702, 35.9083592 ], [ -78.7107421, 35.9082413 ], [ -78.711072, 35.9080207 ], [ -78.7113156, 35.9079047 ], [ -78.7116191, 35.9077857 ], [ -78.7119103, 35.9077101 ], [ -78.7121878, 35.9076538 ], [ -78.7112613, 35.9060878 ], [ -78.7112389, 35.90605 ], [ -78.7114939, 35.9060502 ], [ -78.7120652, 35.9060507 ], [ -78.7120745, 35.9059941 ], [ -78.7120937, 35.9059538 ], [ -78.7121299, 35.9059094 ], [ -78.7123572, 35.9058489 ], [ -78.7126744, 35.9046376 ], [ -78.7127277, 35.904434 ] ] ], [ [ [ -78.7090345, 35.9002427 ], [ -78.7084269, 35.8995641 ], [ -78.7082622, 35.8994014 ], [ -78.708126, 35.8994214 ], [ -78.7078939, 35.8994556 ], [ -78.707412, 35.8995046 ], [ -78.7075685, 35.8999747 ], [ -78.7077004, 35.9003711 ], [ -78.7075413, 35.9004932 ], [ -78.7084922, 35.900732 ], [ -78.7085794, 35.9007539 ], [ -78.708678, 35.9006017 ], [ -78.7090345, 35.9002427 ] ] ], [ [ [ -78.7041048, 35.9116787 ], [ -78.7039841, 35.9114916 ], [ -78.7039078, 35.9113556 ], [ -78.7038576, 35.9112441 ], [ -78.7037732, 35.9110557 ], [ -78.7037378, 35.9109741 ], [ -78.7036938, 35.9108373 ], [ -78.7036606, 35.9106758 ], [ -78.7036418, 35.9104892 ], [ -78.7036372, 35.910333 ], [ -78.7036604, 35.9097402 ], [ -78.7036709, 35.9094556 ], [ -78.7034531, 35.9094648 ], [ -78.7034728, 35.9092134 ], [ -78.7028159, 35.9092092 ], [ -78.702872, 35.9077874 ], [ -78.7029074, 35.9066015 ], [ -78.7028942, 35.9066149 ], [ -78.7023702, 35.9065617 ], [ -78.7023384, 35.9065585 ], [ -78.7020071, 35.9064922 ], [ -78.7019559, 35.9065209 ], [ -78.7018241, 35.9066141 ], [ -78.7012975, 35.9066196 ], [ -78.7012995, 35.9068809 ], [ -78.7013572, 35.9070303 ], [ -78.7013557, 35.9070815 ], [ -78.7013223, 35.9082553 ], [ -78.7012949, 35.9091699 ], [ -78.7008207, 35.9091498 ], [ -78.700845, 35.909473 ], [ -78.700875, 35.909829 ], [ -78.700909, 35.910232 ], [ -78.7009182, 35.9103123 ], [ -78.7006056, 35.9102977 ], [ -78.7000319, 35.9102677 ], [ -78.6994396, 35.9102407 ], [ -78.6987965, 35.9102128 ], [ -78.6983358, 35.9101886 ], [ -78.6975129, 35.9101494 ], [ -78.6973085, 35.9101386 ], [ -78.6969855, 35.9101216 ], [ -78.6969249, 35.9101917 ], [ -78.696777, 35.9103435 ], [ -78.6967447, 35.9103766 ], [ -78.6965735, 35.9105351 ], [ -78.696401, 35.9106824 ], [ -78.696144, 35.9108796 ], [ -78.6959786, 35.9110053 ], [ -78.6956878, 35.9112161 ], [ -78.6951955, 35.9115487 ], [ -78.6951111, 35.9116083 ], [ -78.6950568, 35.9116529 ], [ -78.6949704, 35.9117304 ], [ -78.694884, 35.91182 ], [ -78.6948001, 35.9119163 ], [ -78.6947264, 35.9120117 ], [ -78.6946426, 35.9121419 ], [ -78.6945874, 35.9122501 ], [ -78.6945444, 35.9123114 ], [ -78.6945512, 35.9125399 ], [ -78.6945562, 35.9127096 ], [ -78.6945559, 35.9127488 ], [ -78.694553, 35.9129701 ], [ -78.6952139, 35.9129694 ], [ -78.69521, 35.913465 ], [ -78.6952127, 35.9139301 ], [ -78.6960602, 35.9139306 ], [ -78.6970489, 35.9139529 ], [ -78.6975151, 35.9139649 ], [ -78.6975681, 35.9139186 ], [ -78.697808, 35.9137707 ], [ -78.69792, 35.9136047 ], [ -78.6981291, 35.9134577 ], [ -78.698531, 35.9132846 ], [ -78.698549, 35.9127667 ], [ -78.698617, 35.912756 ], [ -78.6987812, 35.9127502 ], [ -78.6990148, 35.9127229 ], [ -78.6990669, 35.9127162 ], [ -78.699194, 35.912727 ], [ -78.6994499, 35.9128455 ], [ -78.6995521, 35.91288 ], [ -78.6997673, 35.9128477 ], [ -78.6997692, 35.912874 ], [ -78.6999331, 35.912873 ], [ -78.6999851, 35.9128916 ], [ -78.700126, 35.91308 ], [ -78.700267, 35.913548 ], [ -78.7002551, 35.9140299 ], [ -78.7005811, 35.9140396 ], [ -78.700597, 35.914838 ], [ -78.7013747, 35.914826 ], [ -78.701388, 35.914188 ], [ -78.701403, 35.913168 ], [ -78.7014122, 35.9127 ], [ -78.7018923, 35.9127196 ], [ -78.7024787, 35.9127433 ], [ -78.7030432, 35.9123707 ], [ -78.7035389, 35.9120481 ], [ -78.7041048, 35.9116787 ] ] ], [ [ [ -78.703641, 35.9063812 ], [ -78.7036021, 35.9062029 ], [ -78.7035701, 35.9060584 ], [ -78.7035315, 35.9058956 ], [ -78.7034661, 35.9056823 ], [ -78.7033626, 35.9053501 ], [ -78.7032906, 35.9051138 ], [ -78.7032031, 35.9048312 ], [ -78.7031407, 35.9046243 ], [ -78.7025193, 35.9046159 ], [ -78.7025173, 35.9046572 ], [ -78.7021397, 35.9046515 ], [ -78.7021398, 35.9046731 ], [ -78.7020741, 35.9046765 ], [ -78.7020275, 35.9046647 ], [ -78.7020065, 35.904217 ], [ -78.7013085, 35.9042127 ], [ -78.7006069, 35.9042146 ], [ -78.699293, 35.9042218 ], [ -78.6988084, 35.9042288 ], [ -78.6987975, 35.904938 ], [ -78.6987846, 35.9058826 ], [ -78.6994988, 35.9059689 ], [ -78.7005059, 35.9060832 ], [ -78.7010079, 35.9061404 ], [ -78.7018137, 35.9062298 ], [ -78.7018374, 35.9059034 ], [ -78.7021408, 35.9059326 ], [ -78.702113, 35.9062614 ], [ -78.7026073, 35.9063035 ], [ -78.7028781, 35.9063284 ], [ -78.7030554, 35.9063488 ], [ -78.7032279, 35.9063735 ], [ -78.7033842, 35.9064001 ], [ -78.7035785, 35.9064392 ], [ -78.7035869, 35.9064376 ], [ -78.7036001, 35.9064344 ], [ -78.7036146, 35.9064274 ], [ -78.7036247, 35.90642 ], [ -78.7036328, 35.9064103 ], [ -78.7036388, 35.9063985 ], [ -78.703641, 35.9063812 ] ] ], [ [ [ -78.6984703, 35.9079398 ], [ -78.6980565, 35.9078317 ], [ -78.697299, 35.907624 ], [ -78.697304, 35.906501 ], [ -78.697308, 35.9059625 ], [ -78.6951497, 35.9057248 ], [ -78.69456, 35.9056604 ], [ -78.6945583, 35.905718 ], [ -78.694536, 35.906494 ], [ -78.694537, 35.906693 ], [ -78.694545, 35.908387 ], [ -78.694556, 35.910043 ], [ -78.69503, 35.910053 ], [ -78.696078, 35.910085 ], [ -78.6967485, 35.910106 ], [ -78.6968905, 35.909951 ], [ -78.6969947, 35.9098252 ], [ -78.6970695, 35.9097174 ], [ -78.6971755, 35.9095267 ], [ -78.6972574, 35.9093508 ], [ -78.6973219, 35.9092276 ], [ -78.6973845, 35.909126 ], [ -78.6974386, 35.9090348 ], [ -78.6974898, 35.9089621 ], [ -78.6975895, 35.9088274 ], [ -78.6976781, 35.9087131 ], [ -78.6977583, 35.9086219 ], [ -78.6981683, 35.908228 ], [ -78.6984703, 35.9079398 ] ] ], [ [ [ -78.6928983, 35.9033112 ], [ -78.6910165, 35.903104 ], [ -78.6907018, 35.9030693 ], [ -78.6895598, 35.90271 ], [ -78.6883166, 35.9039852 ], [ -78.6888389, 35.9043536 ], [ -78.6895286, 35.903632 ], [ -78.6897722, 35.9037211 ], [ -78.6902545, 35.9038364 ], [ -78.6906806, 35.9038799 ], [ -78.6904594, 35.9044214 ], [ -78.6910329, 35.9044945 ], [ -78.6911469, 35.9039261 ], [ -78.6907618, 35.9038698 ], [ -78.690803, 35.9036998 ], [ -78.6927384, 35.9039619 ], [ -78.6928983, 35.9033112 ] ] ], [ [ [ -78.688867, 35.902269 ], [ -78.688515, 35.902096 ], [ -78.6878439, 35.9017683 ], [ -78.6874419, 35.9021967 ], [ -78.6870341, 35.9018953 ], [ -78.6866203, 35.9023127 ], [ -78.6864892, 35.902508 ], [ -78.6863991, 35.9027481 ], [ -78.6867568, 35.9029056 ], [ -78.6871018, 35.903106 ], [ -78.6877944, 35.9035794 ], [ -78.688867, 35.902269 ] ] ], [ [ [ -78.6871716, 35.8330454 ], [ -78.6866737, 35.8308361 ], [ -78.6863175, 35.8309057 ], [ -78.6862384, 35.8313219 ], [ -78.6858326, 35.8315737 ], [ -78.6861931, 35.8330559 ], [ -78.68603, 35.8334595 ], [ -78.686545, 35.8335847 ], [ -78.6867724, 35.8331081 ], [ -78.6871716, 35.8330454 ] ] ], [ [ [ -78.6861336, 35.9053618 ], [ -78.6861081, 35.9049898 ], [ -78.6860503, 35.9041456 ], [ -78.6859651, 35.902901 ], [ -78.6849433, 35.9027423 ], [ -78.6847731, 35.9053615 ], [ -78.6861336, 35.9053618 ] ] ], [ [ [ -78.6626726, 35.9100611 ], [ -78.6625735, 35.9097928 ], [ -78.662415, 35.9097539 ], [ -78.6622539, 35.9097104 ], [ -78.6620913, 35.9096604 ], [ -78.6619874, 35.9096242 ], [ -78.6617177, 35.9095248 ], [ -78.6614731, 35.9094196 ], [ -78.6612693, 35.9093095 ], [ -78.6610739, 35.9091972 ], [ -78.6608701, 35.9090802 ], [ -78.6606888, 35.908977 ], [ -78.660451, 35.9088303 ], [ -78.6602788, 35.9097576 ], [ -78.659978, 35.9097372 ], [ -78.6599328, 35.9102855 ], [ -78.652304, 35.9100948 ], [ -78.652166, 35.9105539 ], [ -78.6528232, 35.9107959 ], [ -78.6534081, 35.9110105 ], [ -78.6542471, 35.9113204 ], [ -78.6563339, 35.911924 ], [ -78.6576665, 35.9122928 ], [ -78.6586512, 35.9124781 ], [ -78.6597382, 35.9125552 ], [ -78.6603268, 35.9126784 ], [ -78.6607024, 35.9127556 ], [ -78.660745, 35.9126661 ], [ -78.6609851, 35.9126948 ], [ -78.6609352, 35.9128129 ], [ -78.6619302, 35.9130502 ], [ -78.6623822, 35.9131098 ], [ -78.6624978, 35.9130329 ], [ -78.6624979, 35.9129872 ], [ -78.6624981, 35.9129329 ], [ -78.6620387, 35.9128337 ], [ -78.6620409, 35.9123303 ], [ -78.6620488, 35.9104725 ], [ -78.6622503, 35.9105202 ], [ -78.6626131, 35.9106023 ], [ -78.6626726, 35.9100611 ] ] ], [ [ [ -78.643211, 35.895047 ], [ -78.643163, 35.895045 ], [ -78.642865, 35.895026 ], [ -78.642541, 35.895006 ], [ -78.642536, 35.895057 ], [ -78.642528, 35.895145 ], [ -78.642527, 35.895157 ], [ -78.64252, 35.89524 ], [ -78.642504, 35.895404 ], [ -78.642492, 35.895545 ], [ -78.64249, 35.895564 ], [ -78.642485, 35.89563 ], [ -78.642487, 35.89566 ], [ -78.642491, 35.895678 ], [ -78.642504, 35.895701 ], [ -78.642517, 35.895716 ], [ -78.642534, 35.895729 ], [ -78.642558, 35.895739 ], [ -78.642599, 35.895757 ], [ -78.642623, 35.895768 ], [ -78.642885, 35.895887 ], [ -78.643002, 35.895941 ], [ -78.643129, 35.896 ], [ -78.643156, 35.895675 ], [ -78.643176, 35.895452 ], [ -78.643178, 35.89542 ], [ -78.643187, 35.895315 ], [ -78.643211, 35.895047 ] ] ], [ [ [ -78.5964437, 35.7421639 ], [ -78.5949431, 35.7397799 ], [ -78.5916813, 35.7410068 ], [ -78.591922, 35.7416 ], [ -78.592157, 35.742185 ], [ -78.592834, 35.743739 ], [ -78.592952, 35.744032 ], [ -78.593302, 35.744911 ], [ -78.593879, 35.746347 ], [ -78.594283, 35.747222 ], [ -78.594704, 35.747345 ], [ -78.594703, 35.747363 ], [ -78.594913, 35.747355 ], [ -78.595079, 35.747349 ], [ -78.595016, 35.746186 ], [ -78.595981, 35.746151 ], [ -78.595717, 35.745569 ], [ -78.595687, 35.745501 ], [ -78.595401, 35.744861 ], [ -78.595447, 35.744523 ], [ -78.595539, 35.744029 ], [ -78.595612, 35.743644 ], [ -78.595694, 35.743434 ], [ -78.5959848, 35.7431247 ], [ -78.5962948, 35.7426289 ], [ -78.5964437, 35.7421639 ] ] ], [ [ [ -78.593572, 35.750211 ], [ -78.593535, 35.749584 ], [ -78.5934661, 35.7492891 ], [ -78.5925875, 35.7492854 ], [ -78.5925959, 35.7491961 ], [ -78.5927538, 35.7487341 ], [ -78.5933282, 35.7487146 ], [ -78.5930977, 35.7477518 ], [ -78.5931387, 35.7476312 ], [ -78.5924617, 35.7476585 ], [ -78.5921728, 35.7485084 ], [ -78.5920408, 35.7488966 ], [ -78.5908214, 35.7492575 ], [ -78.5907656, 35.7486031 ], [ -78.5906952, 35.7477762 ], [ -78.5903054, 35.7477664 ], [ -78.5899426, 35.7477393 ], [ -78.5897981, 35.747721 ], [ -78.5893898, 35.7476419 ], [ -78.5890379, 35.7475548 ], [ -78.5883169, 35.7473423 ], [ -78.5872128, 35.7469321 ], [ -78.586711, 35.7467624 ], [ -78.5864047, 35.7466526 ], [ -78.5862795, 35.7467192 ], [ -78.5863911, 35.7476752 ], [ -78.5863299, 35.748342 ], [ -78.5862699, 35.7487808 ], [ -78.5861773, 35.7493196 ], [ -78.5860941, 35.7496897 ], [ -78.5876013, 35.749916 ], [ -78.587375, 35.7510651 ], [ -78.5864192, 35.7509276 ], [ -78.5863269, 35.7512197 ], [ -78.585659, 35.7510945 ], [ -78.585601, 35.751201 ], [ -78.5855322, 35.7513241 ], [ -78.5854781, 35.7514205 ], [ -78.5853422, 35.7516619 ], [ -78.5853432, 35.7517439 ], [ -78.585421, 35.751972 ], [ -78.585569, 35.752415 ], [ -78.58561, 35.752535 ], [ -78.5856792, 35.7527447 ], [ -78.5844972, 35.7528699 ], [ -78.5845212, 35.7530884 ], [ -78.5849482, 35.7530142 ], [ -78.5854778, 35.7529421 ], [ -78.5868063, 35.7528179 ], [ -78.5873463, 35.7528071 ], [ -78.5881508, 35.7528104 ], [ -78.5885365, 35.7528182 ], [ -78.5899706, 35.7527952 ], [ -78.5905717, 35.7527582 ], [ -78.5909185, 35.7527345 ], [ -78.5915204, 35.7524891 ], [ -78.5923881, 35.7520437 ], [ -78.5928552, 35.751717 ], [ -78.5934332, 35.7509062 ], [ -78.593572, 35.750211 ] ] ], [ [ [ -78.5931013, 35.7473986 ], [ -78.5923088, 35.7455111 ], [ -78.5921336, 35.7467619 ], [ -78.5914761, 35.7467731 ], [ -78.591522, 35.7471458 ], [ -78.5915525, 35.7474377 ], [ -78.591586, 35.7474675 ], [ -78.5916442, 35.7474834 ], [ -78.5929802, 35.7474309 ], [ -78.5931013, 35.7473986 ] ] ], [ [ [ -78.5809579, 35.934455 ], [ -78.5801187, 35.9344333 ], [ -78.5801387, 35.9338277 ], [ -78.5798626, 35.9338164 ], [ -78.5797288, 35.9338337 ], [ -78.5796371, 35.9338821 ], [ -78.5793078, 35.9344447 ], [ -78.5802541, 35.9346558 ], [ -78.5802372, 35.9349183 ], [ -78.5808196, 35.9351071 ], [ -78.5809579, 35.934455 ] ] ], [ [ [ -78.5794276, 35.8046762 ], [ -78.579402, 35.8045865 ], [ -78.5793913, 35.8045068 ], [ -78.5793866, 35.804429 ], [ -78.5793915, 35.8043389 ], [ -78.579407, 35.8042469 ], [ -78.5788811, 35.8041675 ], [ -78.5788862, 35.8040685 ], [ -78.5776914, 35.8040178 ], [ -78.5776693, 35.8044268 ], [ -78.5776583, 35.8046464 ], [ -78.5785255, 35.8046828 ], [ -78.5788499, 35.804697 ], [ -78.5794276, 35.8046762 ] ] ], [ [ [ -78.5793962, 35.8808504 ], [ -78.5790074, 35.8801131 ], [ -78.5782933, 35.8800609 ], [ -78.5776322, 35.880014 ], [ -78.5776627, 35.8807847 ], [ -78.5776925, 35.880794 ], [ -78.5776632, 35.8808685 ], [ -78.5787489, 35.8808581 ], [ -78.5793962, 35.8808504 ] ] ], [ [ [ -78.5769136, 35.7568856 ], [ -78.5761391, 35.7569451 ], [ -78.573122, 35.757177 ], [ -78.5729635, 35.7571892 ], [ -78.5696964, 35.7573021 ], [ -78.5696489, 35.7573031 ], [ -78.5686588, 35.7573245 ], [ -78.5669856, 35.7573603 ], [ -78.5672136, 35.7599779 ], [ -78.5699084, 35.7606556 ], [ -78.5698136, 35.7596552 ], [ -78.5689544, 35.7594856 ], [ -78.5690697, 35.7590343 ], [ -78.569032, 35.758848 ], [ -78.5693194, 35.7584535 ], [ -78.5696841, 35.7580942 ], [ -78.569716, 35.7585003 ], [ -78.5697554, 35.7590118 ], [ -78.5700194, 35.7590695 ], [ -78.5702293, 35.7591144 ], [ -78.570824, 35.7592435 ], [ -78.5714551, 35.7593805 ], [ -78.5718585, 35.7594684 ], [ -78.5722492, 35.7595539 ], [ -78.5722732, 35.7595585 ], [ -78.5722909, 35.7595576 ], [ -78.5723074, 35.7595543 ], [ -78.5723226, 35.7595472 ], [ -78.5723366, 35.7595358 ], [ -78.5723466, 35.7595178 ], [ -78.5723993, 35.759315 ], [ -78.5725527, 35.759354 ], [ -78.5725855, 35.7593623 ], [ -78.5728351, 35.7594331 ], [ -78.5747389, 35.7599839 ], [ -78.5748454, 35.7597681 ], [ -78.5749881, 35.7594099 ], [ -78.5754003, 35.7587641 ], [ -78.5756999, 35.7583166 ], [ -78.5759406, 35.7579895 ], [ -78.5760997, 35.7577927 ], [ -78.5764518, 35.7573709 ], [ -78.5769136, 35.7568856 ] ] ], [ [ [ -78.5760202, 35.7296276 ], [ -78.5756094, 35.7293341 ], [ -78.5753241, 35.729005 ], [ -78.5750921, 35.7287056 ], [ -78.5749528, 35.7285749 ], [ -78.5745379, 35.728183 ], [ -78.5738209, 35.7287751 ], [ -78.5742206, 35.7290703 ], [ -78.5745497, 35.7294249 ], [ -78.575119, 35.730116 ], [ -78.5753558, 35.7303905 ], [ -78.5757405, 35.729941 ], [ -78.5760202, 35.7296276 ] ] ], [ [ [ -78.5709202, 35.7654736 ], [ -78.5693022, 35.7653309 ], [ -78.5691233, 35.7658441 ], [ -78.5700826, 35.7668963 ], [ -78.5703493, 35.7667031 ], [ -78.5705657, 35.7661872 ], [ -78.5709202, 35.7654736 ] ] ], [ [ [ -78.5690269, 35.7638897 ], [ -78.568784, 35.7637876 ], [ -78.5684659, 35.7652804 ], [ -78.5687154, 35.7654694 ], [ -78.5688421, 35.7648173 ], [ -78.5690269, 35.7638897 ] ] ], [ [ [ -78.5663584, 35.763641 ], [ -78.566352, 35.7633099 ], [ -78.5663193, 35.7627732 ], [ -78.56629, 35.7622831 ], [ -78.5662351, 35.7613079 ], [ -78.5655626, 35.7613055 ], [ -78.5653337, 35.7623437 ], [ -78.5652577, 35.762695 ], [ -78.5651797, 35.7630695 ], [ -78.5658408, 35.7635199 ], [ -78.5662324, 35.7637878 ], [ -78.5662614, 35.7637953 ], [ -78.5662901, 35.7637895 ], [ -78.5663141, 35.763773 ], [ -78.5663281, 35.7637523 ], [ -78.5663584, 35.763641 ] ] ], [ [ [ -78.5648626, 35.7618713 ], [ -78.5643916, 35.7616335 ], [ -78.5643139, 35.7620399 ], [ -78.5637722, 35.7620873 ], [ -78.5637836, 35.7622114 ], [ -78.5637912, 35.7623003 ], [ -78.5637977, 35.7623548 ], [ -78.5638019, 35.7623614 ], [ -78.5638118, 35.762367 ], [ -78.5638469, 35.7623755 ], [ -78.5639012, 35.7623888 ], [ -78.5640246, 35.7624334 ], [ -78.5643142, 35.7625493 ], [ -78.5645285, 35.7626504 ], [ -78.5646993, 35.7627444 ], [ -78.5648626, 35.7618713 ] ] ], [ [ [ -78.5635978, 35.7623192 ], [ -78.5635445, 35.7617673 ], [ -78.563043, 35.7617137 ], [ -78.5630883, 35.7622421 ], [ -78.5633089, 35.7622668 ], [ -78.5635978, 35.7623192 ] ] ], [ [ [ -78.5623824, 35.7622171 ], [ -78.5623272, 35.7616893 ], [ -78.5616455, 35.7616656 ], [ -78.5616893, 35.7622105 ], [ -78.5623824, 35.7622171 ] ] ], [ [ [ -78.5594697, 35.8542621 ], [ -78.5587025, 35.8540055 ], [ -78.5579087, 35.8537529 ], [ -78.5566406, 35.8548568 ], [ -78.5562748, 35.8551778 ], [ -78.5555732, 35.8557701 ], [ -78.5560232, 35.8558455 ], [ -78.5563886, 35.8558559 ], [ -78.5572541, 35.8558781 ], [ -78.5580396, 35.8558983 ], [ -78.5580709, 35.8558991 ], [ -78.5582169, 35.8558988 ], [ -78.5592591, 35.8558968 ], [ -78.55937, 35.8550358 ], [ -78.5594697, 35.8542621 ] ] ], [ [ [ -78.5452987, 35.7575306 ], [ -78.544979, 35.7574293 ], [ -78.5447566, 35.7579494 ], [ -78.5450688, 35.7580454 ], [ -78.5452987, 35.7575306 ] ] ], [ [ [ -78.5437837, 35.7402978 ], [ -78.543359, 35.740479 ], [ -78.5428408, 35.7406816 ], [ -78.5426118, 35.7407958 ], [ -78.5421417, 35.7411218 ], [ -78.5416194, 35.7415556 ], [ -78.5413539, 35.7417762 ], [ -78.5412891, 35.7417915 ], [ -78.5406881, 35.742313 ], [ -78.539128, 35.743632 ], [ -78.5382245, 35.744381 ], [ -78.5378006, 35.7446977 ], [ -78.537608, 35.7448374 ], [ -78.5374154, 35.7449771 ], [ -78.5373768, 35.7449954 ], [ -78.537259, 35.7450746 ], [ -78.5370205, 35.7452354 ], [ -78.5366414, 35.7454873 ], [ -78.5360903, 35.7458587 ], [ -78.5357541, 35.7460866 ], [ -78.5397973, 35.7462669 ], [ -78.5399704, 35.7473363 ], [ -78.5400693, 35.7479477 ], [ -78.5404128, 35.7481758 ], [ -78.540567, 35.748386 ], [ -78.5411348, 35.7484174 ], [ -78.5412321, 35.7480404 ], [ -78.5417917, 35.7479668 ], [ -78.5422097, 35.7483176 ], [ -78.5428372, 35.7487638 ], [ -78.542813, 35.7483066 ], [ -78.5427716, 35.7476093 ], [ -78.5431598, 35.7471296 ], [ -78.5437298, 35.7471593 ], [ -78.5437473, 35.7447509 ], [ -78.5437607, 35.7426678 ], [ -78.5437613, 35.7426039 ], [ -78.5437837, 35.7402978 ] ] ], [ [ [ -78.5432544, 35.8457707 ], [ -78.5428629, 35.8457664 ], [ -78.5418159, 35.8457575 ], [ -78.5418188, 35.845402 ], [ -78.542038, 35.8454061 ], [ -78.5420843, 35.8440816 ], [ -78.5425419, 35.8440865 ], [ -78.5425504, 35.8437176 ], [ -78.5419422, 35.8437177 ], [ -78.5419513, 35.8434133 ], [ -78.5409291, 35.8433726 ], [ -78.5406921, 35.8438132 ], [ -78.5403019, 35.8446762 ], [ -78.5401455, 35.8449494 ], [ -78.5399611, 35.8452288 ], [ -78.5397112, 35.8454931 ], [ -78.5394, 35.845747 ], [ -78.5389047, 35.8460369 ], [ -78.5383045, 35.846272 ], [ -78.5378875, 35.8464149 ], [ -78.5326061, 35.8482855 ], [ -78.5318637, 35.8484872 ], [ -78.5315676, 35.8485255 ], [ -78.5313187, 35.848529 ], [ -78.5311075, 35.8485021 ], [ -78.5311057, 35.8485931 ], [ -78.531111, 35.848678 ], [ -78.5369308, 35.8487021 ], [ -78.5371861, 35.8486672 ], [ -78.5371495, 35.8496571 ], [ -78.5371485, 35.8505925 ], [ -78.5371987, 35.8505377 ], [ -78.5381061, 35.8506647 ], [ -78.5384996, 35.8505188 ], [ -78.5388038, 35.8505512 ], [ -78.5394427, 35.850254 ], [ -78.5395803, 35.8499349 ], [ -78.5399679, 35.8498497 ], [ -78.5403571, 35.8498661 ], [ -78.5405081, 35.8501579 ], [ -78.5411376, 35.850112 ], [ -78.5422962, 35.8499162 ], [ -78.5431369, 35.8495233 ], [ -78.5431566, 35.848894 ], [ -78.5431042, 35.8480139 ], [ -78.5431943, 35.8477085 ], [ -78.5432158, 35.8470399 ], [ -78.5432307, 35.8465642 ], [ -78.5432544, 35.8457707 ] ] ], [ [ [ -78.543006, 35.8384043 ], [ -78.5423908, 35.8382157 ], [ -78.5417479, 35.838018 ], [ -78.542234, 35.8369555 ], [ -78.5396851, 35.8361719 ], [ -78.5387079, 35.8358709 ], [ -78.5369598, 35.8353332 ], [ -78.5363496, 35.8351456 ], [ -78.5359809, 35.8350307 ], [ -78.5355049, 35.8348818 ], [ -78.5350008, 35.8347243 ], [ -78.5347967, 35.8346606 ], [ -78.5346202, 35.8346052 ], [ -78.5344924, 35.8345653 ], [ -78.5343151, 35.8345101 ], [ -78.5341286, 35.8344519 ], [ -78.5339728, 35.8344031 ], [ -78.533825, 35.834357 ], [ -78.5333523, 35.8342092 ], [ -78.5330321, 35.834109 ], [ -78.5327368, 35.8340171 ], [ -78.5323571, 35.8338983 ], [ -78.5319092, 35.8337584 ], [ -78.5316668, 35.8336827 ], [ -78.5314292, 35.8336122 ], [ -78.5310804, 35.8335124 ], [ -78.5310887, 35.8337551 ], [ -78.5311841, 35.8343054 ], [ -78.5312645, 35.8346339 ], [ -78.5313746, 35.8349912 ], [ -78.5315098, 35.8353479 ], [ -78.5315833, 35.8356386 ], [ -78.5316476, 35.8359333 ], [ -78.5316858, 35.8363307 ], [ -78.5316574, 35.836729 ], [ -78.5315714, 35.8372528 ], [ -78.531544, 35.8374799 ], [ -78.5314651, 35.8378026 ], [ -78.5312698, 35.8384204 ], [ -78.5310943, 35.8389184 ], [ -78.531006, 35.8392072 ], [ -78.530942, 35.8394239 ], [ -78.5308607, 35.8398402 ], [ -78.5308264, 35.840135 ], [ -78.530872, 35.8406097 ], [ -78.5309278, 35.8411069 ], [ -78.5309281, 35.8413266 ], [ -78.5309713, 35.8414815 ], [ -78.5309817, 35.8416233 ], [ -78.5309676, 35.8417612 ], [ -78.5309855, 35.8418884 ], [ -78.5309824, 35.8419521 ], [ -78.5309891, 35.8419955 ], [ -78.5309907, 35.842705 ], [ -78.5309756, 35.8428305 ], [ -78.5309697, 35.8428474 ], [ -78.5309653, 35.842865 ], [ -78.5309658, 35.8428913 ], [ -78.5309706, 35.8429461 ], [ -78.5309726, 35.8429701 ], [ -78.5309728, 35.8430041 ], [ -78.5309728, 35.8430224 ], [ -78.5309809, 35.8431009 ], [ -78.530984, 35.8431334 ], [ -78.530983, 35.843166 ], [ -78.5309751, 35.8432302 ], [ -78.5309714, 35.8433222 ], [ -78.5309656, 35.843484 ], [ -78.5309588, 35.8435801 ], [ -78.5309403, 35.8436577 ], [ -78.5309403, 35.8437298 ], [ -78.5309365, 35.8437508 ], [ -78.5309237, 35.8437771 ], [ -78.5309094, 35.8437998 ], [ -78.5308949, 35.8438334 ], [ -78.5308843, 35.8438838 ], [ -78.5308655, 35.843956 ], [ -78.5308537, 35.8440198 ], [ -78.5308401, 35.8440961 ], [ -78.5308265, 35.844151 ], [ -78.5308144, 35.8442092 ], [ -78.5307997, 35.8443068 ], [ -78.5307893, 35.8443754 ], [ -78.530777, 35.8445 ], [ -78.5307742, 35.844522 ], [ -78.530763, 35.8445799 ], [ -78.5307546, 35.8446715 ], [ -78.5307428, 35.8447935 ], [ -78.5307336, 35.8448741 ], [ -78.5307009, 35.8450047 ], [ -78.5306736, 35.845139 ], [ -78.5306428, 35.8453212 ], [ -78.5306371, 35.84538 ], [ -78.5306488, 35.8454591 ], [ -78.5306493, 35.8455103 ], [ -78.5306585, 35.8455677 ], [ -78.53064, 35.8456389 ], [ -78.5306337, 35.8456586 ], [ -78.5312351, 35.8456646 ], [ -78.5312985, 35.8456652 ], [ -78.5320639, 35.8456729 ], [ -78.534782, 35.8456873 ], [ -78.5372222, 35.8457015 ], [ -78.5390243, 35.8456877 ], [ -78.5393698, 35.8454137 ], [ -78.539459, 35.845339 ], [ -78.5396442, 35.8451971 ], [ -78.5397667, 35.8450434 ], [ -78.539896, 35.8448766 ], [ -78.540036, 35.8446466 ], [ -78.5402193, 35.8442528 ], [ -78.5402413, 35.8442056 ], [ -78.5403956, 35.8438761 ], [ -78.5406819, 35.8432855 ], [ -78.5408738, 35.8428908 ], [ -78.5412651, 35.842077 ], [ -78.5402076, 35.8414694 ], [ -78.5415243, 35.8414929 ], [ -78.5418988, 35.8407115 ], [ -78.5423326, 35.8398128 ], [ -78.5426137, 35.8392286 ], [ -78.543006, 35.8384043 ] ] ], [ [ [ -78.5414401, 35.8312539 ], [ -78.5399189, 35.8299867 ], [ -78.5395613, 35.8296888 ], [ -78.5388563, 35.8291015 ], [ -78.5386622, 35.8292837 ], [ -78.5383925, 35.8295446 ], [ -78.5381938, 35.8297307 ], [ -78.5378888, 35.8300457 ], [ -78.5373682, 35.8304495 ], [ -78.5371281, 35.8305439 ], [ -78.5374755, 35.8308328 ], [ -78.5377044, 35.8310221 ], [ -78.5381474, 35.831418 ], [ -78.53838, 35.8315826 ], [ -78.5408098, 35.8336029 ], [ -78.5407913, 35.8324864 ], [ -78.5403233, 35.8320957 ], [ -78.5414401, 35.8312539 ] ] ], [ [ [ -78.541428, 35.7561614 ], [ -78.5407768, 35.7522686 ], [ -78.5397418, 35.7524951 ], [ -78.5400151, 35.7533869 ], [ -78.5376312, 35.7535568 ], [ -78.5373754, 35.7527594 ], [ -78.5360788, 35.7534813 ], [ -78.5365614, 35.7542834 ], [ -78.536666, 35.7542457 ], [ -78.5379452, 35.7545901 ], [ -78.5381312, 35.7551894 ], [ -78.541428, 35.7561614 ] ] ], [ [ [ -78.5295984, 35.819732 ], [ -78.528292, 35.8199197 ], [ -78.5257288, 35.8219148 ], [ -78.527191, 35.8230388 ], [ -78.5274698, 35.8232531 ], [ -78.5282403, 35.8225531 ], [ -78.5295889, 35.8213278 ], [ -78.5295984, 35.819732 ] ] ], [ [ [ -78.5290184, 35.8067394 ], [ -78.526647, 35.8060115 ], [ -78.5266692, 35.8057909 ], [ -78.5267352, 35.8051154 ], [ -78.5267332, 35.8049144 ], [ -78.5265911, 35.8048959 ], [ -78.5266382, 35.8043646 ], [ -78.5267289, 35.8033571 ], [ -78.5262355, 35.8035102 ], [ -78.5259654, 35.8036195 ], [ -78.5257833, 35.8037616 ], [ -78.5255004, 35.8038312 ], [ -78.5252255, 35.8039419 ], [ -78.5250455, 35.8039679 ], [ -78.5249387, 35.8040318 ], [ -78.5248376, 35.8040421 ], [ -78.524796, 35.8040435 ], [ -78.5247312, 35.8040389 ], [ -78.5246651, 35.8040293 ], [ -78.5246012, 35.8040137 ], [ -78.5245508, 35.8040023 ], [ -78.5244987, 35.8039991 ], [ -78.5244335, 35.8039973 ], [ -78.5243823, 35.8040005 ], [ -78.5243039, 35.8040126 ], [ -78.5242671, 35.8040151 ], [ -78.5242338, 35.8040069 ], [ -78.5241896, 35.8039913 ], [ -78.5241564, 35.8039721 ], [ -78.5240859, 35.8039249 ], [ -78.5240482, 35.8039103 ], [ -78.5240171, 35.8038997 ], [ -78.5239944, 35.8038965 ], [ -78.5239755, 35.8038986 ], [ -78.5239515, 35.803911 ], [ -78.5239151, 35.8039384 ], [ -78.5238818, 35.8039593 ], [ -78.52386, 35.8039732 ], [ -78.5238416, 35.8039782 ], [ -78.5238179, 35.803976 ], [ -78.523793, 35.8039664 ], [ -78.5237128, 35.8039167 ], [ -78.5236761, 35.8038997 ], [ -78.5236656, 35.8038976 ], [ -78.5236245, 35.8039062 ], [ -78.5235856, 35.8039062 ], [ -78.5235509, 35.8039137 ], [ -78.5235253, 35.8039278 ], [ -78.5235028, 35.8039485 ], [ -78.5234875, 35.8039576 ], [ -78.5234619, 35.803956 ], [ -78.5234363, 35.8039485 ], [ -78.5234057, 35.8039294 ], [ -78.5233402, 35.8038954 ], [ -78.5232615, 35.8038556 ], [ -78.5231848, 35.8038208 ], [ -78.5231203, 35.8037992 ], [ -78.5230794, 35.8037959 ], [ -78.5230303, 35.8037926 ], [ -78.5229802, 35.8038001 ], [ -78.5229444, 35.8038067 ], [ -78.5229107, 35.8038075 ], [ -78.52288, 35.8037992 ], [ -78.5228555, 35.803786 ], [ -78.5228381, 35.8037744 ], [ -78.5228054, 35.803771 ], [ -78.5227604, 35.8037777 ], [ -78.5227399, 35.8037818 ], [ -78.5226755, 35.8038117 ], [ -78.5226233, 35.8038299 ], [ -78.5225845, 35.8038374 ], [ -78.5225558, 35.8038307 ], [ -78.5224996, 35.8038075 ], [ -78.5224239, 35.8037462 ], [ -78.5223605, 35.8036674 ], [ -78.5223544, 35.8036383 ], [ -78.5223504, 35.8035998 ], [ -78.5222934, 35.8035246 ], [ -78.5222841, 35.8035096 ], [ -78.5223053, 35.8034365 ], [ -78.5223066, 35.8033978 ], [ -78.5222881, 35.8033742 ], [ -78.522247, 35.8033355 ], [ -78.5222059, 35.803314 ], [ -78.5220319, 35.8033166 ], [ -78.5220233, 35.8043304 ], [ -78.5219641, 35.8056593 ], [ -78.5193406, 35.8056365 ], [ -78.5192183, 35.8124887 ], [ -78.5203588, 35.8124879 ], [ -78.5204122, 35.8129075 ], [ -78.5192084, 35.8128769 ], [ -78.5191777, 35.8149606 ], [ -78.5191799, 35.8150123 ], [ -78.5196815, 35.8151821 ], [ -78.5198606, 35.8154873 ], [ -78.521552, 35.8147655 ], [ -78.5215634, 35.8144024 ], [ -78.5222347, 35.8143817 ], [ -78.5223977, 35.8144051 ], [ -78.5245381, 35.8134917 ], [ -78.5247933, 35.8131553 ], [ -78.5249293, 35.8129735 ], [ -78.5250559, 35.8126825 ], [ -78.5251933, 35.812368 ], [ -78.52527, 35.812191 ], [ -78.5253051, 35.8119956 ], [ -78.5253387, 35.8118072 ], [ -78.5253609, 35.81168 ], [ -78.5253811, 35.8115795 ], [ -78.5254047, 35.811491 ], [ -78.5254444, 35.8113944 ], [ -78.5254916, 35.811295 ], [ -78.5255656, 35.8111787 ], [ -78.5256424, 35.8110793 ], [ -78.5257643, 35.8106999 ], [ -78.5263931, 35.8086489 ], [ -78.5264928, 35.8080101 ], [ -78.5265891, 35.806592 ], [ -78.5278388, 35.8070348 ], [ -78.5286555, 35.8072325 ], [ -78.5290184, 35.8067394 ] ] ], [ [ [ -78.5289933, 35.8546146 ], [ -78.5275948, 35.8542936 ], [ -78.5270174, 35.8541621 ], [ -78.5267975, 35.8540759 ], [ -78.5263511, 35.8539667 ], [ -78.5251052, 35.8533882 ], [ -78.523999, 35.8525921 ], [ -78.5237939, 35.8523415 ], [ -78.521733, 35.8523319 ], [ -78.5206977, 35.852329 ], [ -78.5207124, 35.8523425 ], [ -78.5206737, 35.8524048 ], [ -78.5207028, 35.852457 ], [ -78.5206448, 35.8525024 ], [ -78.5206645, 35.8525483 ], [ -78.5206427, 35.8526735 ], [ -78.5207412, 35.8528872 ], [ -78.5207178, 35.8529231 ], [ -78.5207953, 35.8529496 ], [ -78.5208113, 35.8530495 ], [ -78.520887, 35.8531638 ], [ -78.5211073, 35.8532632 ], [ -78.5210177, 35.8532888 ], [ -78.5204363, 35.8533716 ], [ -78.5201497, 35.8534126 ], [ -78.5201855, 35.8534161 ], [ -78.5202121, 35.8534286 ], [ -78.5202295, 35.8534462 ], [ -78.5202385, 35.8534663 ], [ -78.5203119, 35.8538144 ], [ -78.5198999, 35.8539019 ], [ -78.5193503, 35.8540185 ], [ -78.5202158, 35.8558189 ], [ -78.5206361, 35.8566833 ], [ -78.5206586, 35.8566675 ], [ -78.5206889, 35.8566631 ], [ -78.5207207, 35.8566652 ], [ -78.5207761, 35.8566547 ], [ -78.5208249, 35.8566395 ], [ -78.5208388, 35.8566338 ], [ -78.5208775, 35.8566023 ], [ -78.5208955, 35.8565906 ], [ -78.5209408, 35.8565712 ], [ -78.5210104, 35.8565475 ], [ -78.5210306, 35.8565443 ], [ -78.5210701, 35.8565455 ], [ -78.5211224, 35.8565444 ], [ -78.5211467, 35.8565444 ], [ -78.5211861, 35.8565488 ], [ -78.5212045, 35.8565499 ], [ -78.5212218, 35.8565485 ], [ -78.5212449, 35.8565438 ], [ -78.5212541, 35.8565437 ], [ -78.5212898, 35.8565485 ], [ -78.5213012, 35.8565509 ], [ -78.521308, 35.856554 ], [ -78.5213181, 35.8565633 ], [ -78.5213242, 35.8565669 ], [ -78.5213326, 35.8565694 ], [ -78.5213718, 35.8565655 ], [ -78.5213863, 35.8565656 ], [ -78.5213968, 35.8565682 ], [ -78.5214119, 35.8565747 ], [ -78.5214371, 35.8565999 ], [ -78.5214492, 35.8566102 ], [ -78.5214573, 35.8566129 ], [ -78.5214809, 35.8566144 ], [ -78.5214982, 35.8566207 ], [ -78.5215326, 35.856621 ], [ -78.521593, 35.8566467 ], [ -78.52162, 35.8566725 ], [ -78.5216541, 35.8566901 ], [ -78.5217085, 35.8567228 ], [ -78.5217208, 35.8567257 ], [ -78.5217544, 35.856736 ], [ -78.5217891, 35.856754 ], [ -78.521835, 35.8567635 ], [ -78.5218539, 35.8567723 ], [ -78.5221807, 35.8573509 ], [ -78.5223529, 35.8574397 ], [ -78.5225417, 35.8576373 ], [ -78.5226373, 35.8576712 ], [ -78.522877, 35.8576328 ], [ -78.5229963, 35.8575617 ], [ -78.5230348, 35.857501 ], [ -78.5229465, 35.8573192 ], [ -78.5229978, 35.8572526 ], [ -78.5233213, 35.857163 ], [ -78.5234389, 35.8570003 ], [ -78.5235431, 35.8569376 ], [ -78.5237434, 35.8569128 ], [ -78.5239404, 35.856977 ], [ -78.5242007, 35.8570728 ], [ -78.5242933, 35.8571027 ], [ -78.5243869, 35.8571454 ], [ -78.5244918, 35.8571517 ], [ -78.5245296, 35.8571414 ], [ -78.5246414, 35.8570706 ], [ -78.5247208, 35.8569867 ], [ -78.5249184, 35.8569023 ], [ -78.525024, 35.8568067 ], [ -78.525063, 35.8567715 ], [ -78.5251278, 35.8567619 ], [ -78.5252043, 35.8567156 ], [ -78.5252984, 35.8567293 ], [ -78.5254118, 35.856758 ], [ -78.5254928, 35.8568154 ], [ -78.5258773, 35.8568666 ], [ -78.5259612, 35.8568574 ], [ -78.5263066, 35.856618 ], [ -78.5263807, 35.8564786 ], [ -78.5265412, 35.8562828 ], [ -78.5266128, 35.856012 ], [ -78.5267314, 35.8559533 ], [ -78.5268747, 35.856013 ], [ -78.5269355, 35.8561006 ], [ -78.5270395, 35.8560459 ], [ -78.5272346, 35.8560578 ], [ -78.5275337, 35.8559159 ], [ -78.5275919, 35.85591 ], [ -78.5278217, 35.8558082 ], [ -78.5279058, 35.8556283 ], [ -78.5279749, 35.8554319 ], [ -78.52803, 35.8553235 ], [ -78.5280513, 35.8549451 ], [ -78.5281212, 35.8549607 ], [ -78.5283123, 35.8549178 ], [ -78.5285252, 35.8549178 ], [ -78.5287029, 35.8549096 ], [ -78.5287796, 35.8548815 ], [ -78.5288233, 35.8548706 ], [ -78.5288134, 35.8548031 ], [ -78.5288949, 35.8547607 ], [ -78.5289497, 35.854661 ], [ -78.5289933, 35.8546146 ] ] ], [ [ [ -78.523919, 35.832132 ], [ -78.523911, 35.830267 ], [ -78.523904, 35.828413 ], [ -78.523286, 35.828426 ], [ -78.522953, 35.828512 ], [ -78.522952, 35.828136 ], [ -78.52295, 35.827379 ], [ -78.522914, 35.827389 ], [ -78.522832, 35.827412 ], [ -78.522705, 35.827443 ], [ -78.522561, 35.827474 ], [ -78.522436, 35.827499 ], [ -78.520571, 35.827821 ], [ -78.520391, 35.827853 ], [ -78.519788, 35.827951 ], [ -78.519564, 35.827988 ], [ -78.519574, 35.828024 ], [ -78.519339, 35.828062 ], [ -78.5194716, 35.828593 ], [ -78.519836, 35.830053 ], [ -78.520036, 35.830658 ], [ -78.52051, 35.832091 ], [ -78.521589, 35.832104 ], [ -78.521672, 35.833504 ], [ -78.523152, 35.833522 ], [ -78.523077, 35.832122 ], [ -78.523919, 35.832132 ] ] ], [ [ [ -78.5238762, 35.8975968 ], [ -78.523793, 35.8970815 ], [ -78.5226888, 35.8970736 ], [ -78.5227037, 35.8951018 ], [ -78.5227117, 35.8934971 ], [ -78.520251, 35.8929949 ], [ -78.5197455, 35.8928971 ], [ -78.519667, 35.8916228 ], [ -78.5192587, 35.891751 ], [ -78.5190877, 35.8914161 ], [ -78.5186361, 35.8915815 ], [ -78.5183962, 35.8917799 ], [ -78.5172951, 35.892102 ], [ -78.5165107, 35.8923975 ], [ -78.5155176, 35.8927764 ], [ -78.513684, 35.893491 ], [ -78.5122538, 35.8940578 ], [ -78.510273, 35.8948379 ], [ -78.5084623, 35.8955626 ], [ -78.5085978, 35.8967425 ], [ -78.508726, 35.8981467 ], [ -78.5076769, 35.8978378 ], [ -78.5068743, 35.8976015 ], [ -78.5069266, 35.8984023 ], [ -78.5069567, 35.8988634 ], [ -78.506724, 35.8988719 ], [ -78.5065364, 35.8964319 ], [ -78.5061179, 35.8964402 ], [ -78.5012116, 35.8983679 ], [ -78.5009301, 35.8985666 ], [ -78.5005331, 35.8986426 ], [ -78.4999702, 35.8988619 ], [ -78.5000063, 35.8989233 ], [ -78.499898, 35.8989613 ], [ -78.4998691, 35.898897 ], [ -78.4983687, 35.8994216 ], [ -78.4981112, 35.9001586 ], [ -78.5024027, 35.8994216 ], [ -78.5018468, 35.9039013 ], [ -78.5026144, 35.9039059 ], [ -78.5035511, 35.9029276 ], [ -78.5033794, 35.9026929 ], [ -78.5039764, 35.9021429 ], [ -78.5050915, 35.9019816 ], [ -78.5053379, 35.9018431 ], [ -78.5068179, 35.9016361 ], [ -78.506197, 35.903484 ], [ -78.5074717, 35.9034919 ], [ -78.5074902, 35.9035596 ], [ -78.5075087, 35.90361 ], [ -78.5075801, 35.9036587 ], [ -78.5076721, 35.9036824 ], [ -78.5081813, 35.9036992 ], [ -78.5081829, 35.9036617 ], [ -78.5090402, 35.9036691 ], [ -78.5090744, 35.9041218 ], [ -78.5081511, 35.9041148 ], [ -78.5081568, 35.9042263 ], [ -78.5059576, 35.9042101 ], [ -78.505926, 35.9042844 ], [ -78.5066217, 35.9042984 ], [ -78.5127545, 35.9043441 ], [ -78.5127492, 35.9048092 ], [ -78.5148383, 35.9048234 ], [ -78.5147775, 35.9062692 ], [ -78.5178733, 35.9062787 ], [ -78.5178741, 35.906214 ], [ -78.5204586, 35.9062329 ], [ -78.5209172, 35.9052062 ], [ -78.5209882, 35.905055 ], [ -78.5211131, 35.9047752 ], [ -78.5212799, 35.9044071 ], [ -78.521537, 35.9038497 ], [ -78.5218416, 35.9031946 ], [ -78.5223534, 35.9020805 ], [ -78.5226833, 35.9013334 ], [ -78.5226858, 35.9010126 ], [ -78.5226925, 35.8995156 ], [ -78.5226974, 35.898058 ], [ -78.5227065, 35.8976348 ], [ -78.5226952, 35.8975664 ], [ -78.5238762, 35.8975968 ] ], [ [ -78.5183516, 35.8971715 ], [ -78.5181275, 35.8984873 ], [ -78.5176768, 35.9011337 ], [ -78.5174471, 35.9024823 ], [ -78.5174345, 35.9024686 ], [ -78.5173405, 35.902424 ], [ -78.5172717, 35.9023786 ], [ -78.5171885, 35.902334 ], [ -78.5171337, 35.902349 ], [ -78.5171252, 35.9023372 ], [ -78.5171089, 35.9022891 ], [ -78.5169033, 35.9022276 ], [ -78.516747, 35.9021899 ], [ -78.5167008, 35.9021626 ], [ -78.5165734, 35.9021498 ], [ -78.516538, 35.9021535 ], [ -78.5164818, 35.902145 ], [ -78.51647, 35.9021101 ], [ -78.516452, 35.9020894 ], [ -78.5162796, 35.9020822 ], [ -78.5160429, 35.9020596 ], [ -78.5160058, 35.9020687 ], [ -78.5158691, 35.9020486 ], [ -78.5157835, 35.9020558 ], [ -78.5157112, 35.9020287 ], [ -78.5155786, 35.9020683 ], [ -78.5154244, 35.9020807 ], [ -78.515309, 35.9021304 ], [ -78.5150962, 35.9021415 ], [ -78.5149377, 35.9020116 ], [ -78.5149115, 35.9019546 ], [ -78.5148404, 35.9018831 ], [ -78.5147794, 35.9017577 ], [ -78.5147279, 35.9017401 ], [ -78.5146736, 35.9015526 ], [ -78.5146343, 35.9015238 ], [ -78.51455, 35.9015216 ], [ -78.5144383, 35.9014931 ], [ -78.51433, 35.9014288 ], [ -78.5142485, 35.9014262 ], [ -78.514135, 35.9014032 ], [ -78.5140057, 35.9014023 ], [ -78.5138626, 35.9013883 ], [ -78.5137181, 35.9013475 ], [ -78.5138209, 35.8997806 ], [ -78.5140086, 35.8970287 ], [ -78.5167214, 35.8971179 ], [ -78.5183516, 35.8971715 ] ] ], [ [ [ -78.5231192, 35.7082575 ], [ -78.5222222, 35.7084782 ], [ -78.5218204, 35.7087482 ], [ -78.5211258, 35.7087168 ], [ -78.5208084, 35.7090258 ], [ -78.5202377, 35.7094647 ], [ -78.5194839, 35.70981 ], [ -78.5190562, 35.7103085 ], [ -78.5187644, 35.7107791 ], [ -78.5188656, 35.7109629 ], [ -78.5188032, 35.7110285 ], [ -78.518863, 35.7111416 ], [ -78.5187182, 35.7115291 ], [ -78.5185605, 35.7116047 ], [ -78.5186187, 35.7117506 ], [ -78.5185902, 35.7117711 ], [ -78.518477, 35.7124122 ], [ -78.5178764, 35.7122377 ], [ -78.5174317, 35.7124443 ], [ -78.5173412, 35.7130537 ], [ -78.5174092, 35.7135987 ], [ -78.5161857, 35.7140684 ], [ -78.5158314, 35.7145875 ], [ -78.5151662, 35.7148883 ], [ -78.5152935, 35.7152929 ], [ -78.5150853, 35.7155545 ], [ -78.5149861, 35.7156788 ], [ -78.5149103, 35.7157739 ], [ -78.5129348, 35.7182531 ], [ -78.5125284, 35.7179808 ], [ -78.5122992, 35.7172692 ], [ -78.5109915, 35.716754 ], [ -78.5104654, 35.7164908 ], [ -78.5102045, 35.7163586 ], [ -78.5090546, 35.7157794 ], [ -78.5084434, 35.7154677 ], [ -78.5073642, 35.7154219 ], [ -78.5071916, 35.716012 ], [ -78.5073448, 35.7160283 ], [ -78.5073, 35.71666 ], [ -78.5072585, 35.7169602 ], [ -78.507262, 35.717013 ], [ -78.5072984, 35.7173098 ], [ -78.5072335, 35.7175552 ], [ -78.5064604, 35.7179295 ], [ -78.5061009, 35.7186671 ], [ -78.5058814, 35.7187002 ], [ -78.5058422, 35.7190558 ], [ -78.505706, 35.7192312 ], [ -78.5054748, 35.7191352 ], [ -78.5052484, 35.7193208 ], [ -78.503902, 35.7194032 ], [ -78.5030324, 35.7207297 ], [ -78.5026111, 35.7213671 ], [ -78.502477, 35.721561 ], [ -78.5021847, 35.7220658 ], [ -78.5019985, 35.7225982 ], [ -78.5020995, 35.7231972 ], [ -78.5017194, 35.7239638 ], [ -78.5017951, 35.7242519 ], [ -78.5018807, 35.7242365 ], [ -78.5019411, 35.7242323 ], [ -78.5020287, 35.7242196 ], [ -78.502059, 35.7242193 ], [ -78.5020922, 35.7242241 ], [ -78.502134, 35.7242359 ], [ -78.5021702, 35.7242449 ], [ -78.502254, 35.7242501 ], [ -78.5023335, 35.7242633 ], [ -78.5023841, 35.7242681 ], [ -78.5024359, 35.7242684 ], [ -78.502505, 35.7242695 ], [ -78.5025476, 35.7242766 ], [ -78.5026036, 35.7242941 ], [ -78.5026422, 35.724311 ], [ -78.5026761, 35.724323 ], [ -78.5027223, 35.7243345 ], [ -78.5027841, 35.7243409 ], [ -78.5028267, 35.7243468 ], [ -78.5028658, 35.7243561 ], [ -78.5030308, 35.7244141 ], [ -78.5031368, 35.7244542 ], [ -78.5032469, 35.7244869 ], [ -78.5033284, 35.7245194 ], [ -78.5033663, 35.724531 ], [ -78.5034523, 35.7245537 ], [ -78.5035046, 35.7245633 ], [ -78.503545, 35.7245664 ], [ -78.5037205, 35.7245741 ], [ -78.5037874, 35.7245863 ], [ -78.5038774, 35.7246005 ], [ -78.5039375, 35.7246175 ], [ -78.5040355, 35.7246597 ], [ -78.5041245, 35.7246981 ], [ -78.5041652, 35.7247214 ], [ -78.5042018, 35.7247359 ], [ -78.504255, 35.7247544 ], [ -78.5043664, 35.724784 ], [ -78.5046002, 35.7248585 ], [ -78.5046698, 35.7248856 ], [ -78.504729, 35.7249017 ], [ -78.5047747, 35.7249102 ], [ -78.5051394, 35.7249465 ], [ -78.5051917, 35.7249555 ], [ -78.5052551, 35.7249725 ], [ -78.5052718, 35.7249752 ], [ -78.5053159, 35.7249872 ], [ -78.5054558, 35.7250323 ], [ -78.505527, 35.7250489 ], [ -78.5056551, 35.725094 ], [ -78.5058424, 35.7251416 ], [ -78.506018, 35.7251648 ], [ -78.506069, 35.7251751 ], [ -78.5062547, 35.7252165 ], [ -78.5063848, 35.7252509 ], [ -78.5066325, 35.7253329 ], [ -78.5066908, 35.7253597 ], [ -78.5067551, 35.7253767 ], [ -78.5068376, 35.7253841 ], [ -78.5069763, 35.7254061 ], [ -78.5070932, 35.725422 ], [ -78.5072763, 35.7254549 ], [ -78.5074455, 35.7254724 ], [ -78.5076316, 35.725502 ], [ -78.5077962, 35.7255226 ], [ -78.507884, 35.7255371 ], [ -78.5080001, 35.7255504 ], [ -78.5080903, 35.7255671 ], [ -78.5082568, 35.7256062 ], [ -78.5083586, 35.7256358 ], [ -78.5083927, 35.7256419 ], [ -78.5084497, 35.7256465 ], [ -78.5085136, 35.7256461 ], [ -78.5085673, 35.7256493 ], [ -78.5088416, 35.725702 ], [ -78.5090507, 35.7257363 ], [ -78.5092096, 35.7257608 ], [ -78.5093004, 35.7257705 ], [ -78.5094007, 35.7257777 ], [ -78.509486, 35.7257905 ], [ -78.5095368, 35.7258036 ], [ -78.5095722, 35.7258074 ], [ -78.50971, 35.7258169 ], [ -78.5098153, 35.7258324 ], [ -78.5098874, 35.7258402 ], [ -78.5099552, 35.7258541 ], [ -78.510011, 35.7258666 ], [ -78.5101115, 35.7258796 ], [ -78.5102298, 35.725907 ], [ -78.5103268, 35.7259462 ], [ -78.5103608, 35.7259642 ], [ -78.5103787, 35.7259707 ], [ -78.5103968, 35.7259728 ], [ -78.5104736, 35.7259994 ], [ -78.5105263, 35.7260191 ], [ -78.5105499, 35.7260248 ], [ -78.5106103, 35.7260353 ], [ -78.5106618, 35.7260501 ], [ -78.5107013, 35.7260549 ], [ -78.5108926, 35.7260597 ], [ -78.5109243, 35.7260618 ], [ -78.5109829, 35.7260761 ], [ -78.5110494, 35.7260975 ], [ -78.511103, 35.7261226 ], [ -78.5111446, 35.7261317 ], [ -78.5111921, 35.7261376 ], [ -78.5112293, 35.7261399 ], [ -78.5113171, 35.7261402 ], [ -78.5113456, 35.72614 ], [ -78.5114126, 35.7261536 ], [ -78.5114618, 35.7261678 ], [ -78.5115079, 35.7261736 ], [ -78.5115534, 35.7261877 ], [ -78.5116241, 35.7261947 ], [ -78.5117439, 35.7262142 ], [ -78.5118045, 35.7262256 ], [ -78.5118483, 35.7262258 ], [ -78.5118716, 35.7262209 ], [ -78.5118965, 35.72622 ], [ -78.5119231, 35.7262233 ], [ -78.5119508, 35.7262324 ], [ -78.5120097, 35.7262568 ], [ -78.5121439, 35.7262904 ], [ -78.512184, 35.7262999 ], [ -78.5122861, 35.7263148 ], [ -78.5123754, 35.7263338 ], [ -78.5124081, 35.7263381 ], [ -78.5124958, 35.7263406 ], [ -78.5126812, 35.7263768 ], [ -78.5127459, 35.7263852 ], [ -78.5129802, 35.7263972 ], [ -78.5130884, 35.726395 ], [ -78.5131437, 35.7264086 ], [ -78.5131843, 35.7264167 ], [ -78.5132046, 35.7264232 ], [ -78.513239, 35.7264378 ], [ -78.5132668, 35.7264457 ], [ -78.5133453, 35.7264592 ], [ -78.5133782, 35.726461 ], [ -78.5134281, 35.7264617 ], [ -78.5135135, 35.7264554 ], [ -78.5135939, 35.726456 ], [ -78.5136254, 35.7264599 ], [ -78.5136587, 35.7264698 ], [ -78.513689, 35.7264821 ], [ -78.5137619, 35.7265239 ], [ -78.5137958, 35.7265474 ], [ -78.514245, 35.7262027 ], [ -78.5143672, 35.7260632 ], [ -78.5144673, 35.7259488 ], [ -78.5145822, 35.7257842 ], [ -78.5149638, 35.7252484 ], [ -78.5151641, 35.7250316 ], [ -78.5154067, 35.7248399 ], [ -78.5156783, 35.7246751 ], [ -78.5160128, 35.7245272 ], [ -78.5161856, 35.7244637 ], [ -78.5168214, 35.7242287 ], [ -78.5170039, 35.7241046 ], [ -78.5171136, 35.7240288 ], [ -78.5172278, 35.7239391 ], [ -78.5173626, 35.7238265 ], [ -78.5174245, 35.7237722 ], [ -78.5175339, 35.7236692 ], [ -78.5176423, 35.723559 ], [ -78.5177182, 35.7234684 ], [ -78.5177566, 35.7234176 ], [ -78.5178271, 35.7233144 ], [ -78.51787, 35.7232424 ], [ -78.5179109, 35.7231658 ], [ -78.5179525, 35.7230784 ], [ -78.5179884, 35.7229886 ], [ -78.5180223, 35.7228809 ], [ -78.5180433, 35.7227982 ], [ -78.5180564, 35.7227313 ], [ -78.5180662, 35.7226669 ], [ -78.5180723, 35.7226156 ], [ -78.5180941, 35.7224928 ], [ -78.5181251, 35.7223187 ], [ -78.5182236, 35.721712 ], [ -78.5182909, 35.7213448 ], [ -78.5183533, 35.7210095 ], [ -78.5183687, 35.7209093 ], [ -78.5184323, 35.7206258 ], [ -78.5184682, 35.7204948 ], [ -78.5185102, 35.7203593 ], [ -78.5185851, 35.7201505 ], [ -78.5186215, 35.7200592 ], [ -78.5186517, 35.7199906 ], [ -78.5186965, 35.7198944 ], [ -78.5187858, 35.7197226 ], [ -78.5189615, 35.719436 ], [ -78.5192369, 35.719039 ], [ -78.5198489, 35.7181586 ], [ -78.5212705, 35.7161127 ], [ -78.5220008, 35.7150644 ], [ -78.5222781, 35.7146649 ], [ -78.5224085, 35.7136758 ], [ -78.522526, 35.712741 ], [ -78.5225752, 35.7123914 ], [ -78.5226886, 35.711514 ], [ -78.5231192, 35.7082575 ] ] ], [ [ [ -78.520443, 35.8350618 ], [ -78.5194413, 35.8320984 ], [ -78.5161817, 35.8320603 ], [ -78.51625, 35.833284 ], [ -78.5160792, 35.8333836 ], [ -78.5162568, 35.8336383 ], [ -78.5163388, 35.834037 ], [ -78.516489, 35.8355651 ], [ -78.5165234, 35.8362364 ], [ -78.5165104, 35.8368259 ], [ -78.5164688, 35.8371695 ], [ -78.5164305, 35.8375347 ], [ -78.518173, 35.8375249 ], [ -78.5186005, 35.8375249 ], [ -78.5188231, 35.837561 ], [ -78.5191794, 35.83765 ], [ -78.5200463, 35.8376308 ], [ -78.5199219, 35.8357011 ], [ -78.5198919, 35.835236 ], [ -78.520443, 35.8350618 ] ] ], [ [ [ -78.5176046, 35.8698693 ], [ -78.515452, 35.8698305 ], [ -78.5154806, 35.8702433 ], [ -78.5145533, 35.8702344 ], [ -78.5146487, 35.8709119 ], [ -78.5147246, 35.8712357 ], [ -78.5153182, 35.8712238 ], [ -78.5154804, 35.8718351 ], [ -78.5161558, 35.8718675 ], [ -78.5161752, 35.8707231 ], [ -78.5175844, 35.870739 ], [ -78.5176046, 35.8698693 ] ] ], [ [ [ -78.5161181, 35.8383145 ], [ -78.5152174, 35.8383406 ], [ -78.5140786, 35.8383735 ], [ -78.514088, 35.8378197 ], [ -78.5141018, 35.8370108 ], [ -78.5141193, 35.8359818 ], [ -78.5114516, 35.8359987 ], [ -78.5096562, 35.8360101 ], [ -78.5096503, 35.837338 ], [ -78.5072093, 35.8373734 ], [ -78.5047508, 35.8373828 ], [ -78.5016755, 35.8374371 ], [ -78.5016813, 35.8380456 ], [ -78.5016551, 35.8383428 ], [ -78.5015707, 35.8387508 ], [ -78.5013758, 35.8396282 ], [ -78.5015213, 35.8396707 ], [ -78.5041165, 35.8402367 ], [ -78.5047973, 35.8403853 ], [ -78.5053618, 35.8405221 ], [ -78.5058069, 35.8406283 ], [ -78.5061532, 35.8407486 ], [ -78.5064528, 35.8408571 ], [ -78.5069154, 35.841074 ], [ -78.5072733, 35.8412509 ], [ -78.5080414, 35.8416424 ], [ -78.5084759, 35.8416456 ], [ -78.5109563, 35.8417202 ], [ -78.5124827, 35.8417661 ], [ -78.5126245, 35.8394952 ], [ -78.5150678, 35.8392108 ], [ -78.5151638, 35.839232 ], [ -78.5151842, 35.8396212 ], [ -78.5159697, 35.8397485 ], [ -78.515993, 35.8393263 ], [ -78.5161181, 35.8383145 ] ] ], [ [ [ -78.5142674, 35.8642759 ], [ -78.5140487, 35.8637527 ], [ -78.5139411, 35.8635002 ], [ -78.5139182, 35.863439 ], [ -78.5138548, 35.8632328 ], [ -78.5138402, 35.8632281 ], [ -78.5132206, 35.8632862 ], [ -78.5122593, 35.8639314 ], [ -78.5123594, 35.8648711 ], [ -78.5125186, 35.8648719 ], [ -78.5126713, 35.8649202 ], [ -78.5127014, 35.8649298 ], [ -78.512973, 35.8649584 ], [ -78.5132868, 35.8649915 ], [ -78.5136757, 35.86498 ], [ -78.5135482, 35.8644149 ], [ -78.5142674, 35.8642759 ] ] ], [ [ [ -78.5135784, 35.8613403 ], [ -78.5134935, 35.8610501 ], [ -78.5132689, 35.8604795 ], [ -78.5131293, 35.8601401 ], [ -78.5128622, 35.859652 ], [ -78.5067129, 35.8604125 ], [ -78.5071286, 35.8623798 ], [ -78.5101754, 35.8619786 ], [ -78.5100069, 35.8610604 ], [ -78.512079, 35.8607998 ], [ -78.5122525, 35.8616974 ], [ -78.5134328, 35.8615125 ], [ -78.5135117, 35.8614829 ], [ -78.5135784, 35.8614338 ], [ -78.5135784, 35.8613403 ] ] ], [ [ [ -78.5113519, 35.8496875 ], [ -78.511335, 35.8488592 ], [ -78.5113396, 35.8487054 ], [ -78.5113396, 35.8486025 ], [ -78.5113459, 35.8484711 ], [ -78.5105411, 35.8484327 ], [ -78.5105963, 35.8477873 ], [ -78.5101495, 35.8477651 ], [ -78.50908, 35.8477121 ], [ -78.5083533, 35.8476662 ], [ -78.5055078, 35.8476017 ], [ -78.5054619, 35.8484375 ], [ -78.5054023, 35.8494705 ], [ -78.5059744, 35.8494866 ], [ -78.5063752, 35.8495052 ], [ -78.5066629, 35.8495238 ], [ -78.5071432, 35.849535 ], [ -78.5074293, 35.8495499 ], [ -78.508182, 35.8495734 ], [ -78.5092468, 35.8496119 ], [ -78.5113519, 35.8496875 ] ] ], [ [ [ -78.5018235, 35.8780714 ], [ -78.5016839, 35.8775757 ], [ -78.5015688, 35.8771667 ], [ -78.5008882, 35.8773296 ], [ -78.5007166, 35.8768776 ], [ -78.5008668, 35.8768358 ], [ -78.5006822, 35.8762725 ], [ -78.500509, 35.8763168 ], [ -78.5003159, 35.8756852 ], [ -78.4999037, 35.8752456 ], [ -78.4999295, 35.8749396 ], [ -78.4999209, 35.8746753 ], [ -78.4998522, 35.8742858 ], [ -78.4997063, 35.8740702 ], [ -78.4992686, 35.873952 ], [ -78.4989167, 35.8741467 ], [ -78.498745, 35.8743554 ], [ -78.4988309, 35.8746753 ], [ -78.498323, 35.8751118 ], [ -78.4974672, 35.8753478 ], [ -78.4964537, 35.8756232 ], [ -78.495604, 35.8758839 ], [ -78.4949546, 35.8760265 ], [ -78.4943962, 35.8766314 ], [ -78.4934616, 35.8775854 ], [ -78.4942601, 35.8777589 ], [ -78.4939817, 35.8786216 ], [ -78.495181, 35.878849 ], [ -78.4969774, 35.8784273 ], [ -78.4968498, 35.878969 ], [ -78.4978859, 35.8791178 ], [ -78.4979502, 35.878867 ], [ -78.4984418, 35.8789678 ], [ -78.4983781, 35.8791792 ], [ -78.4988606, 35.8792727 ], [ -78.4990639, 35.878626 ], [ -78.4992386, 35.878671 ], [ -78.4998306, 35.878611 ], [ -78.4999965, 35.8784932 ], [ -78.5001087, 35.8785015 ], [ -78.5018235, 35.8780714 ] ] ], [ [ [ -78.485583, 35.838805 ], [ -78.483724, 35.838726 ], [ -78.484004, 35.837374 ], [ -78.4842796, 35.8365708 ], [ -78.4839791, 35.8366322 ], [ -78.483565, 35.8367242 ], [ -78.4832435, 35.8367878 ], [ -78.4828934, 35.8368469 ], [ -78.4824567, 35.8369105 ], [ -78.4821242, 35.8369489 ], [ -78.4819221, 35.8369665 ], [ -78.4817504, 35.8369764 ], [ -78.481541, 35.8369774 ], [ -78.4813949, 35.8369669 ], [ -78.4812175, 35.8369596 ], [ -78.481069, 35.8369496 ], [ -78.4806598, 35.8369056 ], [ -78.4797923, 35.8367945 ], [ -78.4791491, 35.8367171 ], [ -78.4786772, 35.836645 ], [ -78.4784409, 35.8366184 ], [ -78.478136, 35.8365795 ], [ -78.4777456, 35.8365263 ], [ -78.4775858, 35.8365006 ], [ -78.4775402, 35.8385862 ], [ -78.4779255, 35.8385965 ], [ -78.4779055, 35.8394558 ], [ -78.4725217, 35.8394342 ], [ -78.4707917, 35.8394324 ], [ -78.4708349, 35.840012 ], [ -78.4710917, 35.8400781 ], [ -78.4714371, 35.8404006 ], [ -78.4716097, 35.8406936 ], [ -78.472085, 35.8409354 ], [ -78.4720108, 35.8410203 ], [ -78.4724195, 35.8413381 ], [ -78.4729025, 35.8419569 ], [ -78.4728035, 35.8422968 ], [ -78.4729298, 35.8423008 ], [ -78.4729842, 35.8423149 ], [ -78.4730277, 35.842411 ], [ -78.4730782, 35.8425631 ], [ -78.4731492, 35.8430292 ], [ -78.4735443, 35.8436746 ], [ -78.473619, 35.8438 ], [ -78.4737133, 35.8442192 ], [ -78.4738113, 35.8446405 ], [ -78.4738832, 35.8452724 ], [ -78.4739416, 35.8453469 ], [ -78.4774771, 35.8454104 ], [ -78.477521, 35.84952 ], [ -78.477529, 35.850311 ], [ -78.477535, 35.850663 ], [ -78.477537, 35.850813 ], [ -78.477539, 35.851189 ], [ -78.477545, 35.851915 ], [ -78.47756, 35.852528 ], [ -78.47757, 35.853172 ], [ -78.4775951, 35.853734 ], [ -78.4776029, 35.8538299 ], [ -78.4776837, 35.8539115 ], [ -78.477867, 35.8540756 ], [ -78.4780085, 35.8542063 ], [ -78.4781887, 35.8543802 ], [ -78.4783724, 35.8545759 ], [ -78.4785069, 35.8547287 ], [ -78.4786821, 35.8549375 ], [ -78.4787949, 35.8550817 ], [ -78.4790193, 35.8553802 ], [ -78.481253, 35.855261 ], [ -78.480735, 35.84921 ], [ -78.485252, 35.849287 ], [ -78.485509, 35.844959 ], [ -78.485583, 35.838805 ] ] ] ] } }
]
}
