{
"type": "FeatureCollection",
"name": "raleigh_cooling_resources",
"crs": { "type": "name", "properties": { "name": "urn:ogc:def:crs:OGC:1.3:CRS84" } },
"features": [
{ "type": "Feature", "properties": { "name": "Kaplan Park", "type": "Park / Tree Shade", "category": "Outdoor Shade", "cooling_capacity": "Moderate", "latitude": 35.772374, "longitude": -78.7130602 }, "geometry": { "type": "Point", "coordinates": [ -78.7130602, 35.772374 ] } },
{ "type": "Feature", "properties": { "name": "Finch Library", "type": "Public Library", "category": "Indoor A/C Refuge", "cooling_capacity": "High", "latitude": 35.7883, "longitude": -78.6372 }, "geometry": { "type": "Point", "coordinates": [ -78.6372, 35.7883 ] } },
{ "type": "Feature", "properties": { "name": "LGBT Center of Raleigh", "type": "Community Center", "category": "Indoor A/C Refuge", "cooling_capacity": "High", "latitude": 35.7781753, "longitude": -78.639904 }, "geometry": { "type": "Point", "coordinates": [ -78.639904, 35.7781753 ] } },
{ "type": "Feature", "properties": { "name": "Greystone Recreation Center", "type": "Community Center", "category": "Indoor A/C Refuge", "cooling_capacity": "High", "latitude": 35.8868169, "longitude": -78.6602133 }, "geometry": { "type": "Point", "coordinates": [ -78.6602133, 35.8868169 ] } },
{ "type": "Feature", "properties": { "name": "Springdale Area Recreation Club", "type": "Park / Tree Shade", "category": "Outdoor Shade", "cooling_capacity": "Moderate", "latitude": 35.8962296, "longitude": -78.7232046 }, "geometry": { "type": "Point", "coordinates": [ -78.7232046, 35.8962296 ] } },
{ "type": "Feature", "properties": { "name": "NC Japan Center", "type": "Community Center", "category": "Indoor A/C Refuge", "cooling_capacity": "High", "latitude": 35.7726648, "longitude": -78.6667851 }, "geometry": { "type": "Point", "coordinates": [ -78.6667851, 35.7726648 ] } },
{ "type": "Feature", "properties": { "name": "Oakboro Park", "type": "Park / Tree Shade", "category": "Outdoor Shade", "cooling_capacity": "Moderate", "latitude": 35.9128289, "longitude": -78.5788453 }, "geometry": { "type": "Point", "coordinates": [ -78.5788453, 35.9128289 ] } },
{ "type": "Feature", "properties": { "name": "The North Carolina State Library", "type": "Public Library", "category": "Indoor A/C Refuge", "cooling_capacity": "High", "latitude": 35.7828436, "longitude": -78.6370105 }, "geometry": { "type": "Point", "coordinates": [ -78.6370105, 35.7828436 ] } },
{ "type": "Feature", "properties": { "name": "River Bend Park", "type": "Park / Tree Shade", "category": "Outdoor Shade", "cooling_capacity": "Moderate", "latitude": 35.8608694, "longitude": -78.5297601 }, "geometry": { "type": "Point", "coordinates": [ -78.5297601, 35.8608694 ] } },
{ "type": "Feature", "properties": { "name": "Big Field", "type": "Park / Tree Shade", "category": "Outdoor Shade", "cooling_capacity": "Moderate", "latitude": 35.7690985, "longitude": -78.6623781 }, "geometry": { "type": "Point", "coordinates": [ -78.6623781, 35.7690985 ] } },
{ "type": "Feature", "properties": { "name": "Southeast Raleigh YMCA", "type": "Community Center", "category": "Indoor A/C Refuge", "cooling_capacity": "High", "latitude": 35.7609113, "longitude": -78.61436 }, "geometry": { "type": "Point", "coordinates": [ -78.61436, 35.7609113 ] } },
{ "type": "Feature", "properties": { "name": "RUMAH", "type": "Community Center", "category": "Indoor A/C Refuge", "cooling_capacity": "High", "latitude": 35.7804806, "longitude": -78.6457049 }, "geometry": { "type": "Point", "coordinates": [ -78.6457049, 35.7804806 ] } },
{ "type": "Feature", "properties": { "name": "Glen Eden Tennis Park", "type": "Park / Tree Shade", "category": "Outdoor Shade", "cooling_capacity": "Moderate", "latitude": 35.8303172, "longitude": -78.6819495 }, "geometry": { "type": "Point", "coordinates": [ -78.6819495, 35.8303172 ] } },
{ "type": "Feature", "properties": { "name": "Zebra Robotics", "type": "Community Center", "category": "Indoor A/C Refuge", "cooling_capacity": "High", "latitude": 35.9074563, "longitude": -78.5887713 }, "geometry": { "type": "Point", "coordinates": [ -78.5887713, 35.9074563 ] } },
{ "type": "Feature", "properties": { "name": "Buffaloe Road Athletic Complex", "type": "Park / Tree Shade", "category": "Outdoor Shade", "cooling_capacity": "Moderate", "latitude": 35.83764125, "longitude": -78.536712407670592 }, "geometry": { "type": "Point", "coordinates": [ -78.536712407670592, 35.83764125 ] } },
{ "type": "Feature", "properties": { "name": "Lake Johnson Park", "type": "Park / Tree Shade", "category": "Outdoor Shade", "cooling_capacity": "Moderate", "latitude": 35.7624513, "longitude": -78.717900481775246 }, "geometry": { "type": "Point", "coordinates": [ -78.717900481775246, 35.7624513 ] } },
{ "type": "Feature", "properties": { "name": "Reedy Creek Trail", "type": "Park / Tree Shade", "category": "Outdoor Shade", "cooling_capacity": "Moderate", "latitude": 35.808183, "longitude": -78.699042304170831 }, "geometry": { "type": "Point", "coordinates": [ -78.699042304170831, 35.808183 ] } },
{ "type": "Feature", "properties": { "name": "Kiwanis Park", "type": "Park / Tree Shade", "category": "Outdoor Shade", "cooling_capacity": "Moderate", "latitude": 35.8178271, "longitude": -78.630926858271096 }, "geometry": { "type": "Point", "coordinates": [ -78.630926858271096, 35.8178271 ] } },
{ "type": "Feature", "properties": { "name": "Alleghany Trail", "type": "Park / Tree Shade", "category": "Outdoor Shade", "cooling_capacity": "Moderate", "latitude": 35.83769225, "longitude": -78.663893518301819 }, "geometry": { "type": "Point", "coordinates": [ -78.663893518301819, 35.83769225 ] } },
{ "type": "Feature", "properties": { "name": "Neuse River Greenway", "type": "Park / Tree Shade", "category": "Outdoor Shade", "cooling_capacity": "Moderate", "latitude": 35.85122205, "longitude": -78.53288823442 }, "geometry": { "type": "Point", "coordinates": [ -78.53288823442, 35.85122205 ] } },
{ "type": "Feature", "properties": { "name": "Milburnie Park", "type": "Park / Tree Shade", "category": "Outdoor Shade", "cooling_capacity": "Moderate", "latitude": 35.80255725, "longitude": -78.54214113507777 }, "geometry": { "type": "Point", "coordinates": [ -78.54214113507777, 35.80255725 ] } },
{ "type": "Feature", "properties": { "name": "Windemere Beaver Dam Park", "type": "Park / Tree Shade", "category": "Outdoor Shade", "cooling_capacity": "Moderate", "latitude": 35.80352235, "longitude": -78.674920653595024 }, "geometry": { "type": "Point", "coordinates": [ -78.674920653595024, 35.80352235 ] } },
{ "type": "Feature", "properties": { "name": "Bent Creek Trail Greenway", "type": "Park / Tree Shade", "category": "Outdoor Shade", "cooling_capacity": "Moderate", "latitude": 35.8829724, "longitude": -78.641317084081095 }, "geometry": { "type": "Point", "coordinates": [ -78.641317084081095, 35.8829724 ] } },
{ "type": "Feature", "properties": { "name": "Neuse River Greenway", "type": "Park / Tree Shade", "category": "Outdoor Shade", "cooling_capacity": "Moderate", "latitude": 35.9353167, "longitude": -78.572502814907182 }, "geometry": { "type": "Point", "coordinates": [ -78.572502814907182, 35.9353167 ] } },
{ "type": "Feature", "properties": { "name": "Neuse River Greenway", "type": "Park / Tree Shade", "category": "Outdoor Shade", "cooling_capacity": "Moderate", "latitude": 35.88002105, "longitude": -78.527399674777854 }, "geometry": { "type": "Point", "coordinates": [ -78.527399674777854, 35.88002105 ] } },
{ "type": "Feature", "properties": { "name": "Neuse River Greenway", "type": "Park / Tree Shade", "category": "Outdoor Shade", "cooling_capacity": "Moderate", "latitude": 35.86922725, "longitude": -78.535194047885355 }, "geometry": { "type": "Point", "coordinates": [ -78.535194047885355, 35.86922725 ] } },
{ "type": "Feature", "properties": { "name": "City of Raleigh Greenway", "type": "Park / Tree Shade", "category": "Outdoor Shade", "cooling_capacity": "Moderate", "latitude": 35.87217945, "longitude": -78.534146352382209 }, "geometry": { "type": "Point", "coordinates": [ -78.534146352382209, 35.87217945 ] } },
{ "type": "Feature", "properties": { "name": "Horseshoe Park", "type": "Park / Tree Shade", "category": "Outdoor Shade", "cooling_capacity": "Moderate", "latitude": 35.8844975, "longitude": -78.536988949832434 }, "geometry": { "type": "Point", "coordinates": [ -78.536988949832434, 35.8844975 ] } },
{ "type": "Feature", "properties": { "name": "Neuse River Greenway", "type": "Park / Tree Shade", "category": "Outdoor Shade", "cooling_capacity": "Moderate", "latitude": 35.88343795, "longitude": -78.531373286661591 }, "geometry": { "type": "Point", "coordinates": [ -78.531373286661591, 35.88343795 ] } },
{ "type": "Feature", "properties": { "name": "Neuse River Greenway", "type": "Park / Tree Shade", "category": "Outdoor Shade", "cooling_capacity": "Moderate", "latitude": 35.84475675, "longitude": -78.531198224678576 }, "geometry": { "type": "Point", "coordinates": [ -78.531198224678576, 35.84475675 ] } },
{ "type": "Feature", "properties": { "name": "Tarheel Club Farm Greenway", "type": "Park / Tree Shade", "category": "Outdoor Shade", "cooling_capacity": "Moderate", "latitude": 35.8172569, "longitude": -78.538086826719365 }, "geometry": { "type": "Point", "coordinates": [ -78.538086826719365, 35.8172569 ] } },
{ "type": "Feature", "properties": { "name": "Milburnie Road Canoe Access Area", "type": "Park / Tree Shade", "category": "Outdoor Shade", "cooling_capacity": "Moderate", "latitude": 35.7990036, "longitude": -78.537621991063759 }, "geometry": { "type": "Point", "coordinates": [ -78.537621991063759, 35.7990036 ] } },
{ "type": "Feature", "properties": { "name": "Neuse River Greenway", "type": "Park / Tree Shade", "category": "Outdoor Shade", "cooling_capacity": "Moderate", "latitude": 35.78776075, "longitude": -78.537830328973541 }, "geometry": { "type": "Point", "coordinates": [ -78.537830328973541, 35.78776075 ] } },
{ "type": "Feature", "properties": { "name": "Neuse River Greenway", "type": "Park / Tree Shade", "category": "Outdoor Shade", "cooling_capacity": "Moderate", "latitude": 35.7781232, "longitude": -78.538898272739857 }, "geometry": { "type": "Point", "coordinates": [ -78.538898272739857, 35.7781232 ] } },
{ "type": "Feature", "properties": { "name": "Anderson Point Park", "type": "Park / Tree Shade", "category": "Outdoor Shade", "cooling_capacity": "Moderate", "latitude": 35.77067695, "longitude": -78.542006455411951 }, "geometry": { "type": "Point", "coordinates": [ -78.542006455411951, 35.77067695 ] } },
{ "type": "Feature", "properties": { "name": "Neuse River Greenway", "type": "Park / Tree Shade", "category": "Outdoor Shade", "cooling_capacity": "Moderate", "latitude": 35.76567855, "longitude": -78.540626441475411 }, "geometry": { "type": "Point", "coordinates": [ -78.540626441475411, 35.76567855 ] } },
{ "type": "Feature", "properties": { "name": "Barwell Road Community Center", "type": "Community Center", "category": "Indoor A/C Refuge", "cooling_capacity": "High", "latitude": 35.73100905, "longitude": -78.551511493683677 }, "geometry": { "type": "Point", "coordinates": [ -78.551511493683677, 35.73100905 ] } },
{ "type": "Feature", "properties": { "name": "Walnut Creek Park South", "type": "Park / Tree Shade", "category": "Outdoor Shade", "cooling_capacity": "Moderate", "latitude": 35.75092845, "longitude": -78.579329321258342 }, "geometry": { "type": "Point", "coordinates": [ -78.579329321258342, 35.75092845 ] } },
{ "type": "Feature", "properties": { "name": "Baileywick Park", "type": "Park / Tree Shade", "category": "Outdoor Shade", "cooling_capacity": "Moderate", "latitude": 35.90609245, "longitude": -78.668552780406628 }, "geometry": { "type": "Point", "coordinates": [ -78.668552780406628, 35.90609245 ] } },
{ "type": "Feature", "properties": { "name": "Drewry Hills Park #2", "type": "Park / Tree Shade", "category": "Outdoor Shade", "cooling_capacity": "Moderate", "latitude": 35.8234504, "longitude": -78.644191161541357 }, "geometry": { "type": "Point", "coordinates": [ -78.644191161541357, 35.8234504 ] } },
{ "type": "Feature", "properties": { "name": "Crabtree Park", "type": "Park / Tree Shade", "category": "Outdoor Shade", "cooling_capacity": "Moderate", "latitude": 35.79674665, "longitude": -78.597886716791407 }, "geometry": { "type": "Point", "coordinates": [ -78.597886716791407, 35.79674665 ] } },
{ "type": "Feature", "properties": { "name": "Crabtree Creek Trail", "type": "Park / Tree Shade", "category": "Outdoor Shade", "cooling_capacity": "Moderate", "latitude": 35.79323675000001, "longitude": -78.592744802710087 }, "geometry": { "type": "Point", "coordinates": [ -78.592744802710087, 35.79323675 ] } },
{ "type": "Feature", "properties": { "name": "Neuse River Greenway", "type": "Park / Tree Shade", "category": "Outdoor Shade", "cooling_capacity": "Moderate", "latitude": 35.9021998, "longitude": -78.538641557994339 }, "geometry": { "type": "Point", "coordinates": [ -78.538641557994339, 35.9021998 ] } },
{ "type": "Feature", "properties": { "name": "Neuse River Greenway", "type": "Park / Tree Shade", "category": "Outdoor Shade", "cooling_capacity": "Moderate", "latitude": 35.89377215, "longitude": -78.534668938232244 }, "geometry": { "type": "Point", "coordinates": [ -78.534668938232244, 35.89377215 ] } },
{ "type": "Feature", "properties": { "name": "Neuse River Greenway", "type": "Park / Tree Shade", "category": "Outdoor Shade", "cooling_capacity": "Moderate", "latitude": 35.92266525, "longitude": -78.556102454594566 }, "geometry": { "type": "Point", "coordinates": [ -78.556102454594566, 35.92266525 ] } },
{ "type": "Feature", "properties": { "name": "Neuse River Greenway", "type": "Park / Tree Shade", "category": "Outdoor Shade", "cooling_capacity": "Moderate", "latitude": 35.9107901, "longitude": -78.558988597109078 }, "geometry": { "type": "Point", "coordinates": [ -78.558988597109078, 35.9107901 ] } },
{ "type": "Feature", "properties": { "name": "Green Hills County Park", "type": "Park / Tree Shade", "category": "Outdoor Shade", "cooling_capacity": "Moderate", "latitude": 35.90996305, "longitude": -78.578701095242621 }, "geometry": { "type": "Point", "coordinates": [ -78.578701095242621, 35.90996305 ] } },
{ "type": "Feature", "properties": { "name": "Abbott's Creek Park", "type": "Park / Tree Shade", "category": "Outdoor Shade", "cooling_capacity": "Moderate", "latitude": 35.9030461, "longitude": -78.579992167941626 }, "geometry": { "type": "Point", "coordinates": [ -78.579992167941626, 35.9030461 ] } },
{ "type": "Feature", "properties": { "name": "Turkey Creek Greenway", "type": "Park / Tree Shade", "category": "Outdoor Shade", "cooling_capacity": "Moderate", "latitude": 35.86706705, "longitude": -78.730506719378837 }, "geometry": { "type": "Point", "coordinates": [ -78.730506719378837, 35.86706705 ] } },
{ "type": "Feature", "properties": { "name": "Unnamed Raleigh Cooling Asset", "type": "Public Pool / Aquatic", "category": "Outdoor Cooling", "cooling_capacity": "Medium", "latitude": 35.87625765, "longitude": -78.696356346796648 }, "geometry": { "type": "Point", "coordinates": [ -78.696356346796648, 35.87625765 ] } },
{ "type": "Feature", "properties": { "name": "Abbott's Creek Greenway", "type": "Park / Tree Shade", "category": "Outdoor Shade", "cooling_capacity": "Moderate", "latitude": 35.9119327, "longitude": -78.588879075906846 }, "geometry": { "type": "Point", "coordinates": [ -78.588879075906846, 35.9119327 ] } },
{ "type": "Feature", "properties": { "name": "Crabtree Creek Trail", "type": "Park / Tree Shade", "category": "Outdoor Shade", "cooling_capacity": "Moderate", "latitude": 35.78315655, "longitude": -78.568269030816111 }, "geometry": { "type": "Point", "coordinates": [ -78.568269030816111, 35.78315655 ] } },
{ "type": "Feature", "properties": { "name": "Kentwood Park", "type": "Park / Tree Shade", "category": "Outdoor Shade", "cooling_capacity": "Moderate", "latitude": 35.77578865, "longitude": -78.696081095009148 }, "geometry": { "type": "Point", "coordinates": [ -78.696081095009148, 35.77578865 ] } },
{ "type": "Feature", "properties": { "name": "Strickland Road Park", "type": "Park / Tree Shade", "category": "Outdoor Shade", "cooling_capacity": "Moderate", "latitude": 35.90979115, "longitude": -78.714749166819971 }, "geometry": { "type": "Point", "coordinates": [ -78.714749166819971, 35.90979115 ] } },
{ "type": "Feature", "properties": { "name": "Lake Lynn Park", "type": "Park / Tree Shade", "category": "Outdoor Shade", "cooling_capacity": "Moderate", "latitude": 35.88032975, "longitude": -78.699497981214691 }, "geometry": { "type": "Point", "coordinates": [ -78.699497981214691, 35.88032975 ] } },
{ "type": "Feature", "properties": { "name": "Leesville Park", "type": "Park / Tree Shade", "category": "Outdoor Shade", "cooling_capacity": "Moderate", "latitude": 35.88470995, "longitude": -78.715430681623786 }, "geometry": { "type": "Point", "coordinates": [ -78.715430681623786, 35.88470995 ] } },
{ "type": "Feature", "properties": { "name": "Lake Lynn Trail", "type": "Park / Tree Shade", "category": "Outdoor Shade", "cooling_capacity": "Moderate", "latitude": 35.8827635, "longitude": -78.70569748662092 }, "geometry": { "type": "Point", "coordinates": [ -78.70569748662092, 35.8827635 ] } },
{ "type": "Feature", "properties": { "name": "Lake Lynn Trail", "type": "Park / Tree Shade", "category": "Outdoor Shade", "cooling_capacity": "Moderate", "latitude": 35.8826977, "longitude": -78.703626202028133 }, "geometry": { "type": "Point", "coordinates": [ -78.703626202028133, 35.8826977 ] } },
{ "type": "Feature", "properties": { "name": "Millbrook Exchange Park", "type": "Park / Tree Shade", "category": "Outdoor Shade", "cooling_capacity": "Moderate", "latitude": 35.8685623, "longitude": -78.606716333997923 }, "geometry": { "type": "Point", "coordinates": [ -78.606716333997923, 35.8685623 ] } },
{ "type": "Feature", "properties": { "name": "Williams Park", "type": "Park / Tree Shade", "category": "Outdoor Shade", "cooling_capacity": "Moderate", "latitude": 35.86954115, "longitude": -78.665836237089621 }, "geometry": { "type": "Point", "coordinates": [ -78.665836237089621, 35.86954115 ] } },
{ "type": "Feature", "properties": { "name": "Lakepark Greenway", "type": "Park / Tree Shade", "category": "Outdoor Shade", "cooling_capacity": "Moderate", "latitude": 35.86574725, "longitude": -78.667508787040305 }, "geometry": { "type": "Point", "coordinates": [ -78.667508787040305, 35.86574725 ] } },
{ "type": "Feature", "properties": { "name": "Optimist Park", "type": "Park / Tree Shade", "category": "Outdoor Shade", "cooling_capacity": "Moderate", "latitude": 35.8621217, "longitude": -78.643248642999737 }, "geometry": { "type": "Point", "coordinates": [ -78.643248642999737, 35.8621217 ] } },
{ "type": "Feature", "properties": { "name": "Wooten Meadow Park", "type": "Park / Tree Shade", "category": "Outdoor Shade", "cooling_capacity": "Moderate", "latitude": 35.8592234, "longitude": -78.694851403447359 }, "geometry": { "type": "Point", "coordinates": [ -78.694851403447359, 35.8592234 ] } },
{ "type": "Feature", "properties": { "name": "Cedar Hills Park", "type": "Park / Tree Shade", "category": "Outdoor Shade", "cooling_capacity": "Moderate", "latitude": 35.8611572, "longitude": -78.62959014863074 }, "geometry": { "type": "Point", "coordinates": [ -78.62959014863074, 35.8611572 ] } },
{ "type": "Feature", "properties": { "name": "Cedar Hills Park", "type": "Park / Tree Shade", "category": "Outdoor Shade", "cooling_capacity": "Moderate", "latitude": 35.8595347, "longitude": -78.630682538077224 }, "geometry": { "type": "Point", "coordinates": [ -78.630682538077224, 35.8595347 ] } },
{ "type": "Feature", "properties": { "name": "Spring Forest Road Park", "type": "Park / Tree Shade", "category": "Outdoor Shade", "cooling_capacity": "Moderate", "latitude": 35.85905325, "longitude": -78.568645929151288 }, "geometry": { "type": "Point", "coordinates": [ -78.568645929151288, 35.85905325 ] } },
{ "type": "Feature", "properties": { "name": "Unnamed Raleigh Cooling Asset", "type": "Park / Tree Shade", "category": "Outdoor Shade", "cooling_capacity": "Moderate", "latitude": 35.85649375, "longitude": -78.626336533446931 }, "geometry": { "type": "Point", "coordinates": [ -78.626336533446931, 35.85649375 ] } },
{ "type": "Feature", "properties": { "name": "Ironwood Trail", "type": "Park / Tree Shade", "category": "Outdoor Shade", "cooling_capacity": "Moderate", "latitude": 35.850328, "longitude": -78.664618452594823 }, "geometry": { "type": "Point", "coordinates": [ -78.664618452594823, 35.850328 ] } },
{ "type": "Feature", "properties": { "name": "Green Road Park", "type": "Park / Tree Shade", "category": "Outdoor Shade", "cooling_capacity": "Moderate", "latitude": 35.8408336, "longitude": -78.592412694873232 }, "geometry": { "type": "Point", "coordinates": [ -78.592412694873232, 35.8408336 ] } },
{ "type": "Feature", "properties": { "name": "Eastgate Park", "type": "Park / Tree Shade", "category": "Outdoor Shade", "cooling_capacity": "Moderate", "latitude": 35.8396893, "longitude": -78.623172516989641 }, "geometry": { "type": "Point", "coordinates": [ -78.623172516989641, 35.8396893 ] } },
{ "type": "Feature", "properties": { "name": "Varnell Mini-Park", "type": "Park / Tree Shade", "category": "Outdoor Shade", "cooling_capacity": "Moderate", "latitude": 35.8335188, "longitude": -78.672765255713315 }, "geometry": { "type": "Point", "coordinates": [ -78.672765255713315, 35.8335188 ] } },
{ "type": "Feature", "properties": { "name": "Beckanna Park", "type": "Park / Tree Shade", "category": "Outdoor Shade", "cooling_capacity": "Moderate", "latitude": 35.832721, "longitude": -78.669983130985131 }, "geometry": { "type": "Point", "coordinates": [ -78.669983130985131, 35.832721 ] } },
{ "type": "Feature", "properties": { "name": "Laurel Hills Park", "type": "Park / Tree Shade", "category": "Outdoor Shade", "cooling_capacity": "Moderate", "latitude": 35.83020705, "longitude": -78.697088683141757 }, "geometry": { "type": "Point", "coordinates": [ -78.697088683141757, 35.83020705 ] } },
{ "type": "Feature", "properties": { "name": "Glen Eden Pilot Park", "type": "Park / Tree Shade", "category": "Outdoor Shade", "cooling_capacity": "Moderate", "latitude": 35.8288621, "longitude": -78.683508828424223 }, "geometry": { "type": "Point", "coordinates": [ -78.683508828424223, 35.8288621 ] } },
{ "type": "Feature", "properties": { "name": "Marsh Creek Park", "type": "Park / Tree Shade", "category": "Outdoor Shade", "cooling_capacity": "Moderate", "latitude": 35.8222212, "longitude": -78.561684453460572 }, "geometry": { "type": "Point", "coordinates": [ -78.561684453460572, 35.8222212 ] } },
{ "type": "Feature", "properties": { "name": "Claremont Park", "type": "Park / Tree Shade", "category": "Outdoor Shade", "cooling_capacity": "Moderate", "latitude": 35.8247757, "longitude": -78.636071998100263 }, "geometry": { "type": "Point", "coordinates": [ -78.636071998100263, 35.8247757 ] } },
{ "type": "Feature", "properties": { "name": "Claremont Park", "type": "Park / Tree Shade", "category": "Outdoor Shade", "cooling_capacity": "Moderate", "latitude": 35.82366245, "longitude": -78.636713180841113 }, "geometry": { "type": "Point", "coordinates": [ -78.636713180841113, 35.82366245 ] } },
{ "type": "Feature", "properties": { "name": "Drewry Hills Park #1", "type": "Park / Tree Shade", "category": "Outdoor Shade", "cooling_capacity": "Moderate", "latitude": 35.82240395, "longitude": -78.639177111652486 }, "geometry": { "type": "Point", "coordinates": [ -78.639177111652486, 35.82240395 ] } },
{ "type": "Feature", "properties": { "name": "Claremont Park", "type": "Park / Tree Shade", "category": "Outdoor Shade", "cooling_capacity": "Moderate", "latitude": 35.82204175, "longitude": -78.63526718778337 }, "geometry": { "type": "Point", "coordinates": [ -78.63526718778337, 35.82204175 ] } },
{ "type": "Feature", "properties": { "name": "Rothgeb Park", "type": "Park / Tree Shade", "category": "Outdoor Shade", "cooling_capacity": "Moderate", "latitude": 35.821307, "longitude": -78.639519586525438 }, "geometry": { "type": "Point", "coordinates": [ -78.639519586525438, 35.821307 ] } },
{ "type": "Feature", "properties": { "name": "Claremont Park", "type": "Park / Tree Shade", "category": "Outdoor Shade", "cooling_capacity": "Moderate", "latitude": 35.8208692, "longitude": -78.634992001704092 }, "geometry": { "type": "Point", "coordinates": [ -78.634992001704092, 35.8208692 ] } },
{ "type": "Feature", "properties": { "name": "Charlotte H Green Park", "type": "Park / Tree Shade", "category": "Outdoor Shade", "cooling_capacity": "Moderate", "latitude": 35.8188978, "longitude": -78.645090842390331 }, "geometry": { "type": "Point", "coordinates": [ -78.645090842390331, 35.8188978 ] } },
{ "type": "Feature", "properties": { "name": "West Lake Drive Park", "type": "Park / Tree Shade", "category": "Outdoor Shade", "cooling_capacity": "Moderate", "latitude": 35.81675125, "longitude": -78.645595824219981 }, "geometry": { "type": "Point", "coordinates": [ -78.645595824219981, 35.81675125 ] } },
{ "type": "Feature", "properties": { "name": "Fallon Park", "type": "Park / Tree Shade", "category": "Outdoor Shade", "cooling_capacity": "Moderate", "latitude": 35.81716475, "longitude": -78.636169708193762 }, "geometry": { "type": "Point", "coordinates": [ -78.636169708193762, 35.81716475 ] } },
{ "type": "Feature", "properties": { "name": "Fallon Park", "type": "Park / Tree Shade", "category": "Outdoor Shade", "cooling_capacity": "Moderate", "latitude": 35.814104, "longitude": -78.638152526734046 }, "geometry": { "type": "Point", "coordinates": [ -78.638152526734046, 35.814104 ] } },
{ "type": "Feature", "properties": { "name": "Fallon Park", "type": "Park / Tree Shade", "category": "Outdoor Shade", "cooling_capacity": "Moderate", "latitude": 35.8150492, "longitude": -78.639582191119558 }, "geometry": { "type": "Point", "coordinates": [ -78.639582191119558, 35.8150492 ] } },
{ "type": "Feature", "properties": { "name": "Fallon Park", "type": "Park / Tree Shade", "category": "Outdoor Shade", "cooling_capacity": "Moderate", "latitude": 35.814755, "longitude": -78.638725901032572 }, "geometry": { "type": "Point", "coordinates": [ -78.638725901032572, 35.814755 ] } },
{ "type": "Feature", "properties": { "name": "Ridge Road Park & Pool", "type": "Public Pool / Aquatic", "category": "Outdoor Cooling", "cooling_capacity": "Medium", "latitude": 35.8139396, "longitude": -78.68524033708222 }, "geometry": { "type": "Point", "coordinates": [ -78.68524033708222, 35.8139396 ] } },
{ "type": "Feature", "properties": { "name": "Hill Street Park", "type": "Park / Tree Shade", "category": "Outdoor Shade", "cooling_capacity": "Moderate", "latitude": 35.8131708, "longitude": -78.591232987113003 }, "geometry": { "type": "Point", "coordinates": [ -78.591232987113003, 35.8131708 ] } },
{ "type": "Feature", "properties": { "name": "Country Club Park", "type": "Park / Tree Shade", "category": "Outdoor Shade", "cooling_capacity": "Moderate", "latitude": 35.81249595, "longitude": -78.65118685066038 }, "geometry": { "type": "Point", "coordinates": [ -78.65118685066038, 35.81249595 ] } },
{ "type": "Feature", "properties": { "name": "Country Club Park", "type": "Park / Tree Shade", "category": "Outdoor Shade", "cooling_capacity": "Moderate", "latitude": 35.81189945, "longitude": -78.650843299890767 }, "geometry": { "type": "Point", "coordinates": [ -78.650843299890767, 35.81189945 ] } },
{ "type": "Feature", "properties": { "name": "Crabtree Park", "type": "Park / Tree Shade", "category": "Outdoor Shade", "cooling_capacity": "Moderate", "latitude": 35.80715305, "longitude": -78.60752464634507 }, "geometry": { "type": "Point", "coordinates": [ -78.60752464634507, 35.80715305 ] } },
{ "type": "Feature", "properties": { "name": "Kimbrough Park", "type": "Park / Tree Shade", "category": "Outdoor Shade", "cooling_capacity": "Moderate", "latitude": 35.80851005, "longitude": -78.627888330939072 }, "geometry": { "type": "Point", "coordinates": [ -78.627888330939072, 35.80851005 ] } },
{ "type": "Feature", "properties": { "name": "Roanoke Park", "type": "Park / Tree Shade", "category": "Outdoor Shade", "cooling_capacity": "Moderate", "latitude": 35.80180605, "longitude": -78.639951431135813 }, "geometry": { "type": "Point", "coordinates": [ -78.639951431135813, 35.80180605 ] } },
{ "type": "Feature", "properties": { "name": "Jaycee Park", "type": "Park / Tree Shade", "category": "Outdoor Shade", "cooling_capacity": "Moderate", "latitude": 35.7992051, "longitude": -78.663021555692637 }, "geometry": { "type": "Point", "coordinates": [ -78.663021555692637, 35.7992051 ] } },
{ "type": "Feature", "properties": { "name": "Mayview Park", "type": "Park / Tree Shade", "category": "Outdoor Shade", "cooling_capacity": "Moderate", "latitude": 35.79752155, "longitude": -78.670569970190968 }, "geometry": { "type": "Point", "coordinates": [ -78.670569970190968, 35.79752155 ] } },
{ "type": "Feature", "properties": { "name": "Meadowbrook Park", "type": "Park / Tree Shade", "category": "Outdoor Shade", "cooling_capacity": "Moderate", "latitude": 35.79603305, "longitude": -78.624918856920999 }, "geometry": { "type": "Point", "coordinates": [ -78.624918856920999, 35.79603305 ] } },
{ "type": "Feature", "properties": { "name": "Mordecai Park", "type": "Park / Tree Shade", "category": "Outdoor Shade", "cooling_capacity": "Moderate", "latitude": 35.7958748, "longitude": -78.635206063190509 }, "geometry": { "type": "Point", "coordinates": [ -78.635206063190509, 35.7958748 ] } },
{ "type": "Feature", "properties": { "name": "Poplar Springs Park", "type": "Park / Tree Shade", "category": "Outdoor Shade", "cooling_capacity": "Moderate", "latitude": 35.7951405, "longitude": -78.633440819139466 }, "geometry": { "type": "Point", "coordinates": [ -78.633440819139466, 35.7951405 ] } },
{ "type": "Feature", "properties": { "name": "Pollock Place Park", "type": "Park / Tree Shade", "category": "Outdoor Shade", "cooling_capacity": "Moderate", "latitude": 35.7947572, "longitude": -78.679950856589556 }, "geometry": { "type": "Point", "coordinates": [ -78.679950856589556, 35.7947572 ] } },
{ "type": "Feature", "properties": { "name": "Halifax Park", "type": "Park / Tree Shade", "category": "Outdoor Shade", "cooling_capacity": "Moderate", "latitude": 35.79308335, "longitude": -78.638899424715959 }, "geometry": { "type": "Point", "coordinates": [ -78.638899424715959, 35.79308335 ] } },
{ "type": "Feature", "properties": { "name": "Six Oaks Park", "type": "Park / Tree Shade", "category": "Outdoor Shade", "cooling_capacity": "Moderate", "latitude": 35.7940886, "longitude": -78.681733405429583 }, "geometry": { "type": "Point", "coordinates": [ -78.681733405429583, 35.7940886 ] } },
{ "type": "Feature", "properties": { "name": "Fred Fletcher Park", "type": "Park / Tree Shade", "category": "Outdoor Shade", "cooling_capacity": "Moderate", "latitude": 35.7926723, "longitude": -78.649750978290001 }, "geometry": { "type": "Point", "coordinates": [ -78.649750978290001, 35.7926723 ] } },
{ "type": "Feature", "properties": { "name": "Method Park", "type": "Park / Tree Shade", "category": "Outdoor Shade", "cooling_capacity": "Moderate", "latitude": 35.79282045, "longitude": -78.694916734011798 }, "geometry": { "type": "Point", "coordinates": [ -78.694916734011798, 35.79282045 ] } },
{ "type": "Feature", "properties": { "name": "Mordecai Historic Park", "type": "Park / Tree Shade", "category": "Outdoor Shade", "cooling_capacity": "Moderate", "latitude": 35.79285915, "longitude": -78.633100917070408 }, "geometry": { "type": "Point", "coordinates": [ -78.633100917070408, 35.79285915 ] } },
{ "type": "Feature", "properties": { "name": "Mordecai Spring", "type": "Park / Tree Shade", "category": "Outdoor Shade", "cooling_capacity": "Moderate", "latitude": 35.792787, "longitude": -78.634592454963041 }, "geometry": { "type": "Point", "coordinates": [ -78.634592454963041, 35.792787 ] } },
{ "type": "Feature", "properties": { "name": "Isabella Cannon Park", "type": "Park / Tree Shade", "category": "Outdoor Shade", "cooling_capacity": "Moderate", "latitude": 35.79242485, "longitude": -78.66956215993045 }, "geometry": { "type": "Point", "coordinates": [ -78.66956215993045, 35.79242485 ] } },
{ "type": "Feature", "properties": { "name": "Rose Garden and Little Theatre", "type": "Park / Tree Shade", "category": "Outdoor Shade", "cooling_capacity": "Moderate", "latitude": 35.79132775, "longitude": -78.668879021335101 }, "geometry": { "type": "Point", "coordinates": [ -78.668879021335101, 35.79132775 ] } },
{ "type": "Feature", "properties": { "name": "Chamberlain Park", "type": "Park / Tree Shade", "category": "Outdoor Shade", "cooling_capacity": "Moderate", "latitude": 35.7920538, "longitude": -78.664611423762238 }, "geometry": { "type": "Point", "coordinates": [ -78.664611423762238, 35.7920538 ] } },
{ "type": "Feature", "properties": { "name": "Oakwood Park", "type": "Park / Tree Shade", "category": "Outdoor Shade", "cooling_capacity": "Moderate", "latitude": 35.79092685000001, "longitude": -78.624114051572889 }, "geometry": { "type": "Point", "coordinates": [ -78.624114051572889, 35.79092685 ] } },
{ "type": "Feature", "properties": { "name": "Crabtree Park", "type": "Park / Tree Shade", "category": "Outdoor Shade", "cooling_capacity": "Moderate", "latitude": 35.78935855, "longitude": -78.591057509478219 }, "geometry": { "type": "Point", "coordinates": [ -78.591057509478219, 35.78935855 ] } },
{ "type": "Feature", "properties": { "name": "Smallwood Open Space", "type": "Park / Tree Shade", "category": "Outdoor Shade", "cooling_capacity": "Moderate", "latitude": 35.78984295, "longitude": -78.656292636800444 }, "geometry": { "type": "Point", "coordinates": [ -78.656292636800444, 35.78984295 ] } },
{ "type": "Feature", "properties": { "name": "Edna Metz Wells Park", "type": "Park / Tree Shade", "category": "Outdoor Shade", "cooling_capacity": "Moderate", "latitude": 35.78814595, "longitude": -78.655354890206638 }, "geometry": { "type": "Point", "coordinates": [ -78.655354890206638, 35.78814595 ] } },
{ "type": "Feature", "properties": { "name": "Compeigne Park", "type": "Park / Tree Shade", "category": "Outdoor Shade", "cooling_capacity": "Moderate", "latitude": 35.78817695, "longitude": -78.666198589447845 }, "geometry": { "type": "Point", "coordinates": [ -78.666198589447845, 35.78817695 ] } },
{ "type": "Feature", "properties": { "name": "Unnamed Raleigh Cooling Asset", "type": "Park / Tree Shade", "category": "Outdoor Shade", "cooling_capacity": "Moderate", "latitude": 35.78788825, "longitude": -78.632148012927644 }, "geometry": { "type": "Point", "coordinates": [ -78.632148012927644, 35.78788825 ] } },
{ "type": "Feature", "properties": { "name": "Longview Park", "type": "Park / Tree Shade", "category": "Outdoor Shade", "cooling_capacity": "Moderate", "latitude": 35.78641585, "longitude": -78.608028272834787 }, "geometry": { "type": "Point", "coordinates": [ -78.608028272834787, 35.78641585 ] } },
{ "type": "Feature", "properties": { "name": "Forest Park", "type": "Park / Tree Shade", "category": "Outdoor Shade", "cooling_capacity": "Moderate", "latitude": 35.7868011, "longitude": -78.65627672993719 }, "geometry": { "type": "Point", "coordinates": [ -78.65627672993719, 35.7868011 ] } },
{ "type": "Feature", "properties": { "name": "West Park", "type": "Park / Tree Shade", "category": "Outdoor Shade", "cooling_capacity": "Moderate", "latitude": 35.78535185, "longitude": -78.654236860263438 }, "geometry": { "type": "Point", "coordinates": [ -78.654236860263438, 35.78535185 ] } },
{ "type": "Feature", "properties": { "name": "Forest Drive Park", "type": "Park / Tree Shade", "category": "Outdoor Shade", "cooling_capacity": "Moderate", "latitude": 35.78644615, "longitude": -78.657082755769238 }, "geometry": { "type": "Point", "coordinates": [ -78.657082755769238, 35.78644615 ] } },
{ "type": "Feature", "properties": { "name": "Unnamed Raleigh Cooling Asset", "type": "Park / Tree Shade", "category": "Outdoor Shade", "cooling_capacity": "Moderate", "latitude": 35.7844822, "longitude": -78.629046947533269 }, "geometry": { "type": "Point", "coordinates": [ -78.629046947533269, 35.7844822 ] } },
{ "type": "Feature", "properties": { "name": "Wilson Park", "type": "Park / Tree Shade", "category": "Outdoor Shade", "cooling_capacity": "Moderate", "latitude": 35.7817436, "longitude": -78.613583451177021 }, "geometry": { "type": "Point", "coordinates": [ -78.613583451177021, 35.7817436 ] } },
{ "type": "Feature", "properties": { "name": "Fisher Street Mini-Park", "type": "Park / Tree Shade", "category": "Outdoor Shade", "cooling_capacity": "Moderate", "latitude": 35.78359345, "longitude": -78.614511298332246 }, "geometry": { "type": "Point", "coordinates": [ -78.614511298332246, 35.78359345 ] } },
{ "type": "Feature", "properties": { "name": "LeVelle Moton Park", "type": "Park / Tree Shade", "category": "Outdoor Shade", "cooling_capacity": "Moderate", "latitude": 35.78323235, "longitude": -78.626114847763404 }, "geometry": { "type": "Point", "coordinates": [ -78.626114847763404, 35.78323235 ] } },
{ "type": "Feature", "properties": { "name": "Unnamed Raleigh Cooling Asset", "type": "Park / Tree Shade", "category": "Outdoor Shade", "cooling_capacity": "Moderate", "latitude": 35.7821909, "longitude": -78.615640061646218 }, "geometry": { "type": "Point", "coordinates": [ -78.615640061646218, 35.7821909 ] } },
{ "type": "Feature", "properties": { "name": "Wilson Park", "type": "Park / Tree Shade", "category": "Outdoor Shade", "cooling_capacity": "Moderate", "latitude": 35.78134195, "longitude": -78.61315994830332 }, "geometry": { "type": "Point", "coordinates": [ -78.61315994830332, 35.78134195 ] } },
{ "type": "Feature", "properties": { "name": "Tarboro Road Park", "type": "Park / Tree Shade", "category": "Outdoor Shade", "cooling_capacity": "Moderate", "latitude": 35.78128305, "longitude": -78.622867821177081 }, "geometry": { "type": "Point", "coordinates": [ -78.622867821177081, 35.78128305 ] } },
{ "type": "Feature", "properties": { "name": "Powell Drive Park", "type": "Park / Tree Shade", "category": "Outdoor Shade", "cooling_capacity": "Moderate", "latitude": 35.77904045, "longitude": -78.714368658269194 }, "geometry": { "type": "Point", "coordinates": [ -78.714368658269194, 35.77904045 ] } },
{ "type": "Feature", "properties": { "name": "Spring Park Mini-Park", "type": "Park / Tree Shade", "category": "Outdoor Shade", "cooling_capacity": "Moderate", "latitude": 35.77828235, "longitude": -78.686079137077087 }, "geometry": { "type": "Point", "coordinates": [ -78.686079137077087, 35.77828235 ] } },
{ "type": "Feature", "properties": { "name": "Nash Square", "type": "Park / Tree Shade", "category": "Outdoor Shade", "cooling_capacity": "Moderate", "latitude": 35.77772795, "longitude": -78.642672731620138 }, "geometry": { "type": "Point", "coordinates": [ -78.642672731620138, 35.77772795 ] } },
{ "type": "Feature", "properties": { "name": "Moore Square", "type": "Park / Tree Shade", "category": "Outdoor Shade", "cooling_capacity": "Moderate", "latitude": 35.7774934, "longitude": -78.635798467681582 }, "geometry": { "type": "Point", "coordinates": [ -78.635798467681582, 35.7774934 ] } },
{ "type": "Feature", "properties": { "name": "John Winters Park", "type": "Park / Tree Shade", "category": "Outdoor Shade", "cooling_capacity": "Moderate", "latitude": 35.77742645, "longitude": -78.631329706623518 }, "geometry": { "type": "Point", "coordinates": [ -78.631329706623518, 35.77742645 ] } },
{ "type": "Feature", "properties": { "name": "Raymond G. Lanier Park", "type": "Park / Tree Shade", "category": "Outdoor Shade", "cooling_capacity": "Moderate", "latitude": 35.7767826, "longitude": -78.649999340795162 }, "geometry": { "type": "Point", "coordinates": [ -78.649999340795162, 35.7767826 ] } },
{ "type": "Feature", "properties": { "name": "Unnamed Raleigh Cooling Asset", "type": "Park / Tree Shade", "category": "Outdoor Shade", "cooling_capacity": "Moderate", "latitude": 35.776106, "longitude": -78.630972180403546 }, "geometry": { "type": "Point", "coordinates": [ -78.630972180403546, 35.776106 ] } },
{ "type": "Feature", "properties": { "name": "Roberts Park", "type": "Park / Tree Shade", "category": "Outdoor Shade", "cooling_capacity": "Moderate", "latitude": 35.7754456, "longitude": -78.618336058403059 }, "geometry": { "type": "Point", "coordinates": [ -78.618336058403059, 35.7754456 ] } },
{ "type": "Feature", "properties": { "name": "Kaplan Drive Park", "type": "Park / Tree Shade", "category": "Outdoor Shade", "cooling_capacity": "Moderate", "latitude": 35.77493405, "longitude": -78.711721635770544 }, "geometry": { "type": "Point", "coordinates": [ -78.711721635770544, 35.77493405 ] } },
{ "type": "Feature", "properties": { "name": "Davie Street Mini-Park", "type": "Park / Tree Shade", "category": "Outdoor Shade", "cooling_capacity": "Moderate", "latitude": 35.7749624, "longitude": -78.624358503639371 }, "geometry": { "type": "Point", "coordinates": [ -78.624358503639371, 35.7749624 ] } },
{ "type": "Feature", "properties": { "name": "Unnamed Raleigh Cooling Asset", "type": "Park / Tree Shade", "category": "Outdoor Shade", "cooling_capacity": "Moderate", "latitude": 35.77333665, "longitude": -78.631319827493741 }, "geometry": { "type": "Point", "coordinates": [ -78.631319827493741, 35.77333665 ] } },
{ "type": "Feature", "properties": { "name": "Lenoir Street Park", "type": "Park / Tree Shade", "category": "Outdoor Shade", "cooling_capacity": "Moderate", "latitude": 35.7735428, "longitude": -78.648738484983255 }, "geometry": { "type": "Point", "coordinates": [ -78.648738484983255, 35.7735428 ] } },
{ "type": "Feature", "properties": { "name": "Chavis Park", "type": "Park / Tree Shade", "category": "Outdoor Shade", "cooling_capacity": "Moderate", "latitude": 35.77228475, "longitude": -78.63120449891224 }, "geometry": { "type": "Point", "coordinates": [ -78.63120449891224, 35.77228475 ] } },
{ "type": "Feature", "properties": { "name": "John Chavis Memorial Park", "type": "Park / Tree Shade", "category": "Outdoor Shade", "cooling_capacity": "Moderate", "latitude": 35.7703072, "longitude": -78.630028404747662 }, "geometry": { "type": "Point", "coordinates": [ -78.630028404747662, 35.7703072 ] } },
{ "type": "Feature", "properties": { "name": "Chavis Park", "type": "Park / Tree Shade", "category": "Outdoor Shade", "cooling_capacity": "Moderate", "latitude": 35.7714259, "longitude": -78.630868920955876 }, "geometry": { "type": "Point", "coordinates": [ -78.630868920955876, 35.7714259 ] } },
{ "type": "Feature", "properties": { "name": "Unnamed Raleigh Cooling Asset", "type": "Park / Tree Shade", "category": "Outdoor Shade", "cooling_capacity": "Moderate", "latitude": 35.7695085, "longitude": -78.633261492476151 }, "geometry": { "type": "Point", "coordinates": [ -78.633261492476151, 35.7695085 ] } },
{ "type": "Feature", "properties": { "name": "Quarry Street Mini-Park", "type": "Park / Tree Shade", "category": "Outdoor Shade", "cooling_capacity": "Moderate", "latitude": 35.7689934, "longitude": -78.623226776012473 }, "geometry": { "type": "Point", "coordinates": [ -78.623226776012473, 35.7689934 ] } },
{ "type": "Feature", "properties": { "name": "Dr. Martin Luther King, Jr. Memorial Gardens", "type": "Park / Tree Shade", "category": "Outdoor Shade", "cooling_capacity": "Moderate", "latitude": 35.7681471, "longitude": -78.617962917786357 }, "geometry": { "type": "Point", "coordinates": [ -78.617962917786357, 35.7681471 ] } },
{ "type": "Feature", "properties": { "name": "Lee Street Mini-Park", "type": "Park / Tree Shade", "category": "Outdoor Shade", "cooling_capacity": "Moderate", "latitude": 35.76691475, "longitude": -78.635010778570177 }, "geometry": { "type": "Point", "coordinates": [ -78.635010778570177, 35.76691475 ] } },
{ "type": "Feature", "properties": { "name": "Unnamed Raleigh Cooling Asset", "type": "Park / Tree Shade", "category": "Outdoor Shade", "cooling_capacity": "Moderate", "latitude": 35.766759, "longitude": -78.633197181367379 }, "geometry": { "type": "Point", "coordinates": [ -78.633197181367379, 35.766759 ] } },
{ "type": "Feature", "properties": { "name": "Apollo Heights Park", "type": "Park / Tree Shade", "category": "Outdoor Shade", "cooling_capacity": "Moderate", "latitude": 35.76482305, "longitude": -78.609149687884255 }, "geometry": { "type": "Point", "coordinates": [ -78.609149687884255, 35.76482305 ] } },
{ "type": "Feature", "properties": { "name": "Bragg Street Mini-Park", "type": "Park / Tree Shade", "category": "Outdoor Shade", "cooling_capacity": "Moderate", "latitude": 35.76600575, "longitude": -78.635948013182883 }, "geometry": { "type": "Point", "coordinates": [ -78.635948013182883, 35.76600575 ] } },
{ "type": "Feature", "properties": { "name": "Worthdale Park", "type": "Park / Tree Shade", "category": "Outdoor Shade", "cooling_capacity": "Moderate", "latitude": 35.7631392, "longitude": -78.586373557596346 }, "geometry": { "type": "Point", "coordinates": [ -78.586373557596346, 35.7631392 ] } },
{ "type": "Feature", "properties": { "name": "Lake Johnson Park", "type": "Park / Tree Shade", "category": "Outdoor Shade", "cooling_capacity": "Moderate", "latitude": 35.7630912, "longitude": -78.704103382206142 }, "geometry": { "type": "Point", "coordinates": [ -78.704103382206142, 35.7630912 ] } },
{ "type": "Feature", "properties": { "name": "Walnut Creek Softball Complex", "type": "Park / Tree Shade", "category": "Outdoor Shade", "cooling_capacity": "Moderate", "latitude": 35.7601659, "longitude": -78.579400446497147 }, "geometry": { "type": "Point", "coordinates": [ -78.579400446497147, 35.7601659 ] } },
{ "type": "Feature", "properties": { "name": "Caraleigh Mini-Park", "type": "Park / Tree Shade", "category": "Outdoor Shade", "cooling_capacity": "Moderate", "latitude": 35.76103905, "longitude": -78.646200945423189 }, "geometry": { "type": "Point", "coordinates": [ -78.646200945423189, 35.76103905 ] } },
{ "type": "Feature", "properties": { "name": "Eliza Pool Park", "type": "Public Pool / Aquatic", "category": "Outdoor Cooling", "cooling_capacity": "Medium", "latitude": 35.75934325, "longitude": -78.642918931348007 }, "geometry": { "type": "Point", "coordinates": [ -78.642918931348007, 35.75934325 ] } },
{ "type": "Feature", "properties": { "name": "Southgate Park", "type": "Park / Tree Shade", "category": "Outdoor Shade", "cooling_capacity": "Moderate", "latitude": 35.7548997, "longitude": -78.607838367323637 }, "geometry": { "type": "Point", "coordinates": [ -78.607838367323637, 35.7548997 ] } },
{ "type": "Feature", "properties": { "name": "Carolina Pines Park", "type": "Park / Tree Shade", "category": "Outdoor Shade", "cooling_capacity": "Moderate", "latitude": 35.74874915, "longitude": -78.668624959901294 }, "geometry": { "type": "Point", "coordinates": [ -78.668624959901294, 35.74874915 ] } },
{ "type": "Feature", "properties": { "name": "Carolina Pines Park", "type": "Park / Tree Shade", "category": "Outdoor Shade", "cooling_capacity": "Moderate", "latitude": 35.74754695, "longitude": -78.66540035446198 }, "geometry": { "type": "Point", "coordinates": [ -78.66540035446198, 35.74754695 ] } },
{ "type": "Feature", "properties": { "name": "Biltmore Hills Park", "type": "Park / Tree Shade", "category": "Outdoor Shade", "cooling_capacity": "Moderate", "latitude": 35.74629785, "longitude": -78.627101710266885 }, "geometry": { "type": "Point", "coordinates": [ -78.627101710266885, 35.74629785 ] } },
{ "type": "Feature", "properties": { "name": "Kingwood Forest Mini-Park", "type": "Park / Tree Shade", "category": "Outdoor Shade", "cooling_capacity": "Moderate", "latitude": 35.74545025, "longitude": -78.619014624073444 }, "geometry": { "type": "Point", "coordinates": [ -78.619014624073444, 35.74545025 ] } },
{ "type": "Feature", "properties": { "name": "Kingwood Forest Mini-Park", "type": "Park / Tree Shade", "category": "Outdoor Shade", "cooling_capacity": "Moderate", "latitude": 35.74494805, "longitude": -78.618694462723511 }, "geometry": { "type": "Point", "coordinates": [ -78.618694462723511, 35.74494805 ] } },
{ "type": "Feature", "properties": { "name": "Sanderford Road Park", "type": "Park / Tree Shade", "category": "Outdoor Shade", "cooling_capacity": "Moderate", "latitude": 35.7431557, "longitude": -78.611325503431374 }, "geometry": { "type": "Point", "coordinates": [ -78.611325503431374, 35.7431557 ] } },
{ "type": "Feature", "properties": { "name": "Kingwood Forest Mini-Park", "type": "Park / Tree Shade", "category": "Outdoor Shade", "cooling_capacity": "Moderate", "latitude": 35.744229, "longitude": -78.6190440470467 }, "geometry": { "type": "Point", "coordinates": [ -78.6190440470467, 35.744229 ] } },
{ "type": "Feature", "properties": { "name": "Hertford Village Mini-Park", "type": "Park / Tree Shade", "category": "Outdoor Shade", "cooling_capacity": "Moderate", "latitude": 35.74424735, "longitude": -78.643016505357139 }, "geometry": { "type": "Point", "coordinates": [ -78.643016505357139, 35.74424735 ] } },
{ "type": "Feature", "properties": { "name": "Peach Road Park", "type": "Park / Tree Shade", "category": "Outdoor Shade", "cooling_capacity": "Moderate", "latitude": 35.7421865, "longitude": -78.654784468884472 }, "geometry": { "type": "Point", "coordinates": [ -78.654784468884472, 35.7421865 ] } },
{ "type": "Feature", "properties": { "name": "Unnamed Raleigh Cooling Asset", "type": "Public Pool / Aquatic", "category": "Outdoor Cooling", "cooling_capacity": "Medium", "latitude": 35.8446015, "longitude": -78.66234819178645 }, "geometry": { "type": "Point", "coordinates": [ -78.66234819178645, 35.8446015 ] } },
{ "type": "Feature", "properties": { "name": "Unnamed Raleigh Cooling Asset", "type": "Public Pool / Aquatic", "category": "Outdoor Cooling", "cooling_capacity": "Medium", "latitude": 35.847123, "longitude": -78.624638288770484 }, "geometry": { "type": "Point", "coordinates": [ -78.624638288770484, 35.847123 ] } },
{ "type": "Feature", "properties": { "name": "Unnamed Raleigh Cooling Asset", "type": "Public Pool / Aquatic", "category": "Outdoor Cooling", "cooling_capacity": "Medium", "latitude": 35.84774825, "longitude": -78.697021137654019 }, "geometry": { "type": "Point", "coordinates": [ -78.697021137654019, 35.84774825 ] } },
{ "type": "Feature", "properties": { "name": "Unnamed Raleigh Cooling Asset", "type": "Public Pool / Aquatic", "category": "Outdoor Cooling", "cooling_capacity": "Medium", "latitude": 35.8932065, "longitude": -78.593587450905432 }, "geometry": { "type": "Point", "coordinates": [ -78.593587450905432, 35.8932065 ] } },
{ "type": "Feature", "properties": { "name": "Richard B. Harrison Library", "type": "Public Library", "category": "Indoor A/C Refuge", "cooling_capacity": "High", "latitude": 35.7803076, "longitude": -78.618236182012851 }, "geometry": { "type": "Point", "coordinates": [ -78.618236182012851, 35.7803076 ] } },
{ "type": "Feature", "properties": { "name": "Optimist Pool", "type": "Public Pool / Aquatic", "category": "Outdoor Cooling", "cooling_capacity": "Medium", "latitude": 35.8622293, "longitude": -78.644437638442625 }, "geometry": { "type": "Point", "coordinates": [ -78.644437638442625, 35.8622293 ] } },
{ "type": "Feature", "properties": { "name": "Olivia Raney Local History Library", "type": "Public Library", "category": "Indoor A/C Refuge", "cooling_capacity": "High", "latitude": 35.76862135, "longitude": -78.569695551263152 }, "geometry": { "type": "Point", "coordinates": [ -78.569695551263152, 35.76862135 ] } },
{ "type": "Feature", "properties": { "name": "Erdahl Cloyd Wing", "type": "Public Library", "category": "Indoor A/C Refuge", "cooling_capacity": "High", "latitude": 35.787717, "longitude": -78.67057116337682 }, "geometry": { "type": "Point", "coordinates": [ -78.67057116337682, 35.787717 ] } },
{ "type": "Feature", "properties": { "name": "Governor Morehead School Library", "type": "Public Library", "category": "Indoor A/C Refuge", "cooling_capacity": "High", "latitude": 35.7780436, "longitude": -78.659494689226449 }, "geometry": { "type": "Point", "coordinates": [ -78.659494689226449, 35.7780436 ] } },
{ "type": "Feature", "properties": { "name": "Prezell R Robinson Library", "type": "Public Library", "category": "Indoor A/C Refuge", "cooling_capacity": "High", "latitude": 35.78544455, "longitude": -78.621302940202597 }, "geometry": { "type": "Point", "coordinates": [ -78.621302940202597, 35.78544455 ] } },
{ "type": "Feature", "properties": { "name": "Laurel Hills Community Center", "type": "Community Center", "category": "Indoor A/C Refuge", "cooling_capacity": "High", "latitude": 35.83023205, "longitude": -78.698390863314728 }, "geometry": { "type": "Point", "coordinates": [ -78.698390863314728, 35.83023205 ] } },
{ "type": "Feature", "properties": { "name": "Carlyle Cambell Library", "type": "Public Library", "category": "Indoor A/C Refuge", "cooling_capacity": "High", "latitude": 35.79931005, "longitude": -78.689971473019426 }, "geometry": { "type": "Point", "coordinates": [ -78.689971473019426, 35.79931005 ] } },
{ "type": "Feature", "properties": { "name": "Unnamed Raleigh Cooling Asset", "type": "Public Pool / Aquatic", "category": "Outdoor Cooling", "cooling_capacity": "Medium", "latitude": 35.8403936, "longitude": -78.544932327703691 }, "geometry": { "type": "Point", "coordinates": [ -78.544932327703691, 35.8403936 ] } },
{ "type": "Feature", "properties": { "name": "North Regional Library", "type": "Public Library", "category": "Indoor A/C Refuge", "cooling_capacity": "High", "latitude": 35.88098075000001, "longitude": -78.628076220039389 }, "geometry": { "type": "Point", "coordinates": [ -78.628076220039389, 35.88098075 ] } },
{ "type": "Feature", "properties": { "name": "Green Road Library", "type": "Public Library", "category": "Indoor A/C Refuge", "cooling_capacity": "High", "latitude": 35.83929445, "longitude": -78.59186365 }, "geometry": { "type": "Point", "coordinates": [ -78.59186365, 35.83929445 ] } },
{ "type": "Feature", "properties": { "name": "Brentwood Park", "type": "Park / Tree Shade", "category": "Outdoor Shade", "cooling_capacity": "Moderate", "latitude": 35.82727525, "longitude": -78.597911620294724 }, "geometry": { "type": "Point", "coordinates": [ -78.597911620294724, 35.82727525 ] } },
{ "type": "Feature", "properties": { "name": "Brookhaven Nature Park", "type": "Park / Tree Shade", "category": "Outdoor Shade", "cooling_capacity": "Moderate", "latitude": 35.8534561, "longitude": -78.685699548098938 }, "geometry": { "type": "Point", "coordinates": [ -78.685699548098938, 35.8534561 ] } },
{ "type": "Feature", "properties": { "name": "Sertoma Arts Center", "type": "Park / Tree Shade", "category": "Outdoor Shade", "cooling_capacity": "Moderate", "latitude": 35.8590915, "longitude": -78.665232727329581 }, "geometry": { "type": "Point", "coordinates": [ -78.665232727329581, 35.8590915 ] } },
{ "type": "Feature", "properties": { "name": "Unnamed Raleigh Cooling Asset", "type": "Public Pool / Aquatic", "category": "Outdoor Cooling", "cooling_capacity": "Medium", "latitude": 35.88615785, "longitude": -78.6665964378561 }, "geometry": { "type": "Point", "coordinates": [ -78.6665964378561, 35.88615785 ] } },
{ "type": "Feature", "properties": { "name": "Unnamed Raleigh Cooling Asset", "type": "Public Pool / Aquatic", "category": "Outdoor Cooling", "cooling_capacity": "Medium", "latitude": 35.86208375, "longitude": -78.644896845665897 }, "geometry": { "type": "Point", "coordinates": [ -78.644896845665897, 35.86208375 ] } },
{ "type": "Feature", "properties": { "name": "Unnamed Raleigh Cooling Asset", "type": "Public Pool / Aquatic", "category": "Outdoor Cooling", "cooling_capacity": "Medium", "latitude": 35.8389119, "longitude": -78.700388119162312 }, "geometry": { "type": "Point", "coordinates": [ -78.700388119162312, 35.8389119 ] } },
{ "type": "Feature", "properties": { "name": "Unnamed Raleigh Cooling Asset", "type": "Public Pool / Aquatic", "category": "Outdoor Cooling", "cooling_capacity": "Medium", "latitude": 35.88384635, "longitude": -78.64074375 }, "geometry": { "type": "Point", "coordinates": [ -78.64074375, 35.88384635 ] } },
{ "type": "Feature", "properties": { "name": "Unnamed Raleigh Cooling Asset", "type": "Public Pool / Aquatic", "category": "Outdoor Cooling", "cooling_capacity": "Medium", "latitude": 35.85822885, "longitude": -78.674412688043333 }, "geometry": { "type": "Point", "coordinates": [ -78.674412688043333, 35.85822885 ] } },
{ "type": "Feature", "properties": { "name": "Unnamed Raleigh Cooling Asset", "type": "Public Pool / Aquatic", "category": "Outdoor Cooling", "cooling_capacity": "Medium", "latitude": 35.858169, "longitude": -78.667585949999989 }, "geometry": { "type": "Point", "coordinates": [ -78.667585949999989, 35.858169 ] } },
{ "type": "Feature", "properties": { "name": "Unnamed Raleigh Cooling Asset", "type": "Park / Tree Shade", "category": "Outdoor Shade", "cooling_capacity": "Moderate", "latitude": 35.8359839, "longitude": -78.688836103279129 }, "geometry": { "type": "Point", "coordinates": [ -78.688836103279129, 35.8359839 ] } },
{ "type": "Feature", "properties": { "name": "Unnamed Raleigh Cooling Asset", "type": "Public Pool / Aquatic", "category": "Outdoor Cooling", "cooling_capacity": "Medium", "latitude": 35.84216605, "longitude": -78.690471980967345 }, "geometry": { "type": "Point", "coordinates": [ -78.690471980967345, 35.84216605 ] } },
{ "type": "Feature", "properties": { "name": "Unnamed Raleigh Cooling Asset", "type": "Public Pool / Aquatic", "category": "Outdoor Cooling", "cooling_capacity": "Medium", "latitude": 35.8607965, "longitude": -78.697131846160403 }, "geometry": { "type": "Point", "coordinates": [ -78.697131846160403, 35.8607965 ] } },
{ "type": "Feature", "properties": { "name": "Unnamed Raleigh Cooling Asset", "type": "Public Pool / Aquatic", "category": "Outdoor Cooling", "cooling_capacity": "Medium", "latitude": 35.8329201, "longitude": -78.697820909849185 }, "geometry": { "type": "Point", "coordinates": [ -78.697820909849185, 35.8329201 ] } },
{ "type": "Feature", "properties": { "name": "Unnamed Raleigh Cooling Asset", "type": "Public Pool / Aquatic", "category": "Outdoor Cooling", "cooling_capacity": "Medium", "latitude": 35.83432725, "longitude": -78.69402597334377 }, "geometry": { "type": "Point", "coordinates": [ -78.69402597334377, 35.83432725 ] } },
{ "type": "Feature", "properties": { "name": "Unnamed Raleigh Cooling Asset", "type": "Public Pool / Aquatic", "category": "Outdoor Cooling", "cooling_capacity": "Medium", "latitude": 35.84461365, "longitude": -78.703063662701823 }, "geometry": { "type": "Point", "coordinates": [ -78.703063662701823, 35.84461365 ] } },
{ "type": "Feature", "properties": { "name": "Unnamed Raleigh Cooling Asset", "type": "Public Pool / Aquatic", "category": "Outdoor Cooling", "cooling_capacity": "Medium", "latitude": 35.83664455, "longitude": -78.6969696 }, "geometry": { "type": "Point", "coordinates": [ -78.696969599999989, 35.83664455 ] } },
{ "type": "Feature", "properties": { "name": "Unnamed Raleigh Cooling Asset", "type": "Public Pool / Aquatic", "category": "Outdoor Cooling", "cooling_capacity": "Medium", "latitude": 35.837105, "longitude": -78.68359055 }, "geometry": { "type": "Point", "coordinates": [ -78.68359055, 35.837105 ] } },
{ "type": "Feature", "properties": { "name": "Unnamed Raleigh Cooling Asset", "type": "Public Pool / Aquatic", "category": "Outdoor Cooling", "cooling_capacity": "Medium", "latitude": 35.87051545, "longitude": -78.698308355535033 }, "geometry": { "type": "Point", "coordinates": [ -78.698308355535033, 35.87051545 ] } },
{ "type": "Feature", "properties": { "name": "Unnamed Raleigh Cooling Asset", "type": "Public Pool / Aquatic", "category": "Outdoor Cooling", "cooling_capacity": "Medium", "latitude": 35.81677065, "longitude": -78.655853374009467 }, "geometry": { "type": "Point", "coordinates": [ -78.655853374009467, 35.81677065 ] } },
{ "type": "Feature", "properties": { "name": "Meredith Townes Community Pool", "type": "Public Pool / Aquatic", "category": "Outdoor Cooling", "cooling_capacity": "Medium", "latitude": 35.82388775, "longitude": -78.690286906360967 }, "geometry": { "type": "Point", "coordinates": [ -78.690286906360967, 35.82388775 ] } },
{ "type": "Feature", "properties": { "name": "Unnamed Raleigh Cooling Asset", "type": "Public Pool / Aquatic", "category": "Outdoor Cooling", "cooling_capacity": "Medium", "latitude": 35.8639535, "longitude": -78.664480533644124 }, "geometry": { "type": "Point", "coordinates": [ -78.664480533644124, 35.8639535 ] } },
{ "type": "Feature", "properties": { "name": "Unnamed Raleigh Cooling Asset", "type": "Public Pool / Aquatic", "category": "Outdoor Cooling", "cooling_capacity": "Medium", "latitude": 35.83386255, "longitude": -78.709751469928818 }, "geometry": { "type": "Point", "coordinates": [ -78.709751469928818, 35.83386255 ] } },
{ "type": "Feature", "properties": { "name": "Unnamed Raleigh Cooling Asset", "type": "Public Pool / Aquatic", "category": "Outdoor Cooling", "cooling_capacity": "Medium", "latitude": 35.8234233, "longitude": -78.709475969938012 }, "geometry": { "type": "Point", "coordinates": [ -78.709475969938012, 35.8234233 ] } },
{ "type": "Feature", "properties": { "name": "Unnamed Raleigh Cooling Asset", "type": "Public Pool / Aquatic", "category": "Outdoor Cooling", "cooling_capacity": "Medium", "latitude": 35.8354116, "longitude": -78.698668072183096 }, "geometry": { "type": "Point", "coordinates": [ -78.698668072183096, 35.8354116 ] } },
{ "type": "Feature", "properties": { "name": "Unnamed Raleigh Cooling Asset", "type": "Public Pool / Aquatic", "category": "Outdoor Cooling", "cooling_capacity": "Medium", "latitude": 35.8352803, "longitude": -78.69766235 }, "geometry": { "type": "Point", "coordinates": [ -78.69766235, 35.8352803 ] } },
{ "type": "Feature", "properties": { "name": "Unnamed Raleigh Cooling Asset", "type": "Park / Tree Shade", "category": "Outdoor Shade", "cooling_capacity": "Moderate", "latitude": 35.8312185, "longitude": -78.688864830407738 }, "geometry": { "type": "Point", "coordinates": [ -78.688864830407738, 35.8312185 ] } },
{ "type": "Feature", "properties": { "name": "Unnamed Raleigh Cooling Asset", "type": "Public Pool / Aquatic", "category": "Outdoor Cooling", "cooling_capacity": "Medium", "latitude": 35.8433369, "longitude": -78.68866648836206 }, "geometry": { "type": "Point", "coordinates": [ -78.68866648836206, 35.8433369 ] } },
{ "type": "Feature", "properties": { "name": "Unnamed Raleigh Cooling Asset", "type": "Public Pool / Aquatic", "category": "Outdoor Cooling", "cooling_capacity": "Medium", "latitude": 35.85280195, "longitude": -78.706286298687615 }, "geometry": { "type": "Point", "coordinates": [ -78.706286298687615, 35.85280195 ] } },
{ "type": "Feature", "properties": { "name": "Unnamed Raleigh Cooling Asset", "type": "Public Pool / Aquatic", "category": "Outdoor Cooling", "cooling_capacity": "Medium", "latitude": 35.85239715, "longitude": -78.710326213190186 }, "geometry": { "type": "Point", "coordinates": [ -78.710326213190186, 35.85239715 ] } },
{ "type": "Feature", "properties": { "name": "Unnamed Raleigh Cooling Asset", "type": "Public Pool / Aquatic", "category": "Outdoor Cooling", "cooling_capacity": "Medium", "latitude": 35.8518459, "longitude": -78.7084099 }, "geometry": { "type": "Point", "coordinates": [ -78.7084099, 35.8518459 ] } },
{ "type": "Feature", "properties": { "name": "Williams Courtyard", "type": "Park / Tree Shade", "category": "Outdoor Shade", "cooling_capacity": "Moderate", "latitude": 35.78605835, "longitude": -78.671831433619559 }, "geometry": { "type": "Point", "coordinates": [ -78.671831433619559, 35.78605835 ] } },
{ "type": "Feature", "properties": { "name": "Unnamed Raleigh Cooling Asset", "type": "Public Pool / Aquatic", "category": "Outdoor Cooling", "cooling_capacity": "Medium", "latitude": 35.86032165, "longitude": -78.720048212406951 }, "geometry": { "type": "Point", "coordinates": [ -78.720048212406951, 35.86032165 ] } },
{ "type": "Feature", "properties": { "name": "Unnamed Raleigh Cooling Asset", "type": "Public Pool / Aquatic", "category": "Outdoor Cooling", "cooling_capacity": "Medium", "latitude": 35.85356265, "longitude": -78.721032724164985 }, "geometry": { "type": "Point", "coordinates": [ -78.721032724164985, 35.85356265 ] } },
{ "type": "Feature", "properties": { "name": "Unnamed Raleigh Cooling Asset", "type": "Public Pool / Aquatic", "category": "Outdoor Cooling", "cooling_capacity": "Medium", "latitude": 35.8534569, "longitude": -78.720907326785721 }, "geometry": { "type": "Point", "coordinates": [ -78.720907326785721, 35.8534569 ] } },
{ "type": "Feature", "properties": { "name": "Unnamed Raleigh Cooling Asset", "type": "Public Pool / Aquatic", "category": "Outdoor Cooling", "cooling_capacity": "Medium", "latitude": 35.81837455, "longitude": -78.696825318519927 }, "geometry": { "type": "Point", "coordinates": [ -78.696825318519927, 35.81837455 ] } },
{ "type": "Feature", "properties": { "name": "Unnamed Raleigh Cooling Asset", "type": "Public Pool / Aquatic", "category": "Outdoor Cooling", "cooling_capacity": "Medium", "latitude": 35.8794022, "longitude": -78.741893963016537 }, "geometry": { "type": "Point", "coordinates": [ -78.741893963016537, 35.8794022 ] } },
{ "type": "Feature", "properties": { "name": "Unnamed Raleigh Cooling Asset", "type": "Public Pool / Aquatic", "category": "Outdoor Cooling", "cooling_capacity": "Medium", "latitude": 35.83337345, "longitude": -78.67641272690679 }, "geometry": { "type": "Point", "coordinates": [ -78.67641272690679, 35.83337345 ] } },
{ "type": "Feature", "properties": { "name": "Unnamed Raleigh Cooling Asset", "type": "Public Pool / Aquatic", "category": "Outdoor Cooling", "cooling_capacity": "Medium", "latitude": 35.8334436, "longitude": -78.676333512500008 }, "geometry": { "type": "Point", "coordinates": [ -78.676333512500008, 35.8334436 ] } },
{ "type": "Feature", "properties": { "name": "Unnamed Raleigh Cooling Asset", "type": "Public Pool / Aquatic", "category": "Outdoor Cooling", "cooling_capacity": "Medium", "latitude": 35.83380005, "longitude": -78.674974960416677 }, "geometry": { "type": "Point", "coordinates": [ -78.674974960416677, 35.83380005 ] } },
{ "type": "Feature", "properties": { "name": "Unnamed Raleigh Cooling Asset", "type": "Public Pool / Aquatic", "category": "Outdoor Cooling", "cooling_capacity": "Medium", "latitude": 35.83383945, "longitude": -78.674883736513465 }, "geometry": { "type": "Point", "coordinates": [ -78.674883736513465, 35.83383945 ] } },
{ "type": "Feature", "properties": { "name": "Unnamed Raleigh Cooling Asset", "type": "Public Pool / Aquatic", "category": "Outdoor Cooling", "cooling_capacity": "Medium", "latitude": 35.87280075, "longitude": -78.719771078287522 }, "geometry": { "type": "Point", "coordinates": [ -78.719771078287522, 35.87280075 ] } },
{ "type": "Feature", "properties": { "name": "Unnamed Raleigh Cooling Asset", "type": "Public Pool / Aquatic", "category": "Outdoor Cooling", "cooling_capacity": "Medium", "latitude": 35.87679985, "longitude": -78.730127863471509 }, "geometry": { "type": "Point", "coordinates": [ -78.730127863471509, 35.87679985 ] } },
{ "type": "Feature", "properties": { "name": "Unnamed Raleigh Cooling Asset", "type": "Public Pool / Aquatic", "category": "Outdoor Cooling", "cooling_capacity": "Medium", "latitude": 35.88204325, "longitude": -78.732085955981603 }, "geometry": { "type": "Point", "coordinates": [ -78.732085955981603, 35.88204325 ] } },
{ "type": "Feature", "properties": { "name": "Unnamed Raleigh Cooling Asset", "type": "Public Pool / Aquatic", "category": "Outdoor Cooling", "cooling_capacity": "Medium", "latitude": 35.86109225, "longitude": -78.71419693358304 }, "geometry": { "type": "Point", "coordinates": [ -78.71419693358304, 35.86109225 ] } },
{ "type": "Feature", "properties": { "name": "Unnamed Raleigh Cooling Asset", "type": "Public Pool / Aquatic", "category": "Outdoor Cooling", "cooling_capacity": "Medium", "latitude": 35.861947, "longitude": -78.703458410135141 }, "geometry": { "type": "Point", "coordinates": [ -78.703458410135141, 35.861947 ] } },
{ "type": "Feature", "properties": { "name": "James B. Hunt Jr. Library", "type": "Public Library", "category": "Indoor A/C Refuge", "cooling_capacity": "High", "latitude": 35.76935075, "longitude": -78.676382858551463 }, "geometry": { "type": "Point", "coordinates": [ -78.676382858551463, 35.76935075 ] } },
{ "type": "Feature", "properties": { "name": "North Hills Park", "type": "Park / Tree Shade", "category": "Outdoor Shade", "cooling_capacity": "Moderate", "latitude": 35.8387206, "longitude": -78.65801855773978 }, "geometry": { "type": "Point", "coordinates": [ -78.65801855773978, 35.8387206 ] } },
{ "type": "Feature", "properties": { "name": "Unnamed Raleigh Cooling Asset", "type": "Public Pool / Aquatic", "category": "Outdoor Cooling", "cooling_capacity": "Medium", "latitude": 35.8475865, "longitude": -78.651074264140846 }, "geometry": { "type": "Point", "coordinates": [ -78.651074264140846, 35.8475865 ] } },
{ "type": "Feature", "properties": { "name": "Unnamed Raleigh Cooling Asset", "type": "Public Pool / Aquatic", "category": "Outdoor Cooling", "cooling_capacity": "Medium", "latitude": 35.84777565, "longitude": -78.650870288298989 }, "geometry": { "type": "Point", "coordinates": [ -78.650870288298989, 35.84777565 ] } },
{ "type": "Feature", "properties": { "name": "The Commons", "type": "Park / Tree Shade", "category": "Outdoor Shade", "cooling_capacity": "Moderate", "latitude": 35.836859, "longitude": -78.6425579 }, "geometry": { "type": "Point", "coordinates": [ -78.642557899999986, 35.836859 ] } },
{ "type": "Feature", "properties": { "name": "Unnamed Raleigh Cooling Asset", "type": "Public Pool / Aquatic", "category": "Outdoor Cooling", "cooling_capacity": "Medium", "latitude": 35.8444552, "longitude": -78.662628149999989 }, "geometry": { "type": "Point", "coordinates": [ -78.662628149999989, 35.8444552 ] } },
{ "type": "Feature", "properties": { "name": "Unnamed Raleigh Cooling Asset", "type": "Public Pool / Aquatic", "category": "Outdoor Cooling", "cooling_capacity": "Medium", "latitude": 35.8314407, "longitude": -78.633646298493602 }, "geometry": { "type": "Point", "coordinates": [ -78.633646298493602, 35.8314407 ] } },
{ "type": "Feature", "properties": { "name": "Union Square", "type": "Park / Tree Shade", "category": "Outdoor Shade", "cooling_capacity": "Moderate", "latitude": 35.78041105, "longitude": -78.639099164403689 }, "geometry": { "type": "Point", "coordinates": [ -78.639099164403689, 35.78041105 ] } },
{ "type": "Feature", "properties": { "name": "Burke Square", "type": "Park / Tree Shade", "category": "Outdoor Shade", "cooling_capacity": "Moderate", "latitude": 35.7831039, "longitude": -78.635494560742018 }, "geometry": { "type": "Point", "coordinates": [ -78.635494560742018, 35.7831039 ] } },
{ "type": "Feature", "properties": { "name": "Dorothea Dix Park", "type": "Park / Tree Shade", "category": "Outdoor Shade", "cooling_capacity": "Moderate", "latitude": 35.7700706, "longitude": -78.656807140003593 }, "geometry": { "type": "Point", "coordinates": [ -78.656807140003593, 35.7700706 ] } },
{ "type": "Feature", "properties": { "name": "Unnamed Raleigh Cooling Asset", "type": "Public Pool / Aquatic", "category": "Outdoor Cooling", "cooling_capacity": "Medium", "latitude": 35.89253715, "longitude": -78.54062925 }, "geometry": { "type": "Point", "coordinates": [ -78.54062925, 35.89253715 ] } },
{ "type": "Feature", "properties": { "name": "Lions Park and Community Center", "type": "Park / Tree Shade", "category": "Outdoor Shade", "cooling_capacity": "Moderate", "latitude": 35.79722655, "longitude": -78.614179557787224 }, "geometry": { "type": "Point", "coordinates": [ -78.614179557787224, 35.79722655 ] } },
{ "type": "Feature", "properties": { "name": "Lake Park Trail", "type": "Park / Tree Shade", "category": "Outdoor Shade", "cooling_capacity": "Moderate", "latitude": 35.86281335, "longitude": -78.664845206379795 }, "geometry": { "type": "Point", "coordinates": [ -78.664845206379795, 35.86281335 ] } },
{ "type": "Feature", "properties": { "name": "Leesville Community Park", "type": "Park / Tree Shade", "category": "Outdoor Shade", "cooling_capacity": "Moderate", "latitude": 35.88512555, "longitude": -78.714345474635593 }, "geometry": { "type": "Point", "coordinates": [ -78.714345474635593, 35.88512555 ] } },
{ "type": "Feature", "properties": { "name": "Unnamed Raleigh Cooling Asset", "type": "Public Pool / Aquatic", "category": "Outdoor Cooling", "cooling_capacity": "Medium", "latitude": 35.81347055000001, "longitude": -78.685532 }, "geometry": { "type": "Point", "coordinates": [ -78.685532, 35.81347055 ] } },
{ "type": "Feature", "properties": { "name": "Ridge Road Pool", "type": "Public Pool / Aquatic", "category": "Outdoor Cooling", "cooling_capacity": "Medium", "latitude": 35.81365595, "longitude": -78.685643936827944 }, "geometry": { "type": "Point", "coordinates": [ -78.685643936827944, 35.81365595 ] } },
{ "type": "Feature", "properties": { "name": "Willow Oaks Pool", "type": "Public Pool / Aquatic", "category": "Outdoor Cooling", "cooling_capacity": "Medium", "latitude": 35.8064531, "longitude": -78.560646371143321 }, "geometry": { "type": "Point", "coordinates": [ -78.560646371143321, 35.8064531 ] } },
{ "type": "Feature", "properties": { "name": "Grand Traverse Pool", "type": "Public Pool / Aquatic", "category": "Outdoor Cooling", "cooling_capacity": "Medium", "latitude": 35.80971005, "longitude": -78.542772583045974 }, "geometry": { "type": "Point", "coordinates": [ -78.542772583045974, 35.80971005 ] } },
{ "type": "Feature", "properties": { "name": "D. H. Hill Library", "type": "Public Library", "category": "Indoor A/C Refuge", "cooling_capacity": "High", "latitude": 35.7875344, "longitude": -78.670176538602902 }, "geometry": { "type": "Point", "coordinates": [ -78.670176538602902, 35.7875344 ] } },
{ "type": "Feature", "properties": { "name": "Unnamed Raleigh Cooling Asset", "type": "Public Pool / Aquatic", "category": "Outdoor Cooling", "cooling_capacity": "Medium", "latitude": 35.77742305, "longitude": -78.744059622959185 }, "geometry": { "type": "Point", "coordinates": [ -78.744059622959185, 35.77742305 ] } },
{ "type": "Feature", "properties": { "name": "Unnamed Raleigh Cooling Asset", "type": "Public Pool / Aquatic", "category": "Outdoor Cooling", "cooling_capacity": "Medium", "latitude": 35.7792792, "longitude": -78.742152081956164 }, "geometry": { "type": "Point", "coordinates": [ -78.742152081956164, 35.7792792 ] } },
{ "type": "Feature", "properties": { "name": "Unnamed Raleigh Cooling Asset", "type": "Public Pool / Aquatic", "category": "Outdoor Cooling", "cooling_capacity": "Medium", "latitude": 35.77804985, "longitude": -78.73760385 }, "geometry": { "type": "Point", "coordinates": [ -78.73760385, 35.77804985 ] } },
{ "type": "Feature", "properties": { "name": "Unnamed Raleigh Cooling Asset", "type": "Public Pool / Aquatic", "category": "Outdoor Cooling", "cooling_capacity": "Medium", "latitude": 35.7767501, "longitude": -78.742342282292825 }, "geometry": { "type": "Point", "coordinates": [ -78.742342282292825, 35.7767501 ] } },
{ "type": "Feature", "properties": { "name": "Unnamed Raleigh Cooling Asset", "type": "Public Pool / Aquatic", "category": "Outdoor Cooling", "cooling_capacity": "Medium", "latitude": 35.8740496, "longitude": -78.692622495324713 }, "geometry": { "type": "Point", "coordinates": [ -78.692622495324713, 35.8740496 ] } },
{ "type": "Feature", "properties": { "name": "Unnamed Raleigh Cooling Asset", "type": "Public Pool / Aquatic", "category": "Outdoor Cooling", "cooling_capacity": "Medium", "latitude": 35.9238178, "longitude": -78.57136105234585 }, "geometry": { "type": "Point", "coordinates": [ -78.57136105234585, 35.9238178 ] } },
{ "type": "Feature", "properties": { "name": "Unnamed Raleigh Cooling Asset", "type": "Public Pool / Aquatic", "category": "Outdoor Cooling", "cooling_capacity": "Medium", "latitude": 35.92543155, "longitude": -78.565952209945749 }, "geometry": { "type": "Point", "coordinates": [ -78.565952209945749, 35.92543155 ] } },
{ "type": "Feature", "properties": { "name": "Unnamed Raleigh Cooling Asset", "type": "Public Pool / Aquatic", "category": "Outdoor Cooling", "cooling_capacity": "Medium", "latitude": 35.9255156, "longitude": -78.566318283333331 }, "geometry": { "type": "Point", "coordinates": [ -78.566318283333331, 35.9255156 ] } },
{ "type": "Feature", "properties": { "name": "Unnamed Raleigh Cooling Asset", "type": "Public Pool / Aquatic", "category": "Outdoor Cooling", "cooling_capacity": "Medium", "latitude": 35.87519455, "longitude": -78.621674726323022 }, "geometry": { "type": "Point", "coordinates": [ -78.621674726323022, 35.87519455 ] } },
{ "type": "Feature", "properties": { "name": "Unnamed Raleigh Cooling Asset", "type": "Public Pool / Aquatic", "category": "Outdoor Cooling", "cooling_capacity": "Medium", "latitude": 35.90648705, "longitude": -78.788227759734411 }, "geometry": { "type": "Point", "coordinates": [ -78.788227759734411, 35.90648705 ] } },
{ "type": "Feature", "properties": { "name": "Unnamed Raleigh Cooling Asset", "type": "Public Pool / Aquatic", "category": "Outdoor Cooling", "cooling_capacity": "Medium", "latitude": 35.90637185, "longitude": -78.787828327019767 }, "geometry": { "type": "Point", "coordinates": [ -78.787828327019767, 35.90637185 ] } },
{ "type": "Feature", "properties": { "name": "Unnamed Raleigh Cooling Asset", "type": "Public Pool / Aquatic", "category": "Outdoor Cooling", "cooling_capacity": "Medium", "latitude": 35.77914335, "longitude": -78.744976701138683 }, "geometry": { "type": "Point", "coordinates": [ -78.744976701138683, 35.77914335 ] } },
{ "type": "Feature", "properties": { "name": "Unnamed Raleigh Cooling Asset", "type": "Public Pool / Aquatic", "category": "Outdoor Cooling", "cooling_capacity": "Medium", "latitude": 35.73418345, "longitude": -78.655529576692857 }, "geometry": { "type": "Point", "coordinates": [ -78.655529576692857, 35.73418345 ] } },
{ "type": "Feature", "properties": { "name": "Unnamed Raleigh Cooling Asset", "type": "Public Pool / Aquatic", "category": "Outdoor Cooling", "cooling_capacity": "Medium", "latitude": 35.79495, "longitude": -78.73890051487399 }, "geometry": { "type": "Point", "coordinates": [ -78.73890051487399, 35.79495 ] } },
{ "type": "Feature", "properties": { "name": "Unnamed Raleigh Cooling Asset", "type": "Public Pool / Aquatic", "category": "Outdoor Cooling", "cooling_capacity": "Medium", "latitude": 35.76292835, "longitude": -78.728219921755652 }, "geometry": { "type": "Point", "coordinates": [ -78.728219921755652, 35.76292835 ] } },
{ "type": "Feature", "properties": { "name": "Unnamed Raleigh Cooling Asset", "type": "Park / Tree Shade", "category": "Outdoor Shade", "cooling_capacity": "Moderate", "latitude": 35.7714447, "longitude": -78.674170069832499 }, "geometry": { "type": "Point", "coordinates": [ -78.674170069832499, 35.7714447 ] } },
{ "type": "Feature", "properties": { "name": "Lee Field", "type": "Park / Tree Shade", "category": "Outdoor Shade", "cooling_capacity": "Moderate", "latitude": 35.7866641, "longitude": -78.678631290552104 }, "geometry": { "type": "Point", "coordinates": [ -78.678631290552104, 35.7866641 ] } },
{ "type": "Feature", "properties": { "name": "D. H. Hill Library", "type": "Public Library", "category": "Indoor A/C Refuge", "cooling_capacity": "High", "latitude": 35.78756145, "longitude": -78.669571586167962 }, "geometry": { "type": "Point", "coordinates": [ -78.669571586167962, 35.78756145 ] } },
{ "type": "Feature", "properties": { "name": "D. H. Hill Library", "type": "Public Library", "category": "Indoor A/C Refuge", "cooling_capacity": "High", "latitude": 35.7873106, "longitude": -78.670290243517854 }, "geometry": { "type": "Point", "coordinates": [ -78.670290243517854, 35.7873106 ] } },
{ "type": "Feature", "properties": { "name": "Unnamed Raleigh Cooling Asset", "type": "Public Pool / Aquatic", "category": "Outdoor Cooling", "cooling_capacity": "Medium", "latitude": 35.77684665, "longitude": -78.73616005 }, "geometry": { "type": "Point", "coordinates": [ -78.73616005, 35.77684665 ] } },
{ "type": "Feature", "properties": { "name": "Unnamed Raleigh Cooling Asset", "type": "Public Pool / Aquatic", "category": "Outdoor Cooling", "cooling_capacity": "Medium", "latitude": 35.77700705, "longitude": -78.736146932843141 }, "geometry": { "type": "Point", "coordinates": [ -78.736146932843141, 35.77700705 ] } },
{ "type": "Feature", "properties": { "name": "Court of North Carolina", "type": "Park / Tree Shade", "category": "Outdoor Shade", "cooling_capacity": "Moderate", "latitude": 35.78627005, "longitude": -78.666138204290533 }, "geometry": { "type": "Point", "coordinates": [ -78.666138204290533, 35.78627005 ] } },
{ "type": "Feature", "properties": { "name": "Unnamed Raleigh Cooling Asset", "type": "Public Pool / Aquatic", "category": "Outdoor Cooling", "cooling_capacity": "Medium", "latitude": 35.8581237, "longitude": -78.643572599654121 }, "geometry": { "type": "Point", "coordinates": [ -78.643572599654121, 35.8581237 ] } },
{ "type": "Feature", "properties": { "name": "Lakelont Swim Club", "type": "Public Pool / Aquatic", "category": "Outdoor Cooling", "cooling_capacity": "Medium", "latitude": 35.8461016, "longitude": -78.63150497931295 }, "geometry": { "type": "Point", "coordinates": [ -78.63150497931295, 35.8461016 ] } },
{ "type": "Feature", "properties": { "name": "Unnamed Raleigh Cooling Asset", "type": "Public Pool / Aquatic", "category": "Outdoor Cooling", "cooling_capacity": "Medium", "latitude": 35.8583651, "longitude": -78.615486873431138 }, "geometry": { "type": "Point", "coordinates": [ -78.615486873431138, 35.8583651 ] } },
{ "type": "Feature", "properties": { "name": "Unnamed Raleigh Cooling Asset", "type": "Public Pool / Aquatic", "category": "Outdoor Cooling", "cooling_capacity": "Medium", "latitude": 35.85481355, "longitude": -78.654617350342988 }, "geometry": { "type": "Point", "coordinates": [ -78.654617350342988, 35.85481355 ] } },
{ "type": "Feature", "properties": { "name": "Kellam-Wyatt Farm", "type": "Park / Tree Shade", "category": "Outdoor Shade", "cooling_capacity": "Moderate", "latitude": 35.787473, "longitude": -78.549882876733449 }, "geometry": { "type": "Point", "coordinates": [ -78.549882876733449, 35.787473 ] } },
{ "type": "Feature", "properties": { "name": "Fairfax Hills Park", "type": "Park / Tree Shade", "category": "Outdoor Shade", "cooling_capacity": "Moderate", "latitude": 35.85753585, "longitude": -78.624284265846541 }, "geometry": { "type": "Point", "coordinates": [ -78.624284265846541, 35.85753585 ] } },
{ "type": "Feature", "properties": { "name": "Unnamed Raleigh Cooling Asset", "type": "Public Pool / Aquatic", "category": "Outdoor Cooling", "cooling_capacity": "Medium", "latitude": 35.8553961, "longitude": -78.669648809463553 }, "geometry": { "type": "Point", "coordinates": [ -78.669648809463553, 35.8553961 ] } },
{ "type": "Feature", "properties": { "name": "Unnamed Raleigh Cooling Asset", "type": "Public Pool / Aquatic", "category": "Outdoor Cooling", "cooling_capacity": "Medium", "latitude": 35.84724525, "longitude": -78.665743213407524 }, "geometry": { "type": "Point", "coordinates": [ -78.665743213407524, 35.84724525 ] } },
{ "type": "Feature", "properties": { "name": "Unnamed Raleigh Cooling Asset", "type": "Public Pool / Aquatic", "category": "Outdoor Cooling", "cooling_capacity": "Medium", "latitude": 35.8470996, "longitude": -78.66569033486843 }, "geometry": { "type": "Point", "coordinates": [ -78.66569033486843, 35.8470996 ] } },
{ "type": "Feature", "properties": { "name": "Unnamed Raleigh Cooling Asset", "type": "Public Pool / Aquatic", "category": "Outdoor Cooling", "cooling_capacity": "Medium", "latitude": 35.8551288, "longitude": -78.665778811098306 }, "geometry": { "type": "Point", "coordinates": [ -78.665778811098306, 35.8551288 ] } },
{ "type": "Feature", "properties": { "name": "Unnamed Raleigh Cooling Asset", "type": "Public Pool / Aquatic", "category": "Outdoor Cooling", "cooling_capacity": "Medium", "latitude": 35.8398237, "longitude": -78.645416508401638 }, "geometry": { "type": "Point", "coordinates": [ -78.645416508401638, 35.8398237 ] } },
{ "type": "Feature", "properties": { "name": "Unnamed Raleigh Cooling Asset", "type": "Public Pool / Aquatic", "category": "Outdoor Cooling", "cooling_capacity": "Medium", "latitude": 35.8492721, "longitude": -78.676262216666657 }, "geometry": { "type": "Point", "coordinates": [ -78.676262216666657, 35.8492721 ] } },
{ "type": "Feature", "properties": { "name": "Unnamed Raleigh Cooling Asset", "type": "Public Pool / Aquatic", "category": "Outdoor Cooling", "cooling_capacity": "Medium", "latitude": 35.76627785, "longitude": -78.724969689710704 }, "geometry": { "type": "Point", "coordinates": [ -78.724969689710704, 35.76627785 ] } },
{ "type": "Feature", "properties": { "name": "Unnamed Raleigh Cooling Asset", "type": "Public Pool / Aquatic", "category": "Outdoor Cooling", "cooling_capacity": "Medium", "latitude": 35.76630475, "longitude": -78.72521716008302 }, "geometry": { "type": "Point", "coordinates": [ -78.72521716008302, 35.76630475 ] } },
{ "type": "Feature", "properties": { "name": "Unnamed Raleigh Cooling Asset", "type": "Public Pool / Aquatic", "category": "Outdoor Cooling", "cooling_capacity": "Medium", "latitude": 35.76616365, "longitude": -78.7251099 }, "geometry": { "type": "Point", "coordinates": [ -78.7251099, 35.76616365 ] } },
{ "type": "Feature", "properties": { "name": "Unnamed Raleigh Cooling Asset", "type": "Public Pool / Aquatic", "category": "Outdoor Cooling", "cooling_capacity": "Medium", "latitude": 35.76641635, "longitude": -78.724880796466891 }, "geometry": { "type": "Point", "coordinates": [ -78.724880796466891, 35.76641635 ] } },
{ "type": "Feature", "properties": { "name": "Unnamed Raleigh Cooling Asset", "type": "Public Pool / Aquatic", "category": "Outdoor Cooling", "cooling_capacity": "Medium", "latitude": 35.9112134, "longitude": -78.5877925806343 }, "geometry": { "type": "Point", "coordinates": [ -78.5877925806343, 35.9112134 ] } },
{ "type": "Feature", "properties": { "name": "The Greenway Club at Falls River", "type": "Public Pool / Aquatic", "category": "Outdoor Cooling", "cooling_capacity": "Medium", "latitude": 35.9114325, "longitude": -78.588076825000002 }, "geometry": { "type": "Point", "coordinates": [ -78.588076825, 35.9114325 ] } },
{ "type": "Feature", "properties": { "name": "The Cistern", "type": "Park / Tree Shade", "category": "Outdoor Shade", "cooling_capacity": "Moderate", "latitude": 35.7689735, "longitude": -78.673117448600536 }, "geometry": { "type": "Point", "coordinates": [ -78.673117448600536, 35.7689735 ] } },
{ "type": "Feature", "properties": { "name": "Wolf Plaza", "type": "Park / Tree Shade", "category": "Outdoor Shade", "cooling_capacity": "Moderate", "latitude": 35.7849862, "longitude": -78.67201417096571 }, "geometry": { "type": "Point", "coordinates": [ -78.67201417096571, 35.7849862 ] } },
{ "type": "Feature", "properties": { "name": "Central Downtown Plaza", "type": "Park / Tree Shade", "category": "Outdoor Shade", "cooling_capacity": "Moderate", "latitude": 35.77436425, "longitude": -78.639423749877565 }, "geometry": { "type": "Point", "coordinates": [ -78.639423749877565, 35.77436425 ] } },
{ "type": "Feature", "properties": { "name": "Unnamed Raleigh Cooling Asset", "type": "Public Pool / Aquatic", "category": "Outdoor Cooling", "cooling_capacity": "Medium", "latitude": 35.9172747, "longitude": -78.776956246153844 }, "geometry": { "type": "Point", "coordinates": [ -78.776956246153844, 35.9172747 ] } },
{ "type": "Feature", "properties": { "name": "Unnamed Raleigh Cooling Asset", "type": "Public Pool / Aquatic", "category": "Outdoor Cooling", "cooling_capacity": "Medium", "latitude": 35.9139138, "longitude": -78.770123745729677 }, "geometry": { "type": "Point", "coordinates": [ -78.770123745729677, 35.9139138 ] } },
{ "type": "Feature", "properties": { "name": "Midtown Park", "type": "Park / Tree Shade", "category": "Outdoor Shade", "cooling_capacity": "Moderate", "latitude": 35.83632025, "longitude": -78.636847453218181 }, "geometry": { "type": "Point", "coordinates": [ -78.636847453218181, 35.83632025 ] } },
{ "type": "Feature", "properties": { "name": "Unnamed Raleigh Cooling Asset", "type": "Public Pool / Aquatic", "category": "Outdoor Cooling", "cooling_capacity": "Medium", "latitude": 35.90798945, "longitude": -78.65833985538633 }, "geometry": { "type": "Point", "coordinates": [ -78.65833985538633, 35.90798945 ] } },
{ "type": "Feature", "properties": { "name": "Unnamed Raleigh Cooling Asset", "type": "Public Pool / Aquatic", "category": "Outdoor Cooling", "cooling_capacity": "Medium", "latitude": 35.9077393, "longitude": -78.65793565 }, "geometry": { "type": "Point", "coordinates": [ -78.65793565, 35.9077393 ] } },
{ "type": "Feature", "properties": { "name": "Unnamed Raleigh Cooling Asset", "type": "Public Pool / Aquatic", "category": "Outdoor Cooling", "cooling_capacity": "Medium", "latitude": 35.80924905, "longitude": -78.736978469616204 }, "geometry": { "type": "Point", "coordinates": [ -78.736978469616204, 35.80924905 ] } },
{ "type": "Feature", "properties": { "name": "Unnamed Raleigh Cooling Asset", "type": "Public Pool / Aquatic", "category": "Outdoor Cooling", "cooling_capacity": "Medium", "latitude": 35.8062567, "longitude": -78.73118458414892 }, "geometry": { "type": "Point", "coordinates": [ -78.73118458414892, 35.8062567 ] } },
{ "type": "Feature", "properties": { "name": "Wade Park", "type": "Park / Tree Shade", "category": "Outdoor Shade", "cooling_capacity": "Moderate", "latitude": 35.8073689, "longitude": -78.729805733573272 }, "geometry": { "type": "Point", "coordinates": [ -78.729805733573272, 35.8073689 ] } },
{ "type": "Feature", "properties": { "name": "Unnamed Raleigh Cooling Asset", "type": "Public Pool / Aquatic", "category": "Outdoor Cooling", "cooling_capacity": "Medium", "latitude": 35.8897265, "longitude": -78.647067722896281 }, "geometry": { "type": "Point", "coordinates": [ -78.647067722896281, 35.8897265 ] } },
{ "type": "Feature", "properties": { "name": "PNC Plaza", "type": "Park / Tree Shade", "category": "Outdoor Shade", "cooling_capacity": "Moderate", "latitude": 35.7765418, "longitude": -78.638787255339238 }, "geometry": { "type": "Point", "coordinates": [ -78.638787255339238, 35.7765418 ] } },
{ "type": "Feature", "properties": { "name": "Unnamed Raleigh Cooling Asset", "type": "Public Pool / Aquatic", "category": "Outdoor Cooling", "cooling_capacity": "Medium", "latitude": 35.920696, "longitude": -78.776596315234599 }, "geometry": { "type": "Point", "coordinates": [ -78.776596315234599, 35.920696 ] } },
{ "type": "Feature", "properties": { "name": "Unnamed Raleigh Cooling Asset", "type": "Public Pool / Aquatic", "category": "Outdoor Cooling", "cooling_capacity": "Medium", "latitude": 35.7977447, "longitude": -78.658105925538024 }, "geometry": { "type": "Point", "coordinates": [ -78.658105925538024, 35.7977447 ] } },
{ "type": "Feature", "properties": { "name": "Unnamed Raleigh Cooling Asset", "type": "Public Pool / Aquatic", "category": "Outdoor Cooling", "cooling_capacity": "Medium", "latitude": 35.89854575, "longitude": -78.803120986139433 }, "geometry": { "type": "Point", "coordinates": [ -78.803120986139433, 35.89854575 ] } },
{ "type": "Feature", "properties": { "name": "Unnamed Raleigh Cooling Asset", "type": "Public Pool / Aquatic", "category": "Outdoor Cooling", "cooling_capacity": "Medium", "latitude": 35.8993138, "longitude": -78.796336965909092 }, "geometry": { "type": "Point", "coordinates": [ -78.796336965909092, 35.8993138 ] } },
{ "type": "Feature", "properties": { "name": "Unnamed Raleigh Cooling Asset", "type": "Public Pool / Aquatic", "category": "Outdoor Cooling", "cooling_capacity": "Medium", "latitude": 35.84453815, "longitude": -78.723475077209017 }, "geometry": { "type": "Point", "coordinates": [ -78.723475077209017, 35.84453815 ] } },
{ "type": "Feature", "properties": { "name": "Unnamed Raleigh Cooling Asset", "type": "Public Pool / Aquatic", "category": "Outdoor Cooling", "cooling_capacity": "Medium", "latitude": 35.91043045, "longitude": -78.787367931095858 }, "geometry": { "type": "Point", "coordinates": [ -78.787367931095858, 35.91043045 ] } },
{ "type": "Feature", "properties": { "name": "Unnamed Raleigh Cooling Asset", "type": "Public Pool / Aquatic", "category": "Outdoor Cooling", "cooling_capacity": "Medium", "latitude": 35.74115675, "longitude": -78.661718843457265 }, "geometry": { "type": "Point", "coordinates": [ -78.661718843457265, 35.74115675 ] } },
{ "type": "Feature", "properties": { "name": "Unnamed Raleigh Cooling Asset", "type": "Public Pool / Aquatic", "category": "Outdoor Cooling", "cooling_capacity": "Medium", "latitude": 35.7740012, "longitude": -78.687124566978014 }, "geometry": { "type": "Point", "coordinates": [ -78.687124566978014, 35.7740012 ] } },
{ "type": "Feature", "properties": { "name": "Unnamed Raleigh Cooling Asset", "type": "Public Pool / Aquatic", "category": "Outdoor Cooling", "cooling_capacity": "Medium", "latitude": 35.7764796, "longitude": -78.676346996092946 }, "geometry": { "type": "Point", "coordinates": [ -78.676346996092946, 35.7764796 ] } },
{ "type": "Feature", "properties": { "name": "Unnamed Raleigh Cooling Asset", "type": "Public Pool / Aquatic", "category": "Outdoor Cooling", "cooling_capacity": "Medium", "latitude": 35.79005025, "longitude": -78.663524201349333 }, "geometry": { "type": "Point", "coordinates": [ -78.663524201349333, 35.79005025 ] } },
{ "type": "Feature", "properties": { "name": "Unnamed Raleigh Cooling Asset", "type": "Public Pool / Aquatic", "category": "Outdoor Cooling", "cooling_capacity": "Medium", "latitude": 35.78185085, "longitude": -78.719053045128291 }, "geometry": { "type": "Point", "coordinates": [ -78.719053045128291, 35.78185085 ] } },
{ "type": "Feature", "properties": { "name": "Unnamed Raleigh Cooling Asset", "type": "Public Pool / Aquatic", "category": "Outdoor Cooling", "cooling_capacity": "Medium", "latitude": 35.83343315, "longitude": -78.640847486685828 }, "geometry": { "type": "Point", "coordinates": [ -78.640847486685828, 35.83343315 ] } },
{ "type": "Feature", "properties": { "name": "Unnamed Raleigh Cooling Asset", "type": "Public Pool / Aquatic", "category": "Outdoor Cooling", "cooling_capacity": "Medium", "latitude": 35.83319245, "longitude": -78.639771750903179 }, "geometry": { "type": "Point", "coordinates": [ -78.639771750903179, 35.83319245 ] } },
{ "type": "Feature", "properties": { "name": "The Oval", "type": "Park / Tree Shade", "category": "Outdoor Shade", "cooling_capacity": "Moderate", "latitude": 35.7702842, "longitude": -78.675132924466396 }, "geometry": { "type": "Point", "coordinates": [ -78.675132924466396, 35.7702842 ] } },
{ "type": "Feature", "properties": { "name": "Unnamed Raleigh Cooling Asset", "type": "Park / Tree Shade", "category": "Outdoor Shade", "cooling_capacity": "Moderate", "latitude": 35.7695778, "longitude": -78.675799969339607 }, "geometry": { "type": "Point", "coordinates": [ -78.675799969339607, 35.7695778 ] } },
{ "type": "Feature", "properties": { "name": "Unnamed Raleigh Cooling Asset", "type": "Park / Tree Shade", "category": "Outdoor Shade", "cooling_capacity": "Moderate", "latitude": 35.7694571, "longitude": -78.675417598911565 }, "geometry": { "type": "Point", "coordinates": [ -78.675417598911565, 35.7694571 ] } },
{ "type": "Feature", "properties": { "name": "Unnamed Raleigh Cooling Asset", "type": "Park / Tree Shade", "category": "Outdoor Shade", "cooling_capacity": "Moderate", "latitude": 35.7710463, "longitude": -78.674561899167287 }, "geometry": { "type": "Point", "coordinates": [ -78.674561899167287, 35.7710463 ] } },
{ "type": "Feature", "properties": { "name": "Unnamed Raleigh Cooling Asset", "type": "Park / Tree Shade", "category": "Outdoor Shade", "cooling_capacity": "Moderate", "latitude": 35.7702968, "longitude": -78.675143297903659 }, "geometry": { "type": "Point", "coordinates": [ -78.675143297903659, 35.7702968 ] } },
{ "type": "Feature", "properties": { "name": "Unnamed Raleigh Cooling Asset", "type": "Public Pool / Aquatic", "category": "Outdoor Cooling", "cooling_capacity": "Medium", "latitude": 35.89870825, "longitude": -78.802915040588232 }, "geometry": { "type": "Point", "coordinates": [ -78.802915040588232, 35.89870825 ] } },
{ "type": "Feature", "properties": { "name": "Unnamed Raleigh Cooling Asset", "type": "Public Pool / Aquatic", "category": "Outdoor Cooling", "cooling_capacity": "Medium", "latitude": 35.9072354, "longitude": -78.795907539727267 }, "geometry": { "type": "Point", "coordinates": [ -78.795907539727267, 35.9072354 ] } },
{ "type": "Feature", "properties": { "name": "Unnamed Raleigh Cooling Asset", "type": "Public Pool / Aquatic", "category": "Outdoor Cooling", "cooling_capacity": "Medium", "latitude": 35.9075176, "longitude": -78.7960076 }, "geometry": { "type": "Point", "coordinates": [ -78.7960076, 35.9075176 ] } },
{ "type": "Feature", "properties": { "name": "Unnamed Raleigh Cooling Asset", "type": "Public Pool / Aquatic", "category": "Outdoor Cooling", "cooling_capacity": "Medium", "latitude": 35.84785735, "longitude": -78.539470177834474 }, "geometry": { "type": "Point", "coordinates": [ -78.539470177834474, 35.84785735 ] } },
{ "type": "Feature", "properties": { "name": "Unnamed Raleigh Cooling Asset", "type": "Public Pool / Aquatic", "category": "Outdoor Cooling", "cooling_capacity": "Medium", "latitude": 35.83604305, "longitude": -78.551532677688172 }, "geometry": { "type": "Point", "coordinates": [ -78.551532677688172, 35.83604305 ] } },
{ "type": "Feature", "properties": { "name": "Unnamed Raleigh Cooling Asset", "type": "Public Pool / Aquatic", "category": "Outdoor Cooling", "cooling_capacity": "Medium", "latitude": 35.84060095, "longitude": -78.54844311217721 }, "geometry": { "type": "Point", "coordinates": [ -78.54844311217721, 35.84060095 ] } },
{ "type": "Feature", "properties": { "name": "Unnamed Raleigh Cooling Asset", "type": "Public Pool / Aquatic", "category": "Outdoor Cooling", "cooling_capacity": "Medium", "latitude": 35.83907975, "longitude": -78.562475559369176 }, "geometry": { "type": "Point", "coordinates": [ -78.562475559369176, 35.83907975 ] } },
{ "type": "Feature", "properties": { "name": "Unnamed Raleigh Cooling Asset", "type": "Public Pool / Aquatic", "category": "Outdoor Cooling", "cooling_capacity": "Medium", "latitude": 35.83373795, "longitude": -78.559660563204787 }, "geometry": { "type": "Point", "coordinates": [ -78.559660563204787, 35.83373795 ] } },
{ "type": "Feature", "properties": { "name": "Unnamed Raleigh Cooling Asset", "type": "Public Pool / Aquatic", "category": "Outdoor Cooling", "cooling_capacity": "Medium", "latitude": 35.8500787, "longitude": -78.550783054886949 }, "geometry": { "type": "Point", "coordinates": [ -78.550783054886949, 35.8500787 ] } },
{ "type": "Feature", "properties": { "name": "Unnamed Raleigh Cooling Asset", "type": "Public Pool / Aquatic", "category": "Outdoor Cooling", "cooling_capacity": "Medium", "latitude": 35.96529795, "longitude": -78.548282947885667 }, "geometry": { "type": "Point", "coordinates": [ -78.548282947885667, 35.96529795 ] } },
{ "type": "Feature", "properties": { "name": "Unnamed Raleigh Cooling Asset", "type": "Public Pool / Aquatic", "category": "Outdoor Cooling", "cooling_capacity": "Medium", "latitude": 35.93963815, "longitude": -78.562811791110718 }, "geometry": { "type": "Point", "coordinates": [ -78.562811791110718, 35.93963815 ] } },
{ "type": "Feature", "properties": { "name": "Unnamed Raleigh Cooling Asset", "type": "Public Pool / Aquatic", "category": "Outdoor Cooling", "cooling_capacity": "Medium", "latitude": 35.96533715, "longitude": -78.547935550397725 }, "geometry": { "type": "Point", "coordinates": [ -78.547935550397725, 35.96533715 ] } },
{ "type": "Feature", "properties": { "name": "Unnamed Raleigh Cooling Asset", "type": "Public Pool / Aquatic", "category": "Outdoor Cooling", "cooling_capacity": "Medium", "latitude": 35.8971448, "longitude": -78.513460675765316 }, "geometry": { "type": "Point", "coordinates": [ -78.513460675765316, 35.8971448 ] } },
{ "type": "Feature", "properties": { "name": "Unnamed Raleigh Cooling Asset", "type": "Public Pool / Aquatic", "category": "Outdoor Cooling", "cooling_capacity": "Medium", "latitude": 35.8971106, "longitude": -78.513153889467361 }, "geometry": { "type": "Point", "coordinates": [ -78.513153889467361, 35.8971106 ] } },
{ "type": "Feature", "properties": { "name": "Unnamed Raleigh Cooling Asset", "type": "Public Pool / Aquatic", "category": "Outdoor Cooling", "cooling_capacity": "Medium", "latitude": 35.8962063, "longitude": -78.724056444267518 }, "geometry": { "type": "Point", "coordinates": [ -78.724056444267518, 35.8962063 ] } },
{ "type": "Feature", "properties": { "name": "Springdale Area Recreation Club", "type": "Park / Tree Shade", "category": "Outdoor Shade", "cooling_capacity": "Moderate", "latitude": 35.8959807, "longitude": -78.723263892519753 }, "geometry": { "type": "Point", "coordinates": [ -78.723263892519753, 35.8959807 ] } },
{ "type": "Feature", "properties": { "name": "Unnamed Raleigh Cooling Asset", "type": "Public Pool / Aquatic", "category": "Outdoor Cooling", "cooling_capacity": "Medium", "latitude": 35.868224, "longitude": -78.567782157142858 }, "geometry": { "type": "Point", "coordinates": [ -78.567782157142858, 35.868224 ] } },
{ "type": "Feature", "properties": { "name": "Unnamed Raleigh Cooling Asset", "type": "Public Pool / Aquatic", "category": "Outdoor Cooling", "cooling_capacity": "Medium", "latitude": 35.83522365, "longitude": -78.678982670090704 }, "geometry": { "type": "Point", "coordinates": [ -78.678982670090704, 35.83522365 ] } },
{ "type": "Feature", "properties": { "name": "Unnamed Raleigh Cooling Asset", "type": "Public Pool / Aquatic", "category": "Outdoor Cooling", "cooling_capacity": "Medium", "latitude": 35.77766135, "longitude": -78.632818951091039 }, "geometry": { "type": "Point", "coordinates": [ -78.632818951091039, 35.77766135 ] } },
{ "type": "Feature", "properties": { "name": "Unnamed Raleigh Cooling Asset", "type": "Public Pool / Aquatic", "category": "Outdoor Cooling", "cooling_capacity": "Medium", "latitude": 35.78598245, "longitude": -78.649442515880679 }, "geometry": { "type": "Point", "coordinates": [ -78.649442515880679, 35.78598245 ] } },
{ "type": "Feature", "properties": { "name": "Unnamed Raleigh Cooling Asset", "type": "Public Pool / Aquatic", "category": "Outdoor Cooling", "cooling_capacity": "Medium", "latitude": 35.78679075, "longitude": -78.663294926028485 }, "geometry": { "type": "Point", "coordinates": [ -78.663294926028485, 35.78679075 ] } },
{ "type": "Feature", "properties": { "name": "Unnamed Raleigh Cooling Asset", "type": "Public Pool / Aquatic", "category": "Outdoor Cooling", "cooling_capacity": "Medium", "latitude": 35.95770535, "longitude": -78.542421037721937 }, "geometry": { "type": "Point", "coordinates": [ -78.542421037721937, 35.95770535 ] } },
{ "type": "Feature", "properties": { "name": "Kids Pool", "type": "Public Pool / Aquatic", "category": "Outdoor Cooling", "cooling_capacity": "Medium", "latitude": 35.84607465, "longitude": -78.631852561728394 }, "geometry": { "type": "Point", "coordinates": [ -78.631852561728394, 35.84607465 ] } },
{ "type": "Feature", "properties": { "name": "Park And Market Pool", "type": "Public Pool / Aquatic", "category": "Outdoor Cooling", "cooling_capacity": "Medium", "latitude": 35.8372204, "longitude": -78.638079804022993 }, "geometry": { "type": "Point", "coordinates": [ -78.638079804022993, 35.8372204 ] } },
{ "type": "Feature", "properties": { "name": "Unnamed Raleigh Cooling Asset", "type": "Park / Tree Shade", "category": "Outdoor Shade", "cooling_capacity": "Moderate", "latitude": 35.8458858, "longitude": -78.631353076194131 }, "geometry": { "type": "Point", "coordinates": [ -78.631353076194131, 35.8458858 ] } },
{ "type": "Feature", "properties": { "name": "Unnamed Raleigh Cooling Asset", "type": "Public Pool / Aquatic", "category": "Outdoor Cooling", "cooling_capacity": "Medium", "latitude": 35.8247216, "longitude": -78.592013150000014 }, "geometry": { "type": "Point", "coordinates": [ -78.592013150000014, 35.8247216 ] } },
{ "type": "Feature", "properties": { "name": "Wilders Grove", "type": "Park / Tree Shade", "category": "Outdoor Shade", "cooling_capacity": "Moderate", "latitude": 35.80493985, "longitude": -78.566897730328407 }, "geometry": { "type": "Point", "coordinates": [ -78.566897730328407, 35.80493985 ] } },
{ "type": "Feature", "properties": { "name": "JC Raulston Arboretum", "type": "Park / Tree Shade", "category": "Outdoor Shade", "cooling_capacity": "Moderate", "latitude": 35.79397465, "longitude": -78.69867981331187 }, "geometry": { "type": "Point", "coordinates": [ -78.69867981331187, 35.79397465 ] } },
{ "type": "Feature", "properties": { "name": "Governor Scott Courtyard", "type": "Park / Tree Shade", "category": "Outdoor Shade", "cooling_capacity": "Moderate", "latitude": 35.78772175, "longitude": -78.673153584875436 }, "geometry": { "type": "Point", "coordinates": [ -78.673153584875436, 35.78772175 ] } },
{ "type": "Feature", "properties": { "name": "Tri-Towers Common Area", "type": "Park / Tree Shade", "category": "Outdoor Shade", "cooling_capacity": "Moderate", "latitude": 35.78493625, "longitude": -78.673469550478728 }, "geometry": { "type": "Point", "coordinates": [ -78.673469550478728, 35.78493625 ] } },
{ "type": "Feature", "properties": { "name": "Renaissance Park Olympia", "type": "Park / Tree Shade", "category": "Outdoor Shade", "cooling_capacity": "Moderate", "latitude": 35.73734215, "longitude": -78.660858381986515 }, "geometry": { "type": "Point", "coordinates": [ -78.660858381986515, 35.73734215 ] } },
{ "type": "Feature", "properties": { "name": "Renaissance Park", "type": "Park / Tree Shade", "category": "Outdoor Shade", "cooling_capacity": "Moderate", "latitude": 35.7345446, "longitude": -78.655332820633362 }, "geometry": { "type": "Point", "coordinates": [ -78.655332820633362, 35.7345446 ] } },
{ "type": "Feature", "properties": { "name": "Unnamed Raleigh Cooling Asset", "type": "Public Pool / Aquatic", "category": "Outdoor Cooling", "cooling_capacity": "Medium", "latitude": 35.8964523, "longitude": -78.799927845058249 }, "geometry": { "type": "Point", "coordinates": [ -78.799927845058249, 35.8964523 ] } },
{ "type": "Feature", "properties": { "name": "Unnamed Raleigh Cooling Asset", "type": "Public Pool / Aquatic", "category": "Outdoor Cooling", "cooling_capacity": "Medium", "latitude": 35.9175493, "longitude": -78.799388416091958 }, "geometry": { "type": "Point", "coordinates": [ -78.799388416091958, 35.9175493 ] } },
{ "type": "Feature", "properties": { "name": "Highland Creek Preserve Lodge", "type": "Community Center", "category": "Indoor A/C Refuge", "cooling_capacity": "High", "latitude": 35.89689405, "longitude": -78.513231233206227 }, "geometry": { "type": "Point", "coordinates": [ -78.513231233206227, 35.89689405 ] } },
{ "type": "Feature", "properties": { "name": "Thornton Dog Park", "type": "Park / Tree Shade", "category": "Outdoor Shade", "cooling_capacity": "Moderate", "latitude": 35.89836945, "longitude": -78.553664401143692 }, "geometry": { "type": "Point", "coordinates": [ -78.553664401143692, 35.89836945 ] } },
{ "type": "Feature", "properties": { "name": "Unnamed Raleigh Cooling Asset", "type": "Public Pool / Aquatic", "category": "Outdoor Cooling", "cooling_capacity": "Medium", "latitude": 35.7644007, "longitude": -78.711405960714274 }, "geometry": { "type": "Point", "coordinates": [ -78.711405960714274, 35.7644007 ] } },
{ "type": "Feature", "properties": { "name": "Lafeyette Village Common Area", "type": "Park / Tree Shade", "category": "Outdoor Shade", "cooling_capacity": "Moderate", "latitude": 35.89470225, "longitude": -78.621808625 }, "geometry": { "type": "Point", "coordinates": [ -78.621808625, 35.89470225 ] } },
{ "type": "Feature", "properties": { "name": "Lifetime Athletic Water Park", "type": "Public Pool / Aquatic", "category": "Outdoor Cooling", "cooling_capacity": "Medium", "latitude": 35.89668085, "longitude": -78.615982106817597 }, "geometry": { "type": "Point", "coordinates": [ -78.615982106817597, 35.89668085 ] } },
{ "type": "Feature", "properties": { "name": "Unnamed Raleigh Cooling Asset", "type": "Public Pool / Aquatic", "category": "Outdoor Cooling", "cooling_capacity": "Medium", "latitude": 35.89663625, "longitude": -78.621071163179067 }, "geometry": { "type": "Point", "coordinates": [ -78.621071163179067, 35.89663625 ] } },
{ "type": "Feature", "properties": { "name": "Unnamed Raleigh Cooling Asset", "type": "Public Pool / Aquatic", "category": "Outdoor Cooling", "cooling_capacity": "Medium", "latitude": 35.89734375, "longitude": -78.619147858333335 }, "geometry": { "type": "Point", "coordinates": [ -78.619147858333335, 35.89734375 ] } },
{ "type": "Feature", "properties": { "name": "Unnamed Raleigh Cooling Asset", "type": "Public Pool / Aquatic", "category": "Outdoor Cooling", "cooling_capacity": "Medium", "latitude": 35.86940705, "longitude": -78.607191093049792 }, "geometry": { "type": "Point", "coordinates": [ -78.607191093049792, 35.86940705 ] } },
{ "type": "Feature", "properties": { "name": "Unnamed Raleigh Cooling Asset", "type": "Public Pool / Aquatic", "category": "Outdoor Cooling", "cooling_capacity": "Medium", "latitude": 35.89246865, "longitude": -78.624352545034242 }, "geometry": { "type": "Point", "coordinates": [ -78.624352545034242, 35.89246865 ] } },
{ "type": "Feature", "properties": { "name": "Unnamed Raleigh Cooling Asset", "type": "Public Pool / Aquatic", "category": "Outdoor Cooling", "cooling_capacity": "Medium", "latitude": 35.8161012, "longitude": -78.563271203458442 }, "geometry": { "type": "Point", "coordinates": [ -78.563271203458442, 35.8161012 ] } },
{ "type": "Feature", "properties": { "name": "Unnamed Raleigh Cooling Asset", "type": "Public Pool / Aquatic", "category": "Outdoor Cooling", "cooling_capacity": "Medium", "latitude": 35.7707514, "longitude": -78.684146699518465 }, "geometry": { "type": "Point", "coordinates": [ -78.684146699518465, 35.7707514 ] } },
{ "type": "Feature", "properties": { "name": "WRAL Azalea Garden", "type": "Park / Tree Shade", "category": "Outdoor Shade", "cooling_capacity": "Moderate", "latitude": 35.77828025, "longitude": -78.674307649242735 }, "geometry": { "type": "Point", "coordinates": [ -78.674307649242735, 35.77828025 ] } },
{ "type": "Feature", "properties": { "name": "Oakboro Park", "type": "Park / Tree Shade", "category": "Outdoor Shade", "cooling_capacity": "Moderate", "latitude": 35.91329235, "longitude": -78.578687194500873 }, "geometry": { "type": "Point", "coordinates": [ -78.578687194500873, 35.91329235 ] } },
{ "type": "Feature", "properties": { "name": "Unnamed Raleigh Cooling Asset", "type": "Public Pool / Aquatic", "category": "Outdoor Cooling", "cooling_capacity": "Medium", "latitude": 35.87125505, "longitude": -78.642241624009884 }, "geometry": { "type": "Point", "coordinates": [ -78.642241624009884, 35.87125505 ] } },
{ "type": "Feature", "properties": { "name": "Unnamed Raleigh Cooling Asset", "type": "Public Pool / Aquatic", "category": "Outdoor Cooling", "cooling_capacity": "Medium", "latitude": 35.8728079, "longitude": -78.6442297 }, "geometry": { "type": "Point", "coordinates": [ -78.6442297, 35.8728079 ] } },
{ "type": "Feature", "properties": { "name": "Unnamed Raleigh Cooling Asset", "type": "Public Pool / Aquatic", "category": "Outdoor Cooling", "cooling_capacity": "Medium", "latitude": 35.9181727, "longitude": -78.774115282944081 }, "geometry": { "type": "Point", "coordinates": [ -78.774115282944081, 35.9181727 ] } },
{ "type": "Feature", "properties": { "name": "Unnamed Raleigh Cooling Asset", "type": "Public Pool / Aquatic", "category": "Outdoor Cooling", "cooling_capacity": "Medium", "latitude": 35.8963996, "longitude": -78.620308903243028 }, "geometry": { "type": "Point", "coordinates": [ -78.620308903243028, 35.8963996 ] } },
{ "type": "Feature", "properties": { "name": "Bailey Park", "type": "Park / Tree Shade", "category": "Outdoor Shade", "cooling_capacity": "Moderate", "latitude": 35.92955965, "longitude": -78.572144894487622 }, "geometry": { "type": "Point", "coordinates": [ -78.572144894487622, 35.92955965 ] } },
{ "type": "Feature", "properties": { "name": "Gardner Arboretum", "type": "Park / Tree Shade", "category": "Outdoor Shade", "cooling_capacity": "Moderate", "latitude": 35.786545, "longitude": -78.668697143481879 }, "geometry": { "type": "Point", "coordinates": [ -78.668697143481879, 35.786545 ] } },
{ "type": "Feature", "properties": { "name": "Mary Yarbrough Court", "type": "Park / Tree Shade", "category": "Outdoor Shade", "cooling_capacity": "Moderate", "latitude": 35.78549165, "longitude": -78.664753493588734 }, "geometry": { "type": "Point", "coordinates": [ -78.664753493588734, 35.78549165 ] } },
{ "type": "Feature", "properties": { "name": "NC State Memorial Bell Tower", "type": "Park / Tree Shade", "category": "Outdoor Shade", "cooling_capacity": "Moderate", "latitude": 35.7861852, "longitude": -78.663462952615077 }, "geometry": { "type": "Point", "coordinates": [ -78.663462952615077, 35.7861852 ] } },
{ "type": "Feature", "properties": { "name": "Parents Park", "type": "Park / Tree Shade", "category": "Outdoor Shade", "cooling_capacity": "Moderate", "latitude": 35.7861583, "longitude": -78.679744145584777 }, "geometry": { "type": "Point", "coordinates": [ -78.679744145584777, 35.7861583 ] } },
{ "type": "Feature", "properties": { "name": "Inside Wade South Pocket Park", "type": "Park / Tree Shade", "category": "Outdoor Shade", "cooling_capacity": "Moderate", "latitude": 35.8085516, "longitude": -78.736129441631377 }, "geometry": { "type": "Point", "coordinates": [ -78.736129441631377, 35.8085516 ] } },
{ "type": "Feature", "properties": { "name": "Inside Wade North Pocket Park", "type": "Park / Tree Shade", "category": "Outdoor Shade", "cooling_capacity": "Moderate", "latitude": 35.810028, "longitude": -78.735977752568189 }, "geometry": { "type": "Point", "coordinates": [ -78.735977752568189, 35.810028 ] } },
{ "type": "Feature", "properties": { "name": "Inside Wade Van Page Park", "type": "Park / Tree Shade", "category": "Outdoor Shade", "cooling_capacity": "Moderate", "latitude": 35.80926215, "longitude": -78.7360543 }, "geometry": { "type": "Point", "coordinates": [ -78.7360543, 35.80926215 ] } },
{ "type": "Feature", "properties": { "name": "Unnamed Raleigh Cooling Asset", "type": "Public Pool / Aquatic", "category": "Outdoor Cooling", "cooling_capacity": "Medium", "latitude": 35.79522725, "longitude": -78.730710114833329 }, "geometry": { "type": "Point", "coordinates": [ -78.730710114833329, 35.79522725 ] } },
{ "type": "Feature", "properties": { "name": "Brighthaven Park", "type": "Park / Tree Shade", "category": "Outdoor Shade", "cooling_capacity": "Moderate", "latitude": 35.9173879, "longitude": -78.564792930468997 }, "geometry": { "type": "Point", "coordinates": [ -78.564792930468997, 35.9173879 ] } },
{ "type": "Feature", "properties": { "name": "Unnamed Raleigh Cooling Asset", "type": "Public Pool / Aquatic", "category": "Outdoor Cooling", "cooling_capacity": "Medium", "latitude": 35.92813075, "longitude": -78.555107528444438 }, "geometry": { "type": "Point", "coordinates": [ -78.555107528444438, 35.92813075 ] } },
{ "type": "Feature", "properties": { "name": "Cedar Hills Lake Park", "type": "Park / Tree Shade", "category": "Outdoor Shade", "cooling_capacity": "Moderate", "latitude": 35.85453045, "longitude": -78.625802905958295 }, "geometry": { "type": "Point", "coordinates": [ -78.625802905958295, 35.85453045 ] } },
{ "type": "Feature", "properties": { "name": "Unnamed Raleigh Cooling Asset", "type": "Public Pool / Aquatic", "category": "Outdoor Cooling", "cooling_capacity": "Medium", "latitude": 35.86381835, "longitude": -78.627386724110252 }, "geometry": { "type": "Point", "coordinates": [ -78.627386724110252, 35.86381835 ] } },
{ "type": "Feature", "properties": { "name": "Pottersville Park", "type": "Park / Tree Shade", "category": "Outdoor Shade", "cooling_capacity": "Moderate", "latitude": 35.92766865, "longitude": -78.562657963654658 }, "geometry": { "type": "Point", "coordinates": [ -78.562657963654658, 35.92766865 ] } },
{ "type": "Feature", "properties": { "name": "Unnamed Raleigh Cooling Asset", "type": "Park / Tree Shade", "category": "Outdoor Shade", "cooling_capacity": "Moderate", "latitude": 35.79225875, "longitude": -78.731410872664696 }, "geometry": { "type": "Point", "coordinates": [ -78.731410872664696, 35.79225875 ] } },
{ "type": "Feature", "properties": { "name": "Edison Apartment Courtyard & Dog Park", "type": "Park / Tree Shade", "category": "Outdoor Shade", "cooling_capacity": "Moderate", "latitude": 35.77575585, "longitude": -78.637200757905546 }, "geometry": { "type": "Point", "coordinates": [ -78.637200757905546, 35.77575585 ] } },
{ "type": "Feature", "properties": { "name": "Red Hat Outdoor Terrace & Park", "type": "Park / Tree Shade", "category": "Outdoor Shade", "cooling_capacity": "Moderate", "latitude": 35.7753192, "longitude": -78.637517443054847 }, "geometry": { "type": "Point", "coordinates": [ -78.637517443054847, 35.7753192 ] } },
{ "type": "Feature", "properties": { "name": "Roofdeck Park", "type": "Park / Tree Shade", "category": "Outdoor Shade", "cooling_capacity": "Moderate", "latitude": 35.77608835, "longitude": -78.638605897972781 }, "geometry": { "type": "Point", "coordinates": [ -78.638605897972781, 35.77608835 ] } },
{ "type": "Feature", "properties": { "name": "Unnamed Raleigh Cooling Asset", "type": "Public Pool / Aquatic", "category": "Outdoor Cooling", "cooling_capacity": "Medium", "latitude": 35.776561, "longitude": -78.639034620518771 }, "geometry": { "type": "Point", "coordinates": [ -78.639034620518771, 35.776561 ] } },
{ "type": "Feature", "properties": { "name": "Lake Lynn Park", "type": "Park / Tree Shade", "category": "Outdoor Shade", "cooling_capacity": "Moderate", "latitude": 35.8726238, "longitude": -78.696916905707042 }, "geometry": { "type": "Point", "coordinates": [ -78.696916905707042, 35.8726238 ] } },
{ "type": "Feature", "properties": { "name": "Lake Lynn Park", "type": "Park / Tree Shade", "category": "Outdoor Shade", "cooling_capacity": "Moderate", "latitude": 35.88790155, "longitude": -78.69851913948483 }, "geometry": { "type": "Point", "coordinates": [ -78.69851913948483, 35.88790155 ] } },
{ "type": "Feature", "properties": { "name": "Stafford Commons", "type": "Park / Tree Shade", "category": "Outdoor Shade", "cooling_capacity": "Moderate", "latitude": 35.78469575, "longitude": -78.671095960227262 }, "geometry": { "type": "Point", "coordinates": [ -78.671095960227262, 35.78469575 ] } },
{ "type": "Feature", "properties": { "name": "Brier Creek Park", "type": "Park / Tree Shade", "category": "Outdoor Shade", "cooling_capacity": "Moderate", "latitude": 35.9005157, "longitude": -78.806751565282411 }, "geometry": { "type": "Point", "coordinates": [ -78.806751565282411, 35.9005157 ] } },
{ "type": "Feature", "properties": { "name": "Shelley Lake Park", "type": "Park / Tree Shade", "category": "Outdoor Shade", "cooling_capacity": "Moderate", "latitude": 35.86226445, "longitude": -78.659253354847692 }, "geometry": { "type": "Point", "coordinates": [ -78.659253354847692, 35.86226445 ] } },
{ "type": "Feature", "properties": { "name": "Arlington Hills Greenway", "type": "Park / Tree Shade", "category": "Outdoor Shade", "cooling_capacity": "Moderate", "latitude": 35.85942765, "longitude": -78.668383095117662 }, "geometry": { "type": "Point", "coordinates": [ -78.668383095117662, 35.85942765 ] } },
{ "type": "Feature", "properties": { "name": "Neuse River Greenway", "type": "Park / Tree Shade", "category": "Outdoor Shade", "cooling_capacity": "Moderate", "latitude": 35.90563915, "longitude": -78.541593567088569 }, "geometry": { "type": "Point", "coordinates": [ -78.541593567088569, 35.90563915 ] } },
{ "type": "Feature", "properties": { "name": "Neuse River Greenway", "type": "Park / Tree Shade", "category": "Outdoor Shade", "cooling_capacity": "Moderate", "latitude": 35.90901965, "longitude": -78.556498116338901 }, "geometry": { "type": "Point", "coordinates": [ -78.556498116338901, 35.90901965 ] } },
{ "type": "Feature", "properties": { "name": "Neuse River Greenway", "type": "Park / Tree Shade", "category": "Outdoor Shade", "cooling_capacity": "Moderate", "latitude": 35.93695505, "longitude": -78.575733492506885 }, "geometry": { "type": "Point", "coordinates": [ -78.575733492506885, 35.93695505 ] } },
{ "type": "Feature", "properties": { "name": "Neuse River Greenway", "type": "Park / Tree Shade", "category": "Outdoor Shade", "cooling_capacity": "Moderate", "latitude": 35.9361145, "longitude": -78.558137760704824 }, "geometry": { "type": "Point", "coordinates": [ -78.558137760704824, 35.9361145 ] } },
{ "type": "Feature", "properties": { "name": "Neuse River Greenway", "type": "Park / Tree Shade", "category": "Outdoor Shade", "cooling_capacity": "Moderate", "latitude": 35.9378582, "longitude": -78.572575626012338 }, "geometry": { "type": "Point", "coordinates": [ -78.572575626012338, 35.9378582 ] } },
{ "type": "Feature", "properties": { "name": "Sawmill Trail Greenway", "type": "Park / Tree Shade", "category": "Outdoor Shade", "cooling_capacity": "Moderate", "latitude": 35.87522395, "longitude": -78.659235850281206 }, "geometry": { "type": "Point", "coordinates": [ -78.659235850281206, 35.87522395 ] } },
{ "type": "Feature", "properties": { "name": "Sawmill Trail Greenway", "type": "Park / Tree Shade", "category": "Outdoor Shade", "cooling_capacity": "Moderate", "latitude": 35.8855214, "longitude": -78.653162393889602 }, "geometry": { "type": "Point", "coordinates": [ -78.653162393889602, 35.8855214 ] } },
{ "type": "Feature", "properties": { "name": "Sawmill Trail Greenway", "type": "Park / Tree Shade", "category": "Outdoor Shade", "cooling_capacity": "Moderate", "latitude": 35.8751287, "longitude": -78.656180861783668 }, "geometry": { "type": "Point", "coordinates": [ -78.656180861783668, 35.8751287 ] } },
{ "type": "Feature", "properties": { "name": "Bent Creek Trail Greenway", "type": "Park / Tree Shade", "category": "Outdoor Shade", "cooling_capacity": "Moderate", "latitude": 35.86702375, "longitude": -78.652724527985669 }, "geometry": { "type": "Point", "coordinates": [ -78.652724527985669, 35.86702375 ] } },
{ "type": "Feature", "properties": { "name": "Crabtree Valley Trail", "type": "Park / Tree Shade", "category": "Outdoor Shade", "cooling_capacity": "Moderate", "latitude": 35.84197955, "longitude": -78.68454841802459 }, "geometry": { "type": "Point", "coordinates": [ -78.68454841802459, 35.84197955 ] } },
{ "type": "Feature", "properties": { "name": "Crabtree Valley Trail", "type": "Park / Tree Shade", "category": "Outdoor Shade", "cooling_capacity": "Moderate", "latitude": 35.8373758, "longitude": -78.674282509487014 }, "geometry": { "type": "Point", "coordinates": [ -78.674282509487014, 35.8373758 ] } },
{ "type": "Feature", "properties": { "name": "Crabtree Valley Trail", "type": "Park / Tree Shade", "category": "Outdoor Shade", "cooling_capacity": "Moderate", "latitude": 35.83886295, "longitude": -78.680528755308586 }, "geometry": { "type": "Point", "coordinates": [ -78.680528755308586, 35.83886295 ] } },
{ "type": "Feature", "properties": { "name": "Crabtree Valley Trail", "type": "Park / Tree Shade", "category": "Outdoor Shade", "cooling_capacity": "Moderate", "latitude": 35.8381741, "longitude": -78.672868765192476 }, "geometry": { "type": "Point", "coordinates": [ -78.672868765192476, 35.8381741 ] } },
{ "type": "Feature", "properties": { "name": "Crabtree Valley Trail", "type": "Park / Tree Shade", "category": "Outdoor Shade", "cooling_capacity": "Moderate", "latitude": 35.8430066, "longitude": -78.662123795759811 }, "geometry": { "type": "Point", "coordinates": [ -78.662123795759811, 35.8430066 ] } },
{ "type": "Feature", "properties": { "name": "Crabtree Valley Trail", "type": "Park / Tree Shade", "category": "Outdoor Shade", "cooling_capacity": "Moderate", "latitude": 35.8401556, "longitude": -78.663822756055595 }, "geometry": { "type": "Point", "coordinates": [ -78.663822756055595, 35.8401556 ] } },
{ "type": "Feature", "properties": { "name": "Crabtree - Oak Park Greenway", "type": "Park / Tree Shade", "category": "Outdoor Shade", "cooling_capacity": "Moderate", "latitude": 35.84334225000001, "longitude": -78.685221414036263 }, "geometry": { "type": "Point", "coordinates": [ -78.685221414036263, 35.84334225 ] } },
{ "type": "Feature", "properties": { "name": "Meredith College Greenway", "type": "Park / Tree Shade", "category": "Outdoor Shade", "cooling_capacity": "Moderate", "latitude": 35.80574525, "longitude": -78.692463662131829 }, "geometry": { "type": "Point", "coordinates": [ -78.692463662131829, 35.80574525 ] } },
{ "type": "Feature", "properties": { "name": "Meredith College Greenway", "type": "Park / Tree Shade", "category": "Outdoor Shade", "cooling_capacity": "Moderate", "latitude": 35.7983171, "longitude": -78.693376357069965 }, "geometry": { "type": "Point", "coordinates": [ -78.693376357069965, 35.7983171 ] } },
{ "type": "Feature", "properties": { "name": "House Creek Greenway", "type": "Park / Tree Shade", "category": "Outdoor Shade", "cooling_capacity": "Moderate", "latitude": 35.8117325, "longitude": -78.691500249396682 }, "geometry": { "type": "Point", "coordinates": [ -78.691500249396682, 35.8117325 ] } },
{ "type": "Feature", "properties": { "name": "House Creek Greenway", "type": "Park / Tree Shade", "category": "Outdoor Shade", "cooling_capacity": "Moderate", "latitude": 35.8241465, "longitude": -78.684365390359375 }, "geometry": { "type": "Point", "coordinates": [ -78.684365390359375, 35.8241465 ] } },
{ "type": "Feature", "properties": { "name": "House Creek Greenway", "type": "Park / Tree Shade", "category": "Outdoor Shade", "cooling_capacity": "Moderate", "latitude": 35.8153561, "longitude": -78.687554187719314 }, "geometry": { "type": "Point", "coordinates": [ -78.687554187719314, 35.8153561 ] } },
{ "type": "Feature", "properties": { "name": "House Creek Greenway", "type": "Park / Tree Shade", "category": "Outdoor Shade", "cooling_capacity": "Moderate", "latitude": 35.81497725, "longitude": -78.687872824382012 }, "geometry": { "type": "Point", "coordinates": [ -78.687872824382012, 35.81497725 ] } },
{ "type": "Feature", "properties": { "name": "House Creek Greenway", "type": "Park / Tree Shade", "category": "Outdoor Shade", "cooling_capacity": "Moderate", "latitude": 35.81087225, "longitude": -78.691180976257243 }, "geometry": { "type": "Point", "coordinates": [ -78.691180976257243, 35.81087225 ] } },
{ "type": "Feature", "properties": { "name": "House Creek Greenway", "type": "Park / Tree Shade", "category": "Outdoor Shade", "cooling_capacity": "Moderate", "latitude": 35.82106765, "longitude": -78.686325955259605 }, "geometry": { "type": "Point", "coordinates": [ -78.686325955259605, 35.82106765 ] } },
{ "type": "Feature", "properties": { "name": "George F Marshall Memorial Park", "type": "Park / Tree Shade", "category": "Outdoor Shade", "cooling_capacity": "Moderate", "latitude": 35.8322047, "longitude": -78.678125054737251 }, "geometry": { "type": "Point", "coordinates": [ -78.678125054737251, 35.8322047 ] } },
{ "type": "Feature", "properties": { "name": "Lassiter Mill Park", "type": "Park / Tree Shade", "category": "Outdoor Shade", "cooling_capacity": "Moderate", "latitude": 35.82688435, "longitude": -78.650245392681285 }, "geometry": { "type": "Point", "coordinates": [ -78.650245392681285, 35.82688435 ] } },
{ "type": "Feature", "properties": { "name": "Alleghany Trail", "type": "Park / Tree Shade", "category": "Outdoor Shade", "cooling_capacity": "Moderate", "latitude": 35.82981155, "longitude": -78.655245881702157 }, "geometry": { "type": "Point", "coordinates": [ -78.655245881702157, 35.82981155 ] } },
{ "type": "Feature", "properties": { "name": "Middle Crabtree Creek Trail", "type": "Park / Tree Shade", "category": "Outdoor Shade", "cooling_capacity": "Moderate", "latitude": 35.8115894, "longitude": -78.611604426135273 }, "geometry": { "type": "Point", "coordinates": [ -78.611604426135273, 35.8115894 ] } },
{ "type": "Feature", "properties": { "name": "Middle Crabtree Creek Trail", "type": "Park / Tree Shade", "category": "Outdoor Shade", "cooling_capacity": "Moderate", "latitude": 35.81490675, "longitude": -78.623194703064655 }, "geometry": { "type": "Point", "coordinates": [ -78.623194703064655, 35.81490675 ] } },
{ "type": "Feature", "properties": { "name": "Middle Crabtree Creek Trail", "type": "Park / Tree Shade", "category": "Outdoor Shade", "cooling_capacity": "Moderate", "latitude": 35.8135018, "longitude": -78.61692678523157 }, "geometry": { "type": "Point", "coordinates": [ -78.61692678523157, 35.8135018 ] } },
{ "type": "Feature", "properties": { "name": "Middle Crabtree Creek Trail", "type": "Park / Tree Shade", "category": "Outdoor Shade", "cooling_capacity": "Moderate", "latitude": 35.813508, "longitude": -78.618821372047037 }, "geometry": { "type": "Point", "coordinates": [ -78.618821372047037, 35.813508 ] } },
{ "type": "Feature", "properties": { "name": "Middle Crabtree Creek Trail", "type": "Park / Tree Shade", "category": "Outdoor Shade", "cooling_capacity": "Moderate", "latitude": 35.81379495, "longitude": -78.618732143555548 }, "geometry": { "type": "Point", "coordinates": [ -78.618732143555548, 35.81379495 ] } },
{ "type": "Feature", "properties": { "name": "Middle Crabtree Creek Trail", "type": "Park / Tree Shade", "category": "Outdoor Shade", "cooling_capacity": "Moderate", "latitude": 35.8144667, "longitude": -78.621090066002353 }, "geometry": { "type": "Point", "coordinates": [ -78.621090066002353, 35.8144667 ] } },
{ "type": "Feature", "properties": { "name": "Middle Crabtree Creek Trail", "type": "Park / Tree Shade", "category": "Outdoor Shade", "cooling_capacity": "Moderate", "latitude": 35.81613425, "longitude": -78.626695692980888 }, "geometry": { "type": "Point", "coordinates": [ -78.626695692980888, 35.81613425 ] } },
{ "type": "Feature", "properties": { "name": "Crabtree Creek Trail", "type": "Park / Tree Shade", "category": "Outdoor Shade", "cooling_capacity": "Moderate", "latitude": 35.7971472, "longitude": -78.592110644569161 }, "geometry": { "type": "Point", "coordinates": [ -78.592110644569161, 35.7971472 ] } },
{ "type": "Feature", "properties": { "name": "Crabtree Creek Trail", "type": "Park / Tree Shade", "category": "Outdoor Shade", "cooling_capacity": "Moderate", "latitude": 35.7859924, "longitude": -78.577329802562133 }, "geometry": { "type": "Point", "coordinates": [ -78.577329802562133, 35.7859924 ] } },
{ "type": "Feature", "properties": { "name": "Crabtree Creek Trail", "type": "Park / Tree Shade", "category": "Outdoor Shade", "cooling_capacity": "Moderate", "latitude": 35.77155105, "longitude": -78.546947567006697 }, "geometry": { "type": "Point", "coordinates": [ -78.546947567006697, 35.77155105 ] } },
{ "type": "Feature", "properties": { "name": "Crabtree Creek Trail", "type": "Park / Tree Shade", "category": "Outdoor Shade", "cooling_capacity": "Moderate", "latitude": 35.77978415, "longitude": -78.550035226810508 }, "geometry": { "type": "Point", "coordinates": [ -78.550035226810508, 35.77978415 ] } },
{ "type": "Feature", "properties": { "name": "Historic Oakview", "type": "Park / Tree Shade", "category": "Outdoor Shade", "cooling_capacity": "Moderate", "latitude": 35.7704989, "longitude": -78.572020716518466 }, "geometry": { "type": "Point", "coordinates": [ -78.572020716518466, 35.7704989 ] } },
{ "type": "Feature", "properties": { "name": "Harris Creek Greenway", "type": "Park / Tree Shade", "category": "Outdoor Shade", "cooling_capacity": "Moderate", "latitude": 35.85552175, "longitude": -78.527131182612266 }, "geometry": { "type": "Point", "coordinates": [ -78.527131182612266, 35.85552175 ] } },
{ "type": "Feature", "properties": { "name": "Neuse River Greenway", "type": "Park / Tree Shade", "category": "Outdoor Shade", "cooling_capacity": "Moderate", "latitude": 35.88148145, "longitude": -78.541519872226303 }, "geometry": { "type": "Point", "coordinates": [ -78.541519872226303, 35.88148145 ] } },
{ "type": "Feature", "properties": { "name": "Neuse River Greenway", "type": "Park / Tree Shade", "category": "Outdoor Shade", "cooling_capacity": "Moderate", "latitude": 35.7967859, "longitude": -78.542186780057165 }, "geometry": { "type": "Point", "coordinates": [ -78.542186780057165, 35.7967859 ] } },
{ "type": "Feature", "properties": { "name": "Neuse River Greenway", "type": "Park / Tree Shade", "category": "Outdoor Shade", "cooling_capacity": "Moderate", "latitude": 35.7943636, "longitude": -78.541431407366886 }, "geometry": { "type": "Point", "coordinates": [ -78.541431407366886, 35.7943636 ] } },
{ "type": "Feature", "properties": { "name": "Neuse River Trail", "type": "Park / Tree Shade", "category": "Outdoor Shade", "cooling_capacity": "Moderate", "latitude": 35.8107012, "longitude": -78.534372870575254 }, "geometry": { "type": "Point", "coordinates": [ -78.534372870575254, 35.8107012 ] } },
{ "type": "Feature", "properties": { "name": "Hymettus Woods Park", "type": "Park / Tree Shade", "category": "Outdoor Shade", "cooling_capacity": "Moderate", "latitude": 35.801829, "longitude": -78.676756246253859 }, "geometry": { "type": "Point", "coordinates": [ -78.676756246253859, 35.801829 ] } },
{ "type": "Feature", "properties": { "name": "Unnamed Raleigh Cooling Asset", "type": "Park / Tree Shade", "category": "Outdoor Shade", "cooling_capacity": "Moderate", "latitude": 35.7962491, "longitude": -78.663010832153105 }, "geometry": { "type": "Point", "coordinates": [ -78.663010832153105, 35.7962491 ] } },
{ "type": "Feature", "properties": { "name": "Gipson Play Plaza", "type": "Park / Tree Shade", "category": "Outdoor Shade", "cooling_capacity": "Moderate", "latitude": 35.76665705, "longitude": -78.653914429411287 }, "geometry": { "type": "Point", "coordinates": [ -78.653914429411287, 35.76665705 ] } },
{ "type": "Feature", "properties": { "name": "Pullen Community Center", "type": "Community Center", "category": "Indoor A/C Refuge", "cooling_capacity": "High", "latitude": 35.78065805, "longitude": -78.660872616144616 }, "geometry": { "type": "Point", "coordinates": [ -78.660872616144616, 35.78065805 ] } },
{ "type": "Feature", "properties": { "name": "Pullen Park", "type": "Park / Tree Shade", "category": "Outdoor Shade", "cooling_capacity": "Moderate", "latitude": 35.7821253, "longitude": -78.663551009294878 }, "geometry": { "type": "Point", "coordinates": [ -78.663551009294878, 35.7821253 ] } },
{ "type": "Feature", "properties": { "name": "Unnamed Raleigh Cooling Asset", "type": "Public Pool / Aquatic", "category": "Outdoor Cooling", "cooling_capacity": "Medium", "latitude": 35.89718755, "longitude": -78.578522869855306 }, "geometry": { "type": "Point", "coordinates": [ -78.578522869855306, 35.89718755 ] } },
{ "type": "Feature", "properties": { "name": "Bumper Boats", "type": "Public Pool / Aquatic", "category": "Outdoor Cooling", "cooling_capacity": "Medium", "latitude": 35.91895335, "longitude": -78.793678233333338 }, "geometry": { "type": "Point", "coordinates": [ -78.793678233333338, 35.91895335 ] } },
{ "type": "Feature", "properties": { "name": "Western Boulevard Presbyterian Church Playground", "type": "Park / Tree Shade", "category": "Outdoor Shade", "cooling_capacity": "Moderate", "latitude": 35.77773445, "longitude": -78.703695499549895 }, "geometry": { "type": "Point", "coordinates": [ -78.703695499549895, 35.77773445 ] } },
{ "type": "Feature", "properties": { "name": "Unnamed Raleigh Cooling Asset", "type": "Park / Tree Shade", "category": "Outdoor Shade", "cooling_capacity": "Moderate", "latitude": 35.76988195, "longitude": -78.677251116580806 }, "geometry": { "type": "Point", "coordinates": [ -78.677251116580806, 35.76988195 ] } },
{ "type": "Feature", "properties": { "name": "Unnamed Raleigh Cooling Asset", "type": "Park / Tree Shade", "category": "Outdoor Shade", "cooling_capacity": "Moderate", "latitude": 35.76867525, "longitude": -78.676023472412695 }, "geometry": { "type": "Point", "coordinates": [ -78.676023472412695, 35.76867525 ] } },
{ "type": "Feature", "properties": { "name": "Venture Courtyard", "type": "Park / Tree Shade", "category": "Outdoor Shade", "cooling_capacity": "Moderate", "latitude": 35.77228255, "longitude": -78.677743183401105 }, "geometry": { "type": "Point", "coordinates": [ -78.677743183401105, 35.77228255 ] } },
{ "type": "Feature", "properties": { "name": "Unnamed Raleigh Cooling Asset", "type": "Park / Tree Shade", "category": "Outdoor Shade", "cooling_capacity": "Moderate", "latitude": 35.774137, "longitude": -78.675205500079386 }, "geometry": { "type": "Point", "coordinates": [ -78.675205500079386, 35.774137 ] } },
{ "type": "Feature", "properties": { "name": "Lake Raleigh Picnic Area", "type": "Park / Tree Shade", "category": "Outdoor Shade", "cooling_capacity": "Moderate", "latitude": 35.76832135, "longitude": -78.678457472812497 }, "geometry": { "type": "Point", "coordinates": [ -78.678457472812497, 35.76832135 ] } },
{ "type": "Feature", "properties": { "name": "Textiles Courtyard", "type": "Park / Tree Shade", "category": "Outdoor Shade", "cooling_capacity": "Moderate", "latitude": 35.77010445, "longitude": -78.678947027143209 }, "geometry": { "type": "Point", "coordinates": [ -78.678947027143209, 35.77010445 ] } },
{ "type": "Feature", "properties": { "name": "Wendy Ridge Park", "type": "Park / Tree Shade", "category": "Outdoor Shade", "cooling_capacity": "Moderate", "latitude": 35.7794564, "longitude": -78.706779250911154 }, "geometry": { "type": "Point", "coordinates": [ -78.706779250911154, 35.7794564 ] } },
{ "type": "Feature", "properties": { "name": "Idolbrook Park", "type": "Park / Tree Shade", "category": "Outdoor Shade", "cooling_capacity": "Moderate", "latitude": 35.87841405, "longitude": -78.648602436103346 }, "geometry": { "type": "Point", "coordinates": [ -78.648602436103346, 35.87841405 ] } },
{ "type": "Feature", "properties": { "name": "Water Tower Neighborhood Park", "type": "Park / Tree Shade", "category": "Outdoor Shade", "cooling_capacity": "Moderate", "latitude": 35.91868665, "longitude": -78.7440880783642 }, "geometry": { "type": "Point", "coordinates": [ -78.7440880783642, 35.91868665 ] } },
{ "type": "Feature", "properties": { "name": "Unnamed Raleigh Cooling Asset", "type": "Public Pool / Aquatic", "category": "Outdoor Cooling", "cooling_capacity": "Medium", "latitude": 35.8992205, "longitude": -78.810759161145597 }, "geometry": { "type": "Point", "coordinates": [ -78.810759161145597, 35.8992205 ] } },
{ "type": "Feature", "properties": { "name": "Unnamed Raleigh Cooling Asset", "type": "Public Pool / Aquatic", "category": "Outdoor Cooling", "cooling_capacity": "Medium", "latitude": 35.8985424, "longitude": -78.793733773513509 }, "geometry": { "type": "Point", "coordinates": [ -78.793733773513509, 35.8985424 ] } },
{ "type": "Feature", "properties": { "name": "Unnamed Raleigh Cooling Asset", "type": "Park / Tree Shade", "category": "Outdoor Shade", "cooling_capacity": "Moderate", "latitude": 35.7923167, "longitude": -78.637053785067309 }, "geometry": { "type": "Point", "coordinates": [ -78.637053785067309, 35.7923167 ] } },
{ "type": "Feature", "properties": { "name": "Unnamed Raleigh Cooling Asset", "type": "Public Pool / Aquatic", "category": "Outdoor Cooling", "cooling_capacity": "Medium", "latitude": 35.9056863, "longitude": -78.70130591224833 }, "geometry": { "type": "Point", "coordinates": [ -78.70130591224833, 35.9056863 ] } },
{ "type": "Feature", "properties": { "name": "Unnamed Raleigh Cooling Asset", "type": "Public Pool / Aquatic", "category": "Outdoor Cooling", "cooling_capacity": "Medium", "latitude": 35.784332, "longitude": -78.719212465624992 }, "geometry": { "type": "Point", "coordinates": [ -78.719212465624992, 35.784332 ] } },
{ "type": "Feature", "properties": { "name": "Unnamed Raleigh Cooling Asset", "type": "Park / Tree Shade", "category": "Outdoor Shade", "cooling_capacity": "Moderate", "latitude": 35.89462325, "longitude": -78.622463701824614 }, "geometry": { "type": "Point", "coordinates": [ -78.622463701824614, 35.89462325 ] } },
{ "type": "Feature", "properties": { "name": "Unnamed Raleigh Cooling Asset", "type": "Public Pool / Aquatic", "category": "Outdoor Cooling", "cooling_capacity": "Medium", "latitude": 35.867952, "longitude": -78.639581364909844 }, "geometry": { "type": "Point", "coordinates": [ -78.639581364909844, 35.867952 ] } },
{ "type": "Feature", "properties": { "name": "Sunscape Dog park", "type": "Park / Tree Shade", "category": "Outdoor Shade", "cooling_capacity": "Moderate", "latitude": 35.86696815000001, "longitude": -78.707251349830344 }, "geometry": { "type": "Point", "coordinates": [ -78.707251349830344, 35.86696815 ] } },
{ "type": "Feature", "properties": { "name": "Sunbeam Park", "type": "Park / Tree Shade", "category": "Outdoor Shade", "cooling_capacity": "Moderate", "latitude": 35.8659783, "longitude": -78.705251681710379 }, "geometry": { "type": "Point", "coordinates": [ -78.705251681710379, 35.8659783 ] } },
{ "type": "Feature", "properties": { "name": "Unnamed Raleigh Cooling Asset", "type": "Public Pool / Aquatic", "category": "Outdoor Cooling", "cooling_capacity": "Medium", "latitude": 35.8996167, "longitude": -78.553168387599996 }, "geometry": { "type": "Point", "coordinates": [ -78.553168387599996, 35.8996167 ] } },
{ "type": "Feature", "properties": { "name": "Unnamed Raleigh Cooling Asset", "type": "Public Pool / Aquatic", "category": "Outdoor Cooling", "cooling_capacity": "Medium", "latitude": 35.89674825, "longitude": -78.5511507 }, "geometry": { "type": "Point", "coordinates": [ -78.5511507, 35.89674825 ] } },
{ "type": "Feature", "properties": { "name": "Unnamed Raleigh Cooling Asset", "type": "Public Pool / Aquatic", "category": "Outdoor Cooling", "cooling_capacity": "Medium", "latitude": 35.8605152, "longitude": -78.601251198436188 }, "geometry": { "type": "Point", "coordinates": [ -78.601251198436188, 35.8605152 ] } },
{ "type": "Feature", "properties": { "name": "Unnamed Raleigh Cooling Asset", "type": "Public Pool / Aquatic", "category": "Outdoor Cooling", "cooling_capacity": "Medium", "latitude": 35.7813197, "longitude": -78.744377270731704 }, "geometry": { "type": "Point", "coordinates": [ -78.744377270731704, 35.7813197 ] } },
{ "type": "Feature", "properties": { "name": "Unnamed Raleigh Cooling Asset", "type": "Public Pool / Aquatic", "category": "Outdoor Cooling", "cooling_capacity": "Medium", "latitude": 35.87758325, "longitude": -78.596600134060083 }, "geometry": { "type": "Point", "coordinates": [ -78.596600134060083, 35.87758325 ] } },
{ "type": "Feature", "properties": { "name": "Longview Pool", "type": "Public Pool / Aquatic", "category": "Outdoor Cooling", "cooling_capacity": "Medium", "latitude": 35.7863046, "longitude": -78.608446373789604 }, "geometry": { "type": "Point", "coordinates": [ -78.608446373789604, 35.7863046 ] } },
{ "type": "Feature", "properties": { "name": "Unnamed Raleigh Cooling Asset", "type": "Public Pool / Aquatic", "category": "Outdoor Cooling", "cooling_capacity": "Medium", "latitude": 35.9137247, "longitude": -78.593270024182772 }, "geometry": { "type": "Point", "coordinates": [ -78.593270024182772, 35.9137247 ] } },
{ "type": "Feature", "properties": { "name": "The Avenues Pool", "type": "Public Pool / Aquatic", "category": "Outdoor Cooling", "cooling_capacity": "Medium", "latitude": 35.8163325, "longitude": -78.611417766402113 }, "geometry": { "type": "Point", "coordinates": [ -78.611417766402113, 35.8163325 ] } },
{ "type": "Feature", "properties": { "name": "Unnamed Raleigh Cooling Asset", "type": "Public Pool / Aquatic", "category": "Outdoor Cooling", "cooling_capacity": "Medium", "latitude": 35.81908835, "longitude": -78.612536706036451 }, "geometry": { "type": "Point", "coordinates": [ -78.612536706036451, 35.81908835 ] } },
{ "type": "Feature", "properties": { "name": "Unnamed Raleigh Cooling Asset", "type": "Public Pool / Aquatic", "category": "Outdoor Cooling", "cooling_capacity": "Medium", "latitude": 35.7741429, "longitude": -78.683199400967041 }, "geometry": { "type": "Point", "coordinates": [ -78.683199400967041, 35.7741429 ] } },
{ "type": "Feature", "properties": { "name": "Halifax Community Center", "type": "Community Center", "category": "Indoor A/C Refuge", "cooling_capacity": "High", "latitude": 35.7937034, "longitude": -78.63883608968429 }, "geometry": { "type": "Point", "coordinates": [ -78.63883608968429, 35.7937034 ] } },
{ "type": "Feature", "properties": { "name": "Unnamed Raleigh Cooling Asset", "type": "Public Pool / Aquatic", "category": "Outdoor Cooling", "cooling_capacity": "Medium", "latitude": 35.87001545, "longitude": -78.624662695775953 }, "geometry": { "type": "Point", "coordinates": [ -78.624662695775953, 35.87001545 ] } },
{ "type": "Feature", "properties": { "name": "Unnamed Raleigh Cooling Asset", "type": "Public Pool / Aquatic", "category": "Outdoor Cooling", "cooling_capacity": "Medium", "latitude": 35.92766945, "longitude": -78.750109277672763 }, "geometry": { "type": "Point", "coordinates": [ -78.750109277672763, 35.92766945 ] } },
{ "type": "Feature", "properties": { "name": "Marsh Creek Community Center", "type": "Community Center", "category": "Indoor A/C Refuge", "cooling_capacity": "High", "latitude": 35.8244079, "longitude": -78.564183465573294 }, "geometry": { "type": "Point", "coordinates": [ -78.564183465573294, 35.8244079 ] } },
{ "type": "Feature", "properties": { "name": "Unnamed Raleigh Cooling Asset", "type": "Public Pool / Aquatic", "category": "Outdoor Cooling", "cooling_capacity": "Medium", "latitude": 35.77591835, "longitude": -78.637852739693443 }, "geometry": { "type": "Point", "coordinates": [ -78.637852739693443, 35.77591835 ] } },
{ "type": "Feature", "properties": { "name": "Unnamed Raleigh Cooling Asset", "type": "Public Pool / Aquatic", "category": "Outdoor Cooling", "cooling_capacity": "Medium", "latitude": 35.80013005, "longitude": -78.549283553989369 }, "geometry": { "type": "Point", "coordinates": [ -78.549283553989369, 35.80013005 ] } },
{ "type": "Feature", "properties": { "name": "Dunberry Park", "type": "Park / Tree Shade", "category": "Outdoor Shade", "cooling_capacity": "Moderate", "latitude": 35.91272995, "longitude": -78.582788248555076 }, "geometry": { "type": "Point", "coordinates": [ -78.582788248555076, 35.91272995 ] } },
{ "type": "Feature", "properties": { "name": "Leesville Community Library", "type": "Public Library", "category": "Indoor A/C Refuge", "cooling_capacity": "High", "latitude": 35.88538495, "longitude": -78.715200675431532 }, "geometry": { "type": "Point", "coordinates": [ -78.715200675431532, 35.88538495 ] } },
{ "type": "Feature", "properties": { "name": "286 Property", "type": "Park / Tree Shade", "category": "Outdoor Shade", "cooling_capacity": "Moderate", "latitude": 35.8479808, "longitude": -78.780771646651147 }, "geometry": { "type": "Point", "coordinates": [ -78.780771646651147, 35.8479808 ] } },
{ "type": "Feature", "properties": { "name": "Unnamed Raleigh Cooling Asset", "type": "Public Pool / Aquatic", "category": "Outdoor Cooling", "cooling_capacity": "Medium", "latitude": 35.8979266, "longitude": -78.631788430525077 }, "geometry": { "type": "Point", "coordinates": [ -78.631788430525077, 35.8979266 ] } },
{ "type": "Feature", "properties": { "name": "Unnamed Raleigh Cooling Asset", "type": "Public Pool / Aquatic", "category": "Outdoor Cooling", "cooling_capacity": "Medium", "latitude": 35.9149443, "longitude": -78.747894929857495 }, "geometry": { "type": "Point", "coordinates": [ -78.747894929857495, 35.9149443 ] } },
{ "type": "Feature", "properties": { "name": "Unnamed Raleigh Cooling Asset", "type": "Public Pool / Aquatic", "category": "Outdoor Cooling", "cooling_capacity": "Medium", "latitude": 35.91182785, "longitude": -78.742531125461795 }, "geometry": { "type": "Point", "coordinates": [ -78.742531125461795, 35.91182785 ] } },
{ "type": "Feature", "properties": { "name": "Unnamed Raleigh Cooling Asset", "type": "Public Pool / Aquatic", "category": "Outdoor Cooling", "cooling_capacity": "Medium", "latitude": 35.9185284, "longitude": -78.735905747492353 }, "geometry": { "type": "Point", "coordinates": [ -78.735905747492353, 35.9185284 ] } },
{ "type": "Feature", "properties": { "name": "Unnamed Raleigh Cooling Asset", "type": "Public Pool / Aquatic", "category": "Outdoor Cooling", "cooling_capacity": "Medium", "latitude": 35.8892104, "longitude": -78.742018200240011 }, "geometry": { "type": "Point", "coordinates": [ -78.742018200240011, 35.8892104 ] } },
{ "type": "Feature", "properties": { "name": "Unnamed Raleigh Cooling Asset", "type": "Public Pool / Aquatic", "category": "Outdoor Cooling", "cooling_capacity": "Medium", "latitude": 35.89250295, "longitude": -78.553582214203686 }, "geometry": { "type": "Point", "coordinates": [ -78.553582214203686, 35.89250295 ] } },
{ "type": "Feature", "properties": { "name": "Unnamed Raleigh Cooling Asset", "type": "Public Pool / Aquatic", "category": "Outdoor Cooling", "cooling_capacity": "Medium", "latitude": 35.8975839, "longitude": -78.589501901178451 }, "geometry": { "type": "Point", "coordinates": [ -78.589501901178451, 35.8975839 ] } },
{ "type": "Feature", "properties": { "name": "Unnamed Raleigh Cooling Asset", "type": "Public Pool / Aquatic", "category": "Outdoor Cooling", "cooling_capacity": "Medium", "latitude": 35.86676855, "longitude": -78.514947209644191 }, "geometry": { "type": "Point", "coordinates": [ -78.514947209644191, 35.86676855 ] } },
{ "type": "Feature", "properties": { "name": "Unnamed Raleigh Cooling Asset", "type": "Public Pool / Aquatic", "category": "Outdoor Cooling", "cooling_capacity": "Medium", "latitude": 35.841937, "longitude": -78.675030376771161 }, "geometry": { "type": "Point", "coordinates": [ -78.675030376771161, 35.841937 ] } },
{ "type": "Feature", "properties": { "name": "Unnamed Raleigh Cooling Asset", "type": "Public Pool / Aquatic", "category": "Outdoor Cooling", "cooling_capacity": "Medium", "latitude": 35.8407842, "longitude": -78.507032427662907 }, "geometry": { "type": "Point", "coordinates": [ -78.507032427662907, 35.8407842 ] } },
{ "type": "Feature", "properties": { "name": "Unnamed Raleigh Cooling Asset", "type": "Public Pool / Aquatic", "category": "Outdoor Cooling", "cooling_capacity": "Medium", "latitude": 35.78592815, "longitude": -78.729504727850383 }, "geometry": { "type": "Point", "coordinates": [ -78.729504727850383, 35.78592815 ] } },
{ "type": "Feature", "properties": { "name": "Unnamed Raleigh Cooling Asset", "type": "Public Pool / Aquatic", "category": "Outdoor Cooling", "cooling_capacity": "Medium", "latitude": 35.78512835, "longitude": -78.732438183190425 }, "geometry": { "type": "Point", "coordinates": [ -78.732438183190425, 35.78512835 ] } },
{ "type": "Feature", "properties": { "name": "Unnamed Raleigh Cooling Asset", "type": "Public Pool / Aquatic", "category": "Outdoor Cooling", "cooling_capacity": "Medium", "latitude": 35.76050035, "longitude": -78.693219217027519 }, "geometry": { "type": "Point", "coordinates": [ -78.693219217027519, 35.76050035 ] } },
{ "type": "Feature", "properties": { "name": "Unnamed Raleigh Cooling Asset", "type": "Public Pool / Aquatic", "category": "Outdoor Cooling", "cooling_capacity": "Medium", "latitude": 35.76293015, "longitude": -78.693615300060131 }, "geometry": { "type": "Point", "coordinates": [ -78.693615300060131, 35.76293015 ] } },
{ "type": "Feature", "properties": { "name": "Unnamed Raleigh Cooling Asset", "type": "Public Pool / Aquatic", "category": "Outdoor Cooling", "cooling_capacity": "Medium", "latitude": 35.76447375, "longitude": -78.678290669029792 }, "geometry": { "type": "Point", "coordinates": [ -78.678290669029792, 35.76447375 ] } },
{ "type": "Feature", "properties": { "name": "Unnamed Raleigh Cooling Asset", "type": "Public Pool / Aquatic", "category": "Outdoor Cooling", "cooling_capacity": "Medium", "latitude": 35.89364255, "longitude": -78.638226470681161 }, "geometry": { "type": "Point", "coordinates": [ -78.638226470681161, 35.89364255 ] } },
{ "type": "Feature", "properties": { "name": "Unnamed Raleigh Cooling Asset", "type": "Public Pool / Aquatic", "category": "Outdoor Cooling", "cooling_capacity": "Medium", "latitude": 35.86948425, "longitude": -78.5886218212963 }, "geometry": { "type": "Point", "coordinates": [ -78.5886218212963, 35.86948425 ] } },
{ "type": "Feature", "properties": { "name": "Unnamed Raleigh Cooling Asset", "type": "Public Pool / Aquatic", "category": "Outdoor Cooling", "cooling_capacity": "Medium", "latitude": 35.7647862, "longitude": -78.673978927551019 }, "geometry": { "type": "Point", "coordinates": [ -78.673978927551019, 35.7647862 ] } },
{ "type": "Feature", "properties": { "name": "Unnamed Raleigh Cooling Asset", "type": "Public Pool / Aquatic", "category": "Outdoor Cooling", "cooling_capacity": "Medium", "latitude": 35.9478432, "longitude": -78.548750761444154 }, "geometry": { "type": "Point", "coordinates": [ -78.548750761444154, 35.9478432 ] } },
{ "type": "Feature", "properties": { "name": "Northeast Regional Library", "type": "Public Library", "category": "Indoor A/C Refuge", "cooling_capacity": "High", "latitude": 35.9543945, "longitude": -78.54370783464654 }, "geometry": { "type": "Point", "coordinates": [ -78.54370783464654, 35.9543945 ] } },
{ "type": "Feature", "properties": { "name": "Unnamed Raleigh Cooling Asset", "type": "Public Pool / Aquatic", "category": "Outdoor Cooling", "cooling_capacity": "Medium", "latitude": 35.9059919, "longitude": -78.555148817204042 }, "geometry": { "type": "Point", "coordinates": [ -78.555148817204042, 35.9059919 ] } },
{ "type": "Feature", "properties": { "name": "Unnamed Raleigh Cooling Asset", "type": "Public Pool / Aquatic", "category": "Outdoor Cooling", "cooling_capacity": "Medium", "latitude": 35.89962305, "longitude": -78.55314875550755 }, "geometry": { "type": "Point", "coordinates": [ -78.55314875550755, 35.89962305 ] } },
{ "type": "Feature", "properties": { "name": "Unnamed Raleigh Cooling Asset", "type": "Public Pool / Aquatic", "category": "Outdoor Cooling", "cooling_capacity": "Medium", "latitude": 35.86543995, "longitude": -78.612039367911422 }, "geometry": { "type": "Point", "coordinates": [ -78.612039367911422, 35.86543995 ] } },
{ "type": "Feature", "properties": { "name": "Unnamed Raleigh Cooling Asset", "type": "Public Pool / Aquatic", "category": "Outdoor Cooling", "cooling_capacity": "Medium", "latitude": 35.85432945, "longitude": -78.607967069709019 }, "geometry": { "type": "Point", "coordinates": [ -78.607967069709019, 35.85432945 ] } },
{ "type": "Feature", "properties": { "name": "Unnamed Raleigh Cooling Asset", "type": "Public Pool / Aquatic", "category": "Outdoor Cooling", "cooling_capacity": "Medium", "latitude": 35.86090645, "longitude": -78.624967485966806 }, "geometry": { "type": "Point", "coordinates": [ -78.624967485966806, 35.86090645 ] } },
{ "type": "Feature", "properties": { "name": "Unnamed Raleigh Cooling Asset", "type": "Public Pool / Aquatic", "category": "Outdoor Cooling", "cooling_capacity": "Medium", "latitude": 35.86068315, "longitude": -78.624846360201786 }, "geometry": { "type": "Point", "coordinates": [ -78.624846360201786, 35.86068315 ] } },
{ "type": "Feature", "properties": { "name": "Unnamed Raleigh Cooling Asset", "type": "Public Pool / Aquatic", "category": "Outdoor Cooling", "cooling_capacity": "Medium", "latitude": 35.86273795, "longitude": -78.651747211614179 }, "geometry": { "type": "Point", "coordinates": [ -78.651747211614179, 35.86273795 ] } },
{ "type": "Feature", "properties": { "name": "Unnamed Raleigh Cooling Asset", "type": "Public Pool / Aquatic", "category": "Outdoor Cooling", "cooling_capacity": "Medium", "latitude": 35.87122415, "longitude": -78.648800893955581 }, "geometry": { "type": "Point", "coordinates": [ -78.648800893955581, 35.87122415 ] } },
{ "type": "Feature", "properties": { "name": "Unnamed Raleigh Cooling Asset", "type": "Public Pool / Aquatic", "category": "Outdoor Cooling", "cooling_capacity": "Medium", "latitude": 35.88696695, "longitude": -78.676816967924523 }, "geometry": { "type": "Point", "coordinates": [ -78.676816967924523, 35.88696695 ] } },
{ "type": "Feature", "properties": { "name": "Unnamed Raleigh Cooling Asset", "type": "Public Pool / Aquatic", "category": "Outdoor Cooling", "cooling_capacity": "Medium", "latitude": 35.8850413, "longitude": -78.675385306479853 }, "geometry": { "type": "Point", "coordinates": [ -78.675385306479853, 35.8850413 ] } },
{ "type": "Feature", "properties": { "name": "Unnamed Raleigh Cooling Asset", "type": "Public Pool / Aquatic", "category": "Outdoor Cooling", "cooling_capacity": "Medium", "latitude": 35.8909006, "longitude": -78.548891645272292 }, "geometry": { "type": "Point", "coordinates": [ -78.548891645272292, 35.8909006 ] } },
{ "type": "Feature", "properties": { "name": "Unnamed Raleigh Cooling Asset", "type": "Public Pool / Aquatic", "category": "Outdoor Cooling", "cooling_capacity": "Medium", "latitude": 35.89219235, "longitude": -78.549161108851351 }, "geometry": { "type": "Point", "coordinates": [ -78.549161108851351, 35.89219235 ] } },
{ "type": "Feature", "properties": { "name": "Unnamed Raleigh Cooling Asset", "type": "Public Pool / Aquatic", "category": "Outdoor Cooling", "cooling_capacity": "Medium", "latitude": 35.89669455, "longitude": -78.55116513996748 }, "geometry": { "type": "Point", "coordinates": [ -78.55116513996748, 35.89669455 ] } },
{ "type": "Feature", "properties": { "name": "Unnamed Raleigh Cooling Asset", "type": "Public Pool / Aquatic", "category": "Outdoor Cooling", "cooling_capacity": "Medium", "latitude": 35.8876505, "longitude": -78.646601161070109 }, "geometry": { "type": "Point", "coordinates": [ -78.646601161070109, 35.8876505 ] } },
{ "type": "Feature", "properties": { "name": "Unnamed Raleigh Cooling Asset", "type": "Public Pool / Aquatic", "category": "Outdoor Cooling", "cooling_capacity": "Medium", "latitude": 35.84671735, "longitude": -78.673024228194748 }, "geometry": { "type": "Point", "coordinates": [ -78.673024228194748, 35.84671735 ] } },
{ "type": "Feature", "properties": { "name": "Unnamed Raleigh Cooling Asset", "type": "Public Pool / Aquatic", "category": "Outdoor Cooling", "cooling_capacity": "Medium", "latitude": 35.84567375, "longitude": -78.675475909657877 }, "geometry": { "type": "Point", "coordinates": [ -78.675475909657877, 35.84567375 ] } },
{ "type": "Feature", "properties": { "name": "Unnamed Raleigh Cooling Asset", "type": "Public Pool / Aquatic", "category": "Outdoor Cooling", "cooling_capacity": "Medium", "latitude": 35.84590145, "longitude": -78.67547641582351 }, "geometry": { "type": "Point", "coordinates": [ -78.67547641582351, 35.84590145 ] } },
{ "type": "Feature", "properties": { "name": "Unnamed Raleigh Cooling Asset", "type": "Public Pool / Aquatic", "category": "Outdoor Cooling", "cooling_capacity": "Medium", "latitude": 35.838682, "longitude": -78.596788742923195 }, "geometry": { "type": "Point", "coordinates": [ -78.596788742923195, 35.838682 ] } },
{ "type": "Feature", "properties": { "name": "Unnamed Raleigh Cooling Asset", "type": "Public Pool / Aquatic", "category": "Outdoor Cooling", "cooling_capacity": "Medium", "latitude": 35.8376586, "longitude": -78.598759135897438 }, "geometry": { "type": "Point", "coordinates": [ -78.598759135897438, 35.8376586 ] } },
{ "type": "Feature", "properties": { "name": "Unnamed Raleigh Cooling Asset", "type": "Public Pool / Aquatic", "category": "Outdoor Cooling", "cooling_capacity": "Medium", "latitude": 35.8051435, "longitude": -78.593771007526144 }, "geometry": { "type": "Point", "coordinates": [ -78.593771007526144, 35.8051435 ] } },
{ "type": "Feature", "properties": { "name": "Unnamed Raleigh Cooling Asset", "type": "Public Pool / Aquatic", "category": "Outdoor Cooling", "cooling_capacity": "Medium", "latitude": 35.81715325, "longitude": -78.583094866061629 }, "geometry": { "type": "Point", "coordinates": [ -78.583094866061629, 35.81715325 ] } },
{ "type": "Feature", "properties": { "name": "Unnamed Raleigh Cooling Asset", "type": "Public Pool / Aquatic", "category": "Outdoor Cooling", "cooling_capacity": "Medium", "latitude": 35.84591435, "longitude": -78.569367456609328 }, "geometry": { "type": "Point", "coordinates": [ -78.569367456609328, 35.84591435 ] } },
{ "type": "Feature", "properties": { "name": "Unnamed Raleigh Cooling Asset", "type": "Public Pool / Aquatic", "category": "Outdoor Cooling", "cooling_capacity": "Medium", "latitude": 35.84516295, "longitude": -78.572653918431797 }, "geometry": { "type": "Point", "coordinates": [ -78.572653918431797, 35.84516295 ] } },
{ "type": "Feature", "properties": { "name": "Unnamed Raleigh Cooling Asset", "type": "Public Pool / Aquatic", "category": "Outdoor Cooling", "cooling_capacity": "Medium", "latitude": 35.83248865, "longitude": -78.55962233540734 }, "geometry": { "type": "Point", "coordinates": [ -78.55962233540734, 35.83248865 ] } },
{ "type": "Feature", "properties": { "name": "Unnamed Raleigh Cooling Asset", "type": "Public Pool / Aquatic", "category": "Outdoor Cooling", "cooling_capacity": "Medium", "latitude": 35.82107585, "longitude": -78.567887202988345 }, "geometry": { "type": "Point", "coordinates": [ -78.567887202988345, 35.82107585 ] } },
{ "type": "Feature", "properties": { "name": "Unnamed Raleigh Cooling Asset", "type": "Park / Tree Shade", "category": "Outdoor Shade", "cooling_capacity": "Moderate", "latitude": 35.74928625, "longitude": -78.725986065629229 }, "geometry": { "type": "Point", "coordinates": [ -78.725986065629229, 35.74928625 ] } },
{ "type": "Feature", "properties": { "name": "Unnamed Raleigh Cooling Asset", "type": "Park / Tree Shade", "category": "Outdoor Shade", "cooling_capacity": "Moderate", "latitude": 35.74926815000001, "longitude": -78.726502228394409 }, "geometry": { "type": "Point", "coordinates": [ -78.726502228394409, 35.74926815 ] } },
{ "type": "Feature", "properties": { "name": "Unnamed Raleigh Cooling Asset", "type": "Public Pool / Aquatic", "category": "Outdoor Cooling", "cooling_capacity": "Medium", "latitude": 35.81828605, "longitude": -78.610093013351474 }, "geometry": { "type": "Point", "coordinates": [ -78.610093013351474, 35.81828605 ] } },
{ "type": "Feature", "properties": { "name": "Unnamed Raleigh Cooling Asset", "type": "Public Pool / Aquatic", "category": "Outdoor Cooling", "cooling_capacity": "Medium", "latitude": 35.8162123, "longitude": -78.6140916009997 }, "geometry": { "type": "Point", "coordinates": [ -78.6140916009997, 35.8162123 ] } },
{ "type": "Feature", "properties": { "name": "Unnamed Raleigh Cooling Asset", "type": "Public Pool / Aquatic", "category": "Outdoor Cooling", "cooling_capacity": "Medium", "latitude": 35.8173801, "longitude": -78.659250637447059 }, "geometry": { "type": "Point", "coordinates": [ -78.659250637447059, 35.8173801 ] } },
{ "type": "Feature", "properties": { "name": "Mary Belle Pate Park", "type": "Park / Tree Shade", "category": "Outdoor Shade", "cooling_capacity": "Moderate", "latitude": 35.75199645, "longitude": -78.680060883921428 }, "geometry": { "type": "Point", "coordinates": [ -78.680060883921428, 35.75199645 ] } },
{ "type": "Feature", "properties": { "name": "Unnamed Raleigh Cooling Asset", "type": "Public Pool / Aquatic", "category": "Outdoor Cooling", "cooling_capacity": "Medium", "latitude": 35.76054335, "longitude": -78.654418247855233 }, "geometry": { "type": "Point", "coordinates": [ -78.654418247855233, 35.76054335 ] } },
{ "type": "Feature", "properties": { "name": "Unnamed Raleigh Cooling Asset", "type": "Public Pool / Aquatic", "category": "Outdoor Cooling", "cooling_capacity": "Medium", "latitude": 35.74485215, "longitude": -78.593686871537329 }, "geometry": { "type": "Point", "coordinates": [ -78.593686871537329, 35.74485215 ] } },
{ "type": "Feature", "properties": { "name": "Unnamed Raleigh Cooling Asset", "type": "Public Pool / Aquatic", "category": "Outdoor Cooling", "cooling_capacity": "Medium", "latitude": 35.74966085, "longitude": -78.566150619186033 }, "geometry": { "type": "Point", "coordinates": [ -78.566150619186033, 35.74966085 ] } },
{ "type": "Feature", "properties": { "name": "Unnamed Raleigh Cooling Asset", "type": "Public Pool / Aquatic", "category": "Outdoor Cooling", "cooling_capacity": "Medium", "latitude": 35.7500387, "longitude": -78.684967441891899 }, "geometry": { "type": "Point", "coordinates": [ -78.684967441891899, 35.7500387 ] } },
{ "type": "Feature", "properties": { "name": "Unnamed Raleigh Cooling Asset", "type": "Public Pool / Aquatic", "category": "Outdoor Cooling", "cooling_capacity": "Medium", "latitude": 35.77665455, "longitude": -78.637349375532864 }, "geometry": { "type": "Point", "coordinates": [ -78.637349375532864, 35.77665455 ] } },
{ "type": "Feature", "properties": { "name": "Unnamed Raleigh Cooling Asset", "type": "Public Pool / Aquatic", "category": "Outdoor Cooling", "cooling_capacity": "Medium", "latitude": 35.86462365, "longitude": -78.587982050548248 }, "geometry": { "type": "Point", "coordinates": [ -78.587982050548248, 35.86462365 ] } },
{ "type": "Feature", "properties": { "name": "Unnamed Raleigh Cooling Asset", "type": "Public Pool / Aquatic", "category": "Outdoor Cooling", "cooling_capacity": "Medium", "latitude": 35.7512694, "longitude": -78.692674318832061 }, "geometry": { "type": "Point", "coordinates": [ -78.692674318832061, 35.7512694 ] } },
{ "type": "Feature", "properties": { "name": "Unnamed Raleigh Cooling Asset", "type": "Public Pool / Aquatic", "category": "Outdoor Cooling", "cooling_capacity": "Medium", "latitude": 35.766931, "longitude": -78.716016027160578 }, "geometry": { "type": "Point", "coordinates": [ -78.716016027160578, 35.766931 ] } },
{ "type": "Feature", "properties": { "name": "Unnamed Raleigh Cooling Asset", "type": "Public Pool / Aquatic", "category": "Outdoor Cooling", "cooling_capacity": "Medium", "latitude": 35.7994957, "longitude": -78.710941337434207 }, "geometry": { "type": "Point", "coordinates": [ -78.710941337434207, 35.7994957 ] } },
{ "type": "Feature", "properties": { "name": "Unnamed Raleigh Cooling Asset", "type": "Public Pool / Aquatic", "category": "Outdoor Cooling", "cooling_capacity": "Medium", "latitude": 35.79795435, "longitude": -78.735697641704263 }, "geometry": { "type": "Point", "coordinates": [ -78.735697641704263, 35.79795435 ] } },
{ "type": "Feature", "properties": { "name": "Unnamed Raleigh Cooling Asset", "type": "Public Pool / Aquatic", "category": "Outdoor Cooling", "cooling_capacity": "Medium", "latitude": 35.83615055, "longitude": -78.715150367661522 }, "geometry": { "type": "Point", "coordinates": [ -78.715150367661522, 35.83615055 ] } },
{ "type": "Feature", "properties": { "name": "Unnamed Raleigh Cooling Asset", "type": "Public Pool / Aquatic", "category": "Outdoor Cooling", "cooling_capacity": "Medium", "latitude": 35.8345873, "longitude": -78.713292470821742 }, "geometry": { "type": "Point", "coordinates": [ -78.713292470821742, 35.8345873 ] } },
{ "type": "Feature", "properties": { "name": "Unnamed Raleigh Cooling Asset", "type": "Public Pool / Aquatic", "category": "Outdoor Cooling", "cooling_capacity": "Medium", "latitude": 35.8946085, "longitude": -78.739816979679006 }, "geometry": { "type": "Point", "coordinates": [ -78.739816979679006, 35.8946085 ] } },
{ "type": "Feature", "properties": { "name": "Mordecai Historic Park", "type": "Park / Tree Shade", "category": "Outdoor Shade", "cooling_capacity": "Moderate", "latitude": 35.7933647, "longitude": -78.632450348726607 }, "geometry": { "type": "Point", "coordinates": [ -78.632450348726607, 35.7933647 ] } },
{ "type": "Feature", "properties": { "name": "Unnamed Raleigh Cooling Asset", "type": "Public Pool / Aquatic", "category": "Outdoor Cooling", "cooling_capacity": "Medium", "latitude": 35.9109771, "longitude": -78.774878415302638 }, "geometry": { "type": "Point", "coordinates": [ -78.774878415302638, 35.9109771 ] } },
{ "type": "Feature", "properties": { "name": "Unnamed Raleigh Cooling Asset", "type": "Public Pool / Aquatic", "category": "Outdoor Cooling", "cooling_capacity": "Medium", "latitude": 35.7448891, "longitude": -78.628066343934037 }, "geometry": { "type": "Point", "coordinates": [ -78.628066343934037, 35.7448891 ] } },
{ "type": "Feature", "properties": { "name": "Unnamed Raleigh Cooling Asset", "type": "Public Pool / Aquatic", "category": "Outdoor Cooling", "cooling_capacity": "Medium", "latitude": 35.7835203, "longitude": -78.64552481594913 }, "geometry": { "type": "Point", "coordinates": [ -78.64552481594913, 35.7835203 ] } },
{ "type": "Feature", "properties": { "name": "Unnamed Raleigh Cooling Asset", "type": "Public Pool / Aquatic", "category": "Outdoor Cooling", "cooling_capacity": "Medium", "latitude": 35.81048075, "longitude": -78.634981266033677 }, "geometry": { "type": "Point", "coordinates": [ -78.634981266033677, 35.81048075 ] } },
{ "type": "Feature", "properties": { "name": "Unnamed Raleigh Cooling Asset", "type": "Public Pool / Aquatic", "category": "Outdoor Cooling", "cooling_capacity": "Medium", "latitude": 35.90105015, "longitude": -78.598661817746347 }, "geometry": { "type": "Point", "coordinates": [ -78.598661817746347, 35.90105015 ] } },
{ "type": "Feature", "properties": { "name": "Wakefield Glen Apartment Complex Pool", "type": "Public Pool / Aquatic", "category": "Outdoor Cooling", "cooling_capacity": "Medium", "latitude": 35.96561435, "longitude": -78.560434421744475 }, "geometry": { "type": "Point", "coordinates": [ -78.560434421744475, 35.96561435 ] } },
{ "type": "Feature", "properties": { "name": "Unnamed Raleigh Cooling Asset", "type": "Public Pool / Aquatic", "category": "Outdoor Cooling", "cooling_capacity": "Medium", "latitude": 35.8343787, "longitude": -78.681319750247525 }, "geometry": { "type": "Point", "coordinates": [ -78.681319750247525, 35.8343787 ] } },
{ "type": "Feature", "properties": { "name": "Unnamed Raleigh Cooling Asset", "type": "Public Pool / Aquatic", "category": "Outdoor Cooling", "cooling_capacity": "Medium", "latitude": 35.76054415, "longitude": -78.614961364919481 }, "geometry": { "type": "Point", "coordinates": [ -78.614961364919481, 35.76054415 ] } },
{ "type": "Feature", "properties": { "name": "Unnamed Raleigh Cooling Asset", "type": "Public Pool / Aquatic", "category": "Outdoor Cooling", "cooling_capacity": "Medium", "latitude": 35.76069305, "longitude": -78.614741880663942 }, "geometry": { "type": "Point", "coordinates": [ -78.614741880663942, 35.76069305 ] } },
{ "type": "Feature", "properties": { "name": "Unnamed Raleigh Cooling Asset", "type": "Park / Tree Shade", "category": "Outdoor Shade", "cooling_capacity": "Moderate", "latitude": 35.77480685, "longitude": -78.631211784111443 }, "geometry": { "type": "Point", "coordinates": [ -78.631211784111443, 35.77480685 ] } },
{ "type": "Feature", "properties": { "name": "McIver Amphitheater", "type": "Park / Tree Shade", "category": "Outdoor Shade", "cooling_capacity": "Moderate", "latitude": 35.79692505, "longitude": -78.687363291260112 }, "geometry": { "type": "Point", "coordinates": [ -78.687363291260112, 35.79692505 ] } },
{ "type": "Feature", "properties": { "name": "Spangler Garden", "type": "Park / Tree Shade", "category": "Outdoor Shade", "cooling_capacity": "Moderate", "latitude": 35.7969193, "longitude": -78.68916179822422 }, "geometry": { "type": "Point", "coordinates": [ -78.68916179822422, 35.7969193 ] } },
{ "type": "Feature", "properties": { "name": "The Greens Dog Park", "type": "Park / Tree Shade", "category": "Outdoor Shade", "cooling_capacity": "Moderate", "latitude": 35.7659076, "longitude": -78.672856540105556 }, "geometry": { "type": "Point", "coordinates": [ -78.672856540105556, 35.7659076 ] } },
{ "type": "Feature", "properties": { "name": "Unnamed Raleigh Cooling Asset", "type": "Public Pool / Aquatic", "category": "Outdoor Cooling", "cooling_capacity": "Medium", "latitude": 35.7626639, "longitude": -78.701561792288956 }, "geometry": { "type": "Point", "coordinates": [ -78.701561792288956, 35.7626639 ] } },
{ "type": "Feature", "properties": { "name": "Unnamed Raleigh Cooling Asset", "type": "Public Pool / Aquatic", "category": "Outdoor Cooling", "cooling_capacity": "Medium", "latitude": 35.7651187, "longitude": -78.701792645103097 }, "geometry": { "type": "Point", "coordinates": [ -78.701792645103097, 35.7651187 ] } },
{ "type": "Feature", "properties": { "name": "Unnamed Raleigh Cooling Asset", "type": "Public Pool / Aquatic", "category": "Outdoor Cooling", "cooling_capacity": "Medium", "latitude": 35.7629972, "longitude": -78.699119740697682 }, "geometry": { "type": "Point", "coordinates": [ -78.699119740697682, 35.7629972 ] } },
{ "type": "Feature", "properties": { "name": "Unnamed Raleigh Cooling Asset", "type": "Public Pool / Aquatic", "category": "Outdoor Cooling", "cooling_capacity": "Medium", "latitude": 35.8675724, "longitude": -78.624490737200006 }, "geometry": { "type": "Point", "coordinates": [ -78.624490737200006, 35.8675724 ] } },
{ "type": "Feature", "properties": { "name": "Unnamed Raleigh Cooling Asset", "type": "Public Pool / Aquatic", "category": "Outdoor Cooling", "cooling_capacity": "Medium", "latitude": 35.845811, "longitude": -78.61125199291908 }, "geometry": { "type": "Point", "coordinates": [ -78.61125199291908, 35.845811 ] } },
{ "type": "Feature", "properties": { "name": "Unnamed Raleigh Cooling Asset", "type": "Public Pool / Aquatic", "category": "Outdoor Cooling", "cooling_capacity": "Medium", "latitude": 35.8961839, "longitude": -78.804717681875474 }, "geometry": { "type": "Point", "coordinates": [ -78.804717681875474, 35.8961839 ] } },
{ "type": "Feature", "properties": { "name": "Unnamed Raleigh Cooling Asset", "type": "Public Pool / Aquatic", "category": "Outdoor Cooling", "cooling_capacity": "Medium", "latitude": 35.898274, "longitude": -78.657611777077264 }, "geometry": { "type": "Point", "coordinates": [ -78.657611777077264, 35.898274 ] } },
{ "type": "Feature", "properties": { "name": "Summerton Park", "type": "Park / Tree Shade", "category": "Outdoor Shade", "cooling_capacity": "Moderate", "latitude": 35.91429585, "longitude": -78.585215841706599 }, "geometry": { "type": "Point", "coordinates": [ -78.585215841706599, 35.91429585 ] } },
{ "type": "Feature", "properties": { "name": "Unnamed Raleigh Cooling Asset", "type": "Park / Tree Shade", "category": "Outdoor Shade", "cooling_capacity": "Moderate", "latitude": 35.91747875, "longitude": -78.570398004724211 }, "geometry": { "type": "Point", "coordinates": [ -78.570398004724211, 35.91747875 ] } },
{ "type": "Feature", "properties": { "name": "Cokesbury Park", "type": "Park / Tree Shade", "category": "Outdoor Shade", "cooling_capacity": "Moderate", "latitude": 35.918209, "longitude": -78.570500542073177 }, "geometry": { "type": "Point", "coordinates": [ -78.570500542073177, 35.918209 ] } },
{ "type": "Feature", "properties": { "name": "Unnamed Raleigh Cooling Asset", "type": "Public Pool / Aquatic", "category": "Outdoor Cooling", "cooling_capacity": "Medium", "latitude": 35.8758035, "longitude": -78.691830733379703 }, "geometry": { "type": "Point", "coordinates": [ -78.691830733379703, 35.8758035 ] } },
{ "type": "Feature", "properties": { "name": "Unnamed Raleigh Cooling Asset", "type": "Public Pool / Aquatic", "category": "Outdoor Cooling", "cooling_capacity": "Medium", "latitude": 35.81044325000001, "longitude": -78.731888253272061 }, "geometry": { "type": "Point", "coordinates": [ -78.731888253272061, 35.81044325 ] } },
{ "type": "Feature", "properties": { "name": "Unnamed Raleigh Cooling Asset", "type": "Public Pool / Aquatic", "category": "Outdoor Cooling", "cooling_capacity": "Medium", "latitude": 35.82864925, "longitude": -78.621768949999989 }, "geometry": { "type": "Point", "coordinates": [ -78.621768949999989, 35.82864925 ] } },
{ "type": "Feature", "properties": { "name": "Unnamed Raleigh Cooling Asset", "type": "Public Pool / Aquatic", "category": "Outdoor Cooling", "cooling_capacity": "Medium", "latitude": 35.72584695, "longitude": -78.648214664645536 }, "geometry": { "type": "Point", "coordinates": [ -78.648214664645536, 35.72584695 ] } },
{ "type": "Feature", "properties": { "name": "Unnamed Raleigh Cooling Asset", "type": "Public Pool / Aquatic", "category": "Outdoor Cooling", "cooling_capacity": "Medium", "latitude": 35.86080735, "longitude": -78.563419526597869 }, "geometry": { "type": "Point", "coordinates": [ -78.563419526597869, 35.86080735 ] } },
{ "type": "Feature", "properties": { "name": "Unnamed Raleigh Cooling Asset", "type": "Public Pool / Aquatic", "category": "Outdoor Cooling", "cooling_capacity": "Medium", "latitude": 35.86156675, "longitude": -78.568786302057163 }, "geometry": { "type": "Point", "coordinates": [ -78.568786302057163, 35.86156675 ] } },
{ "type": "Feature", "properties": { "name": "Unnamed Raleigh Cooling Asset", "type": "Public Pool / Aquatic", "category": "Outdoor Cooling", "cooling_capacity": "Medium", "latitude": 35.84510475, "longitude": -78.589397931537405 }, "geometry": { "type": "Point", "coordinates": [ -78.589397931537405, 35.84510475 ] } },
{ "type": "Feature", "properties": { "name": "Unnamed Raleigh Cooling Asset", "type": "Public Pool / Aquatic", "category": "Outdoor Cooling", "cooling_capacity": "Medium", "latitude": 35.85463645, "longitude": -78.604699825000012 }, "geometry": { "type": "Point", "coordinates": [ -78.604699825000012, 35.85463645 ] } },
{ "type": "Feature", "properties": { "name": "Unnamed Raleigh Cooling Asset", "type": "Public Pool / Aquatic", "category": "Outdoor Cooling", "cooling_capacity": "Medium", "latitude": 35.8569615, "longitude": -78.604900309217868 }, "geometry": { "type": "Point", "coordinates": [ -78.604900309217868, 35.8569615 ] } },
{ "type": "Feature", "properties": { "name": "Unnamed Raleigh Cooling Asset", "type": "Public Pool / Aquatic", "category": "Outdoor Cooling", "cooling_capacity": "Medium", "latitude": 35.85707955, "longitude": -78.600979949053624 }, "geometry": { "type": "Point", "coordinates": [ -78.600979949053624, 35.85707955 ] } },
{ "type": "Feature", "properties": { "name": "Unnamed Raleigh Cooling Asset", "type": "Public Pool / Aquatic", "category": "Outdoor Cooling", "cooling_capacity": "Medium", "latitude": 35.85944505, "longitude": -78.599869524725335 }, "geometry": { "type": "Point", "coordinates": [ -78.599869524725335, 35.85944505 ] } },
{ "type": "Feature", "properties": { "name": "Unnamed Raleigh Cooling Asset", "type": "Public Pool / Aquatic", "category": "Outdoor Cooling", "cooling_capacity": "Medium", "latitude": 35.87557765, "longitude": -78.58556879837289 }, "geometry": { "type": "Point", "coordinates": [ -78.58556879837289, 35.87557765 ] } },
{ "type": "Feature", "properties": { "name": "Unnamed Raleigh Cooling Asset", "type": "Public Pool / Aquatic", "category": "Outdoor Cooling", "cooling_capacity": "Medium", "latitude": 35.89541665, "longitude": -78.61356955819835 }, "geometry": { "type": "Point", "coordinates": [ -78.61356955819835, 35.89541665 ] } },
{ "type": "Feature", "properties": { "name": "Unnamed Raleigh Cooling Asset", "type": "Public Pool / Aquatic", "category": "Outdoor Cooling", "cooling_capacity": "Medium", "latitude": 35.89666585, "longitude": -78.616012131349706 }, "geometry": { "type": "Point", "coordinates": [ -78.616012131349706, 35.89666585 ] } },
{ "type": "Feature", "properties": { "name": "Unnamed Raleigh Cooling Asset", "type": "Public Pool / Aquatic", "category": "Outdoor Cooling", "cooling_capacity": "Medium", "latitude": 35.8777844, "longitude": -78.623138475062063 }, "geometry": { "type": "Point", "coordinates": [ -78.623138475062063, 35.8777844 ] } },
{ "type": "Feature", "properties": { "name": "Unnamed Raleigh Cooling Asset", "type": "Public Pool / Aquatic", "category": "Outdoor Cooling", "cooling_capacity": "Medium", "latitude": 35.8611173, "longitude": -78.618066896098071 }, "geometry": { "type": "Point", "coordinates": [ -78.618066896098071, 35.8611173 ] } },
{ "type": "Feature", "properties": { "name": "Unnamed Raleigh Cooling Asset", "type": "Public Pool / Aquatic", "category": "Outdoor Cooling", "cooling_capacity": "Medium", "latitude": 35.85159355, "longitude": -78.611684248676468 }, "geometry": { "type": "Point", "coordinates": [ -78.611684248676468, 35.85159355 ] } },
{ "type": "Feature", "properties": { "name": "Unnamed Raleigh Cooling Asset", "type": "Public Pool / Aquatic", "category": "Outdoor Cooling", "cooling_capacity": "Medium", "latitude": 35.8517689, "longitude": -78.611797511652767 }, "geometry": { "type": "Point", "coordinates": [ -78.611797511652767, 35.8517689 ] } },
{ "type": "Feature", "properties": { "name": "Unnamed Raleigh Cooling Asset", "type": "Public Pool / Aquatic", "category": "Outdoor Cooling", "cooling_capacity": "Medium", "latitude": 35.85215275, "longitude": -78.610341063553932 }, "geometry": { "type": "Point", "coordinates": [ -78.610341063553932, 35.85215275 ] } },
{ "type": "Feature", "properties": { "name": "Unnamed Raleigh Cooling Asset", "type": "Public Pool / Aquatic", "category": "Outdoor Cooling", "cooling_capacity": "Medium", "latitude": 35.88620865, "longitude": -78.644298268475751 }, "geometry": { "type": "Point", "coordinates": [ -78.644298268475751, 35.88620865 ] } },
{ "type": "Feature", "properties": { "name": "Unnamed Raleigh Cooling Asset", "type": "Public Pool / Aquatic", "category": "Outdoor Cooling", "cooling_capacity": "Medium", "latitude": 35.87530175000001, "longitude": -78.637014044938994 }, "geometry": { "type": "Point", "coordinates": [ -78.637014044938994, 35.87530175 ] } },
{ "type": "Feature", "properties": { "name": "Unnamed Raleigh Cooling Asset", "type": "Public Pool / Aquatic", "category": "Outdoor Cooling", "cooling_capacity": "Medium", "latitude": 35.8741671, "longitude": -78.640364043712566 }, "geometry": { "type": "Point", "coordinates": [ -78.640364043712566, 35.8741671 ] } },
{ "type": "Feature", "properties": { "name": "Unnamed Raleigh Cooling Asset", "type": "Public Pool / Aquatic", "category": "Outdoor Cooling", "cooling_capacity": "Medium", "latitude": 35.8693975, "longitude": -78.645436675 }, "geometry": { "type": "Point", "coordinates": [ -78.645436675, 35.8693975 ] } },
{ "type": "Feature", "properties": { "name": "Unnamed Raleigh Cooling Asset", "type": "Public Pool / Aquatic", "category": "Outdoor Cooling", "cooling_capacity": "Medium", "latitude": 35.8677976, "longitude": -78.642361079720445 }, "geometry": { "type": "Point", "coordinates": [ -78.642361079720445, 35.8677976 ] } },
{ "type": "Feature", "properties": { "name": "Unnamed Raleigh Cooling Asset", "type": "Public Pool / Aquatic", "category": "Outdoor Cooling", "cooling_capacity": "Medium", "latitude": 35.8664393, "longitude": -78.641383314627348 }, "geometry": { "type": "Point", "coordinates": [ -78.641383314627348, 35.8664393 ] } },
{ "type": "Feature", "properties": { "name": "Unnamed Raleigh Cooling Asset", "type": "Public Pool / Aquatic", "category": "Outdoor Cooling", "cooling_capacity": "Medium", "latitude": 35.87076935, "longitude": -78.645798186237883 }, "geometry": { "type": "Point", "coordinates": [ -78.645798186237883, 35.87076935 ] } },
{ "type": "Feature", "properties": { "name": "Unnamed Raleigh Cooling Asset", "type": "Public Pool / Aquatic", "category": "Outdoor Cooling", "cooling_capacity": "Medium", "latitude": 35.8229231, "longitude": -78.623455669517625 }, "geometry": { "type": "Point", "coordinates": [ -78.623455669517625, 35.8229231 ] } },
{ "type": "Feature", "properties": { "name": "Unnamed Raleigh Cooling Asset", "type": "Public Pool / Aquatic", "category": "Outdoor Cooling", "cooling_capacity": "Medium", "latitude": 35.8243722, "longitude": -78.62432917421053 }, "geometry": { "type": "Point", "coordinates": [ -78.62432917421053, 35.8243722 ] } },
{ "type": "Feature", "properties": { "name": "Unnamed Raleigh Cooling Asset", "type": "Public Pool / Aquatic", "category": "Outdoor Cooling", "cooling_capacity": "Medium", "latitude": 35.81628035, "longitude": -78.591961337366499 }, "geometry": { "type": "Point", "coordinates": [ -78.591961337366499, 35.81628035 ] } },
{ "type": "Feature", "properties": { "name": "Unnamed Raleigh Cooling Asset", "type": "Public Pool / Aquatic", "category": "Outdoor Cooling", "cooling_capacity": "Medium", "latitude": 35.9208559, "longitude": -78.798584420632977 }, "geometry": { "type": "Point", "coordinates": [ -78.798584420632977, 35.9208559 ] } },
{ "type": "Feature", "properties": { "name": "Unnamed Raleigh Cooling Asset", "type": "Public Pool / Aquatic", "category": "Outdoor Cooling", "cooling_capacity": "Medium", "latitude": 35.8971249, "longitude": -78.810344099098614 }, "geometry": { "type": "Point", "coordinates": [ -78.810344099098614, 35.8971249 ] } },
{ "type": "Feature", "properties": { "name": "Unnamed Raleigh Cooling Asset", "type": "Public Pool / Aquatic", "category": "Outdoor Cooling", "cooling_capacity": "Medium", "latitude": 35.76307905, "longitude": -78.72472593639182 }, "geometry": { "type": "Point", "coordinates": [ -78.72472593639182, 35.76307905 ] } },
{ "type": "Feature", "properties": { "name": "Unnamed Raleigh Cooling Asset", "type": "Public Pool / Aquatic", "category": "Outdoor Cooling", "cooling_capacity": "Medium", "latitude": 35.7802124, "longitude": -78.691300609280631 }, "geometry": { "type": "Point", "coordinates": [ -78.691300609280631, 35.7802124 ] } },
{ "type": "Feature", "properties": { "name": "Unnamed Raleigh Cooling Asset", "type": "Public Pool / Aquatic", "category": "Outdoor Cooling", "cooling_capacity": "Medium", "latitude": 35.7825438, "longitude": -78.70512504297821 }, "geometry": { "type": "Point", "coordinates": [ -78.70512504297821, 35.7825438 ] } },
{ "type": "Feature", "properties": { "name": "Unnamed Raleigh Cooling Asset", "type": "Public Pool / Aquatic", "category": "Outdoor Cooling", "cooling_capacity": "Medium", "latitude": 35.8877741, "longitude": -78.660520412295085 }, "geometry": { "type": "Point", "coordinates": [ -78.660520412295085, 35.8877741 ] } },
{ "type": "Feature", "properties": { "name": "Kiwanis Park Community Center", "type": "Community Center", "category": "Indoor A/C Refuge", "cooling_capacity": "High", "latitude": 35.81511295, "longitude": -78.631390075689652 }, "geometry": { "type": "Point", "coordinates": [ -78.631390075689652, 35.81511295 ] } },
{ "type": "Feature", "properties": { "name": "Unnamed Raleigh Cooling Asset", "type": "Public Pool / Aquatic", "category": "Outdoor Cooling", "cooling_capacity": "Medium", "latitude": 35.7837253, "longitude": -78.658195682115846 }, "geometry": { "type": "Point", "coordinates": [ -78.658195682115846, 35.7837253 ] } },
{ "type": "Feature", "properties": { "name": "Unnamed Raleigh Cooling Asset", "type": "Public Pool / Aquatic", "category": "Outdoor Cooling", "cooling_capacity": "Medium", "latitude": 35.86338435, "longitude": -78.541597798026316 }, "geometry": { "type": "Point", "coordinates": [ -78.541597798026316, 35.86338435 ] } },
{ "type": "Feature", "properties": { "name": "Joslin Garden", "type": "Park / Tree Shade", "category": "Outdoor Shade", "cooling_capacity": "Moderate", "latitude": 35.81715985, "longitude": -78.646303344148947 }, "geometry": { "type": "Point", "coordinates": [ -78.646303344148947, 35.81715985 ] } },
{ "type": "Feature", "properties": { "name": "Unnamed Raleigh Cooling Asset", "type": "Public Pool / Aquatic", "category": "Outdoor Cooling", "cooling_capacity": "Medium", "latitude": 35.74556465, "longitude": -78.622144981850113 }, "geometry": { "type": "Point", "coordinates": [ -78.622144981850113, 35.74556465 ] } },
{ "type": "Feature", "properties": { "name": "Unnamed Raleigh Cooling Asset", "type": "Public Pool / Aquatic", "category": "Outdoor Cooling", "cooling_capacity": "Medium", "latitude": 35.7891283, "longitude": -78.677436706772724 }, "geometry": { "type": "Point", "coordinates": [ -78.677436706772724, 35.7891283 ] } },
{ "type": "Feature", "properties": { "name": "Unnamed Raleigh Cooling Asset", "type": "Public Pool / Aquatic", "category": "Outdoor Cooling", "cooling_capacity": "Medium", "latitude": 35.78966565, "longitude": -78.678304595188678 }, "geometry": { "type": "Point", "coordinates": [ -78.678304595188678, 35.78966565 ] } },
{ "type": "Feature", "properties": { "name": "Unnamed Raleigh Cooling Asset", "type": "Public Pool / Aquatic", "category": "Outdoor Cooling", "cooling_capacity": "Medium", "latitude": 35.85364295, "longitude": -78.576921943175066 }, "geometry": { "type": "Point", "coordinates": [ -78.576921943175066, 35.85364295 ] } },
{ "type": "Feature", "properties": { "name": "Unnamed Raleigh Cooling Asset", "type": "Public Pool / Aquatic", "category": "Outdoor Cooling", "cooling_capacity": "Medium", "latitude": 35.8322241, "longitude": -78.664708214049597 }, "geometry": { "type": "Point", "coordinates": [ -78.664708214049597, 35.8322241 ] } },
{ "type": "Feature", "properties": { "name": "Unnamed Raleigh Cooling Asset", "type": "Park / Tree Shade", "category": "Outdoor Shade", "cooling_capacity": "Moderate", "latitude": 35.8629735, "longitude": -78.536877526853203 }, "geometry": { "type": "Point", "coordinates": [ -78.536877526853203, 35.8629735 ] } },
{ "type": "Feature", "properties": { "name": "Unnamed Raleigh Cooling Asset", "type": "Public Pool / Aquatic", "category": "Outdoor Cooling", "cooling_capacity": "Medium", "latitude": 35.86043265, "longitude": -78.536520024319941 }, "geometry": { "type": "Point", "coordinates": [ -78.536520024319941, 35.86043265 ] } },
{ "type": "Feature", "properties": { "name": "Unnamed Raleigh Cooling Asset", "type": "Public Pool / Aquatic", "category": "Outdoor Cooling", "cooling_capacity": "Medium", "latitude": 35.79287425, "longitude": -78.661898840807538 }, "geometry": { "type": "Point", "coordinates": [ -78.661898840807538, 35.79287425 ] } },
{ "type": "Feature", "properties": { "name": "Sunny Brook Estates Park", "type": "Park / Tree Shade", "category": "Outdoor Shade", "cooling_capacity": "Moderate", "latitude": 35.75036415, "longitude": -78.591805693621552 }, "geometry": { "type": "Point", "coordinates": [ -78.591805693621552, 35.75036415 ] } },
{ "type": "Feature", "properties": { "name": "Millbrook Exchange Splash Pad", "type": "Public Pool / Aquatic", "category": "Outdoor Cooling", "cooling_capacity": "Medium", "latitude": 35.86964395, "longitude": -78.607249163668911 }, "geometry": { "type": "Point", "coordinates": [ -78.607249163668911, 35.86964395 ] } },
{ "type": "Feature", "properties": { "name": "Unnamed Raleigh Cooling Asset", "type": "Public Pool / Aquatic", "category": "Outdoor Cooling", "cooling_capacity": "Medium", "latitude": 35.83881335, "longitude": -78.666363088802086 }, "geometry": { "type": "Point", "coordinates": [ -78.666363088802086, 35.83881335 ] } },
{ "type": "Feature", "properties": { "name": "Unnamed Raleigh Cooling Asset", "type": "Public Pool / Aquatic", "category": "Outdoor Cooling", "cooling_capacity": "Medium", "latitude": 35.8908058, "longitude": -78.680944112213339 }, "geometry": { "type": "Point", "coordinates": [ -78.680944112213339, 35.8908058 ] } },
{ "type": "Feature", "properties": { "name": "Unnamed Raleigh Cooling Asset", "type": "Public Pool / Aquatic", "category": "Outdoor Cooling", "cooling_capacity": "Medium", "latitude": 35.89039655000001, "longitude": -78.681221286321588 }, "geometry": { "type": "Point", "coordinates": [ -78.681221286321588, 35.89039655 ] } },
{ "type": "Feature", "properties": { "name": "Unnamed Raleigh Cooling Asset", "type": "Public Pool / Aquatic", "category": "Outdoor Cooling", "cooling_capacity": "Medium", "latitude": 35.8904077, "longitude": -78.681720666353272 }, "geometry": { "type": "Point", "coordinates": [ -78.681720666353272, 35.8904077 ] } },
{ "type": "Feature", "properties": { "name": "Unnamed Raleigh Cooling Asset", "type": "Public Pool / Aquatic", "category": "Outdoor Cooling", "cooling_capacity": "Medium", "latitude": 35.83879045, "longitude": -78.616012575 }, "geometry": { "type": "Point", "coordinates": [ -78.616012575, 35.83879045 ] } },
{ "type": "Feature", "properties": { "name": "Unnamed Raleigh Cooling Asset", "type": "Public Pool / Aquatic", "category": "Outdoor Cooling", "cooling_capacity": "Medium", "latitude": 35.83794585, "longitude": -78.61653405 }, "geometry": { "type": "Point", "coordinates": [ -78.61653405, 35.83794585 ] } },
{ "type": "Feature", "properties": { "name": "Unnamed Raleigh Cooling Asset", "type": "Public Pool / Aquatic", "category": "Outdoor Cooling", "cooling_capacity": "Medium", "latitude": 35.8636016, "longitude": -78.701935972756715 }, "geometry": { "type": "Point", "coordinates": [ -78.701935972756715, 35.8636016 ] } },
{ "type": "Feature", "properties": { "name": "Unnamed Raleigh Cooling Asset", "type": "Public Pool / Aquatic", "category": "Outdoor Cooling", "cooling_capacity": "Medium", "latitude": 35.8970286, "longitude": -78.797385537815259 }, "geometry": { "type": "Point", "coordinates": [ -78.797385537815259, 35.8970286 ] } },
{ "type": "Feature", "properties": { "name": "Unnamed Raleigh Cooling Asset", "type": "Public Pool / Aquatic", "category": "Outdoor Cooling", "cooling_capacity": "Medium", "latitude": 35.82114195, "longitude": -78.630065273293638 }, "geometry": { "type": "Point", "coordinates": [ -78.630065273293638, 35.82114195 ] } },
{ "type": "Feature", "properties": { "name": "Unnamed Raleigh Cooling Asset", "type": "Public Pool / Aquatic", "category": "Outdoor Cooling", "cooling_capacity": "Medium", "latitude": 35.8218857, "longitude": -78.631309866634624 }, "geometry": { "type": "Point", "coordinates": [ -78.631309866634624, 35.8218857 ] } },
{ "type": "Feature", "properties": { "name": "Unnamed Raleigh Cooling Asset", "type": "Public Pool / Aquatic", "category": "Outdoor Cooling", "cooling_capacity": "Medium", "latitude": 35.7878763, "longitude": -78.546460513981486 }, "geometry": { "type": "Point", "coordinates": [ -78.546460513981486, 35.7878763 ] } },
{ "type": "Feature", "properties": { "name": "Unnamed Raleigh Cooling Asset", "type": "Public Pool / Aquatic", "category": "Outdoor Cooling", "cooling_capacity": "Medium", "latitude": 35.85456785, "longitude": -78.572882852586801 }, "geometry": { "type": "Point", "coordinates": [ -78.572882852586801, 35.85456785 ] } },
{ "type": "Feature", "properties": { "name": "Unnamed Raleigh Cooling Asset", "type": "Public Pool / Aquatic", "category": "Outdoor Cooling", "cooling_capacity": "Medium", "latitude": 35.84705105, "longitude": -78.573539558889266 }, "geometry": { "type": "Point", "coordinates": [ -78.573539558889266, 35.84705105 ] } },
{ "type": "Feature", "properties": { "name": "Unnamed Raleigh Cooling Asset", "type": "Public Pool / Aquatic", "category": "Outdoor Cooling", "cooling_capacity": "Medium", "latitude": 35.84721295, "longitude": -78.575718503527611 }, "geometry": { "type": "Point", "coordinates": [ -78.575718503527611, 35.84721295 ] } },
{ "type": "Feature", "properties": { "name": "Unnamed Raleigh Cooling Asset", "type": "Public Pool / Aquatic", "category": "Outdoor Cooling", "cooling_capacity": "Medium", "latitude": 35.8470795, "longitude": -78.56276291265381 }, "geometry": { "type": "Point", "coordinates": [ -78.56276291265381, 35.8470795 ] } },
{ "type": "Feature", "properties": { "name": "Unnamed Raleigh Cooling Asset", "type": "Public Pool / Aquatic", "category": "Outdoor Cooling", "cooling_capacity": "Medium", "latitude": 35.89704545, "longitude": -78.570108194408419 }, "geometry": { "type": "Point", "coordinates": [ -78.570108194408419, 35.89704545 ] } },
{ "type": "Feature", "properties": { "name": "John Chavis Community Center", "type": "Community Center", "category": "Indoor A/C Refuge", "cooling_capacity": "High", "latitude": 35.7696454, "longitude": -78.629832199479665 }, "geometry": { "type": "Point", "coordinates": [ -78.629832199479665, 35.7696454 ] } },
{ "type": "Feature", "properties": { "name": "Unnamed Raleigh Cooling Asset", "type": "Public Pool / Aquatic", "category": "Outdoor Cooling", "cooling_capacity": "Medium", "latitude": 35.78618115, "longitude": -78.578873799239545 }, "geometry": { "type": "Point", "coordinates": [ -78.578873799239545, 35.78618115 ] } },
{ "type": "Feature", "properties": { "name": "Unnamed Raleigh Cooling Asset", "type": "Public Pool / Aquatic", "category": "Outdoor Cooling", "cooling_capacity": "Medium", "latitude": 35.78369605, "longitude": -78.748004214369672 }, "geometry": { "type": "Point", "coordinates": [ -78.748004214369672, 35.78369605 ] } },
{ "type": "Feature", "properties": { "name": "Falkcrest Clubhouse", "type": "Community Center", "category": "Indoor A/C Refuge", "cooling_capacity": "High", "latitude": 35.7897077, "longitude": -78.616740121923073 }, "geometry": { "type": "Point", "coordinates": [ -78.616740121923073, 35.7897077 ] } },
{ "type": "Feature", "properties": { "name": "Unnamed Raleigh Cooling Asset", "type": "Public Pool / Aquatic", "category": "Outdoor Cooling", "cooling_capacity": "Medium", "latitude": 35.91279045, "longitude": -78.786680391176475 }, "geometry": { "type": "Point", "coordinates": [ -78.786680391176475, 35.91279045 ] } },
{ "type": "Feature", "properties": { "name": "Unnamed Raleigh Cooling Asset", "type": "Public Pool / Aquatic", "category": "Outdoor Cooling", "cooling_capacity": "Medium", "latitude": 35.88024865, "longitude": -78.692670959046694 }, "geometry": { "type": "Point", "coordinates": [ -78.692670959046694, 35.88024865 ] } },
{ "type": "Feature", "properties": { "name": "Unnamed Raleigh Cooling Asset", "type": "Public Pool / Aquatic", "category": "Outdoor Cooling", "cooling_capacity": "Medium", "latitude": 35.8776765, "longitude": -78.701405991632114 }, "geometry": { "type": "Point", "coordinates": [ -78.701405991632114, 35.8776765 ] } },
{ "type": "Feature", "properties": { "name": "Unnamed Raleigh Cooling Asset", "type": "Public Pool / Aquatic", "category": "Outdoor Cooling", "cooling_capacity": "Medium", "latitude": 35.88290975, "longitude": -78.697341737112211 }, "geometry": { "type": "Point", "coordinates": [ -78.697341737112211, 35.88290975 ] } },
{ "type": "Feature", "properties": { "name": "Unnamed Raleigh Cooling Asset", "type": "Public Pool / Aquatic", "category": "Outdoor Cooling", "cooling_capacity": "Medium", "latitude": 35.74508495, "longitude": -78.687635549677054 }, "geometry": { "type": "Point", "coordinates": [ -78.687635549677054, 35.74508495 ] } },
{ "type": "Feature", "properties": { "name": "Unnamed Raleigh Cooling Asset", "type": "Public Pool / Aquatic", "category": "Outdoor Cooling", "cooling_capacity": "Medium", "latitude": 35.90104985, "longitude": -78.80254521302146 }, "geometry": { "type": "Point", "coordinates": [ -78.80254521302146, 35.90104985 ] } },
{ "type": "Feature", "properties": { "name": "Unnamed Raleigh Cooling Asset", "type": "Public Pool / Aquatic", "category": "Outdoor Cooling", "cooling_capacity": "Medium", "latitude": 35.90036165, "longitude": -78.799370776693479 }, "geometry": { "type": "Point", "coordinates": [ -78.799370776693479, 35.90036165 ] } },
{ "type": "Feature", "properties": { "name": "Unnamed Raleigh Cooling Asset", "type": "Public Pool / Aquatic", "category": "Outdoor Cooling", "cooling_capacity": "Medium", "latitude": 35.85542825, "longitude": -78.713743445288401 }, "geometry": { "type": "Point", "coordinates": [ -78.713743445288401, 35.85542825 ] } },
{ "type": "Feature", "properties": { "name": "Unnamed Raleigh Cooling Asset", "type": "Public Pool / Aquatic", "category": "Outdoor Cooling", "cooling_capacity": "Medium", "latitude": 35.8533896, "longitude": -78.715567598415845 }, "geometry": { "type": "Point", "coordinates": [ -78.715567598415845, 35.8533896 ] } },
{ "type": "Feature", "properties": { "name": "Unnamed Raleigh Cooling Asset", "type": "Public Pool / Aquatic", "category": "Outdoor Cooling", "cooling_capacity": "Medium", "latitude": 35.8775384, "longitude": -78.535471860923849 }, "geometry": { "type": "Point", "coordinates": [ -78.535471860923849, 35.8775384 ] } },
{ "type": "Feature", "properties": { "name": "Unnamed Raleigh Cooling Asset", "type": "Public Pool / Aquatic", "category": "Outdoor Cooling", "cooling_capacity": "Medium", "latitude": 35.86611885, "longitude": -78.596452928094124 }, "geometry": { "type": "Point", "coordinates": [ -78.596452928094124, 35.86611885 ] } },
{ "type": "Feature", "properties": { "name": "Unnamed Raleigh Cooling Asset", "type": "Public Pool / Aquatic", "category": "Outdoor Cooling", "cooling_capacity": "Medium", "latitude": 35.8698412, "longitude": -78.59608300720366 }, "geometry": { "type": "Point", "coordinates": [ -78.59608300720366, 35.8698412 ] } },
{ "type": "Feature", "properties": { "name": "Unnamed Raleigh Cooling Asset", "type": "Public Pool / Aquatic", "category": "Outdoor Cooling", "cooling_capacity": "Medium", "latitude": 35.86890305, "longitude": -78.568845175000007 }, "geometry": { "type": "Point", "coordinates": [ -78.568845175, 35.86890305 ] } },
{ "type": "Feature", "properties": { "name": "Unnamed Raleigh Cooling Asset", "type": "Public Pool / Aquatic", "category": "Outdoor Cooling", "cooling_capacity": "Medium", "latitude": 35.85909765, "longitude": -78.65096204518413 }, "geometry": { "type": "Point", "coordinates": [ -78.65096204518413, 35.85909765 ] } },
{ "type": "Feature", "properties": { "name": "Unnamed Raleigh Cooling Asset", "type": "Public Pool / Aquatic", "category": "Outdoor Cooling", "cooling_capacity": "Medium", "latitude": 35.771853, "longitude": -78.725616825561801 }, "geometry": { "type": "Point", "coordinates": [ -78.725616825561801, 35.771853 ] } },
{ "type": "Feature", "properties": { "name": "Unnamed Raleigh Cooling Asset", "type": "Public Pool / Aquatic", "category": "Outdoor Cooling", "cooling_capacity": "Medium", "latitude": 35.8051547, "longitude": -78.736035189772736 }, "geometry": { "type": "Point", "coordinates": [ -78.736035189772736, 35.8051547 ] } },
{ "type": "Feature", "properties": { "name": "Greens at Tryon", "type": "Park / Tree Shade", "category": "Outdoor Shade", "cooling_capacity": "Moderate", "latitude": 35.74129865, "longitude": -78.662414521835444 }, "geometry": { "type": "Point", "coordinates": [ -78.662414521835444, 35.74129865 ] } },
{ "type": "Feature", "properties": { "name": "Unnamed Raleigh Cooling Asset", "type": "Public Pool / Aquatic", "category": "Outdoor Cooling", "cooling_capacity": "Medium", "latitude": 35.90911945, "longitude": -78.586140877338266 }, "geometry": { "type": "Point", "coordinates": [ -78.586140877338266, 35.90911945 ] } },
{ "type": "Feature", "properties": { "name": "Unnamed Raleigh Cooling Asset", "type": "Public Pool / Aquatic", "category": "Outdoor Cooling", "cooling_capacity": "Medium", "latitude": 35.8364414, "longitude": -78.638426350730327 }, "geometry": { "type": "Point", "coordinates": [ -78.638426350730327, 35.8364414 ] } },
{ "type": "Feature", "properties": { "name": "Unnamed Raleigh Cooling Asset", "type": "Public Pool / Aquatic", "category": "Outdoor Cooling", "cooling_capacity": "Medium", "latitude": 35.78809165, "longitude": -78.663489652522571 }, "geometry": { "type": "Point", "coordinates": [ -78.663489652522571, 35.78809165 ] } },
{ "type": "Feature", "properties": { "name": "Unnamed Raleigh Cooling Asset", "type": "Public Pool / Aquatic", "category": "Outdoor Cooling", "cooling_capacity": "Medium", "latitude": 35.79822265, "longitude": -78.695816378827857 }, "geometry": { "type": "Point", "coordinates": [ -78.695816378827857, 35.79822265 ] } },
{ "type": "Feature", "properties": { "name": "Unnamed Raleigh Cooling Asset", "type": "Public Pool / Aquatic", "category": "Outdoor Cooling", "cooling_capacity": "Medium", "latitude": 35.79843695, "longitude": -78.695925215946573 }, "geometry": { "type": "Point", "coordinates": [ -78.695925215946573, 35.79843695 ] } },
{ "type": "Feature", "properties": { "name": "Flint Ridge Park", "type": "Park / Tree Shade", "category": "Outdoor Shade", "cooling_capacity": "Moderate", "latitude": 35.8522776, "longitude": -78.628081552981769 }, "geometry": { "type": "Point", "coordinates": [ -78.628081552981769, 35.8522776 ] } },
{ "type": "Feature", "properties": { "name": "Unnamed Raleigh Cooling Asset", "type": "Public Pool / Aquatic", "category": "Outdoor Cooling", "cooling_capacity": "Medium", "latitude": 35.79855245, "longitude": -78.554452587435236 }, "geometry": { "type": "Point", "coordinates": [ -78.554452587435236, 35.79855245 ] } },
{ "type": "Feature", "properties": { "name": "Unnamed Raleigh Cooling Asset", "type": "Public Pool / Aquatic", "category": "Outdoor Cooling", "cooling_capacity": "Medium", "latitude": 35.85038205, "longitude": -78.696634807486163 }, "geometry": { "type": "Point", "coordinates": [ -78.696634807486163, 35.85038205 ] } },
{ "type": "Feature", "properties": { "name": "Beaver Dam Park", "type": "Park / Tree Shade", "category": "Outdoor Shade", "cooling_capacity": "Moderate", "latitude": 35.81166335, "longitude": -78.672624111105364 }, "geometry": { "type": "Point", "coordinates": [ -78.672624111105364, 35.81166335 ] } },
{ "type": "Feature", "properties": { "name": "Unnamed Raleigh Cooling Asset", "type": "Public Pool / Aquatic", "category": "Outdoor Cooling", "cooling_capacity": "Medium", "latitude": 35.83271165, "longitude": -78.666000698024504 }, "geometry": { "type": "Point", "coordinates": [ -78.666000698024504, 35.83271165 ] } },
{ "type": "Feature", "properties": { "name": "Unnamed Raleigh Cooling Asset", "type": "Public Pool / Aquatic", "category": "Outdoor Cooling", "cooling_capacity": "Medium", "latitude": 35.81661785, "longitude": -78.698757537250714 }, "geometry": { "type": "Point", "coordinates": [ -78.698757537250714, 35.81661785 ] } },
{ "type": "Feature", "properties": { "name": "Unnamed Raleigh Cooling Asset", "type": "Public Pool / Aquatic", "category": "Outdoor Cooling", "cooling_capacity": "Medium", "latitude": 35.81836375, "longitude": -78.69844775563584 }, "geometry": { "type": "Point", "coordinates": [ -78.69844775563584, 35.81836375 ] } },
{ "type": "Feature", "properties": { "name": "Unnamed Raleigh Cooling Asset", "type": "Public Pool / Aquatic", "category": "Outdoor Cooling", "cooling_capacity": "Medium", "latitude": 35.83265525, "longitude": -78.679286464572186 }, "geometry": { "type": "Point", "coordinates": [ -78.679286464572186, 35.83265525 ] } },
{ "type": "Feature", "properties": { "name": "Unnamed Raleigh Cooling Asset", "type": "Public Pool / Aquatic", "category": "Outdoor Cooling", "cooling_capacity": "Medium", "latitude": 35.83881635, "longitude": -78.682340136896016 }, "geometry": { "type": "Point", "coordinates": [ -78.682340136896016, 35.83881635 ] } },
{ "type": "Feature", "properties": { "name": "Unnamed Raleigh Cooling Asset", "type": "Public Pool / Aquatic", "category": "Outdoor Cooling", "cooling_capacity": "Medium", "latitude": 35.83932655, "longitude": -78.683076472177021 }, "geometry": { "type": "Point", "coordinates": [ -78.683076472177021, 35.83932655 ] } },
{ "type": "Feature", "properties": { "name": "Unnamed Raleigh Cooling Asset", "type": "Public Pool / Aquatic", "category": "Outdoor Cooling", "cooling_capacity": "Medium", "latitude": 35.8302001, "longitude": -78.562792631878352 }, "geometry": { "type": "Point", "coordinates": [ -78.562792631878352, 35.8302001 ] } },
{ "type": "Feature", "properties": { "name": "Unnamed Raleigh Cooling Asset", "type": "Public Pool / Aquatic", "category": "Outdoor Cooling", "cooling_capacity": "Medium", "latitude": 35.8287509, "longitude": -78.571144251407233 }, "geometry": { "type": "Point", "coordinates": [ -78.571144251407233, 35.8287509 ] } },
{ "type": "Feature", "properties": { "name": "Unnamed Raleigh Cooling Asset", "type": "Public Pool / Aquatic", "category": "Outdoor Cooling", "cooling_capacity": "Medium", "latitude": 35.87788665, "longitude": -78.691995728498043 }, "geometry": { "type": "Point", "coordinates": [ -78.691995728498043, 35.87788665 ] } },
{ "type": "Feature", "properties": { "name": "Ponse Park", "type": "Park / Tree Shade", "category": "Outdoor Shade", "cooling_capacity": "Moderate", "latitude": 35.92557965, "longitude": -78.744999611652077 }, "geometry": { "type": "Point", "coordinates": [ -78.744999611652077, 35.92557965 ] } },
{ "type": "Feature", "properties": { "name": "Unnamed Raleigh Cooling Asset", "type": "Community Center", "category": "Indoor A/C Refuge", "cooling_capacity": "High", "latitude": 35.81403555, "longitude": -78.565569296591519 }, "geometry": { "type": "Point", "coordinates": [ -78.565569296591519, 35.81403555 ] } },
{ "type": "Feature", "properties": { "name": "Barwell Road Park", "type": "Park / Tree Shade", "category": "Outdoor Shade", "cooling_capacity": "Moderate", "latitude": 35.73137485, "longitude": -78.546403446712503 }, "geometry": { "type": "Point", "coordinates": [ -78.546403446712503, 35.73137485 ] } },
{ "type": "Feature", "properties": { "name": "Unnamed Raleigh Cooling Asset", "type": "Public Pool / Aquatic", "category": "Outdoor Cooling", "cooling_capacity": "Medium", "latitude": 35.84003345, "longitude": -78.720507112000007 }, "geometry": { "type": "Point", "coordinates": [ -78.720507112, 35.84003345 ] } },
{ "type": "Feature", "properties": { "name": "Unnamed Raleigh Cooling Asset", "type": "Public Pool / Aquatic", "category": "Outdoor Cooling", "cooling_capacity": "Medium", "latitude": 35.84731505, "longitude": -78.723857997644672 }, "geometry": { "type": "Point", "coordinates": [ -78.723857997644672, 35.84731505 ] } },
{ "type": "Feature", "properties": { "name": "Unnamed Raleigh Cooling Asset", "type": "Public Pool / Aquatic", "category": "Outdoor Cooling", "cooling_capacity": "Medium", "latitude": 35.84655735, "longitude": -78.721529177016123 }, "geometry": { "type": "Point", "coordinates": [ -78.721529177016123, 35.84655735 ] } },
{ "type": "Feature", "properties": { "name": "Unnamed Raleigh Cooling Asset", "type": "Public Pool / Aquatic", "category": "Outdoor Cooling", "cooling_capacity": "Medium", "latitude": 35.85107615, "longitude": -78.720207626539718 }, "geometry": { "type": "Point", "coordinates": [ -78.720207626539718, 35.85107615 ] } },
{ "type": "Feature", "properties": { "name": "Unnamed Raleigh Cooling Asset", "type": "Public Pool / Aquatic", "category": "Outdoor Cooling", "cooling_capacity": "Medium", "latitude": 35.84877625, "longitude": -78.720705031976735 }, "geometry": { "type": "Point", "coordinates": [ -78.720705031976735, 35.84877625 ] } },
{ "type": "Feature", "properties": { "name": "Unnamed Raleigh Cooling Asset", "type": "Public Pool / Aquatic", "category": "Outdoor Cooling", "cooling_capacity": "Medium", "latitude": 35.8489445, "longitude": -78.718402888404739 }, "geometry": { "type": "Point", "coordinates": [ -78.718402888404739, 35.8489445 ] } },
{ "type": "Feature", "properties": { "name": "Unnamed Raleigh Cooling Asset", "type": "Public Pool / Aquatic", "category": "Outdoor Cooling", "cooling_capacity": "Medium", "latitude": 35.84868475, "longitude": -78.718017760048554 }, "geometry": { "type": "Point", "coordinates": [ -78.718017760048554, 35.84868475 ] } },
{ "type": "Feature", "properties": { "name": "Unnamed Raleigh Cooling Asset", "type": "Public Pool / Aquatic", "category": "Outdoor Cooling", "cooling_capacity": "Medium", "latitude": 35.84650375, "longitude": -78.719582147288662 }, "geometry": { "type": "Point", "coordinates": [ -78.719582147288662, 35.84650375 ] } },
{ "type": "Feature", "properties": { "name": "Unnamed Raleigh Cooling Asset", "type": "Public Pool / Aquatic", "category": "Outdoor Cooling", "cooling_capacity": "Medium", "latitude": 35.8507499, "longitude": -78.72286831161469 }, "geometry": { "type": "Point", "coordinates": [ -78.72286831161469, 35.8507499 ] } },
{ "type": "Feature", "properties": { "name": "Unnamed Raleigh Cooling Asset", "type": "Park / Tree Shade", "category": "Outdoor Shade", "cooling_capacity": "Moderate", "latitude": 35.9251124, "longitude": -78.565952074025688 }, "geometry": { "type": "Point", "coordinates": [ -78.565952074025688, 35.9251124 ] } },
{ "type": "Feature", "properties": { "name": "Unnamed Raleigh Cooling Asset", "type": "Park / Tree Shade", "category": "Outdoor Shade", "cooling_capacity": "Moderate", "latitude": 35.9257061, "longitude": -78.568763265535949 }, "geometry": { "type": "Point", "coordinates": [ -78.568763265535949, 35.9257061 ] } },
{ "type": "Feature", "properties": { "name": "Unnamed Raleigh Cooling Asset", "type": "Public Pool / Aquatic", "category": "Outdoor Cooling", "cooling_capacity": "Medium", "latitude": 35.7957811, "longitude": -78.65025210322581 }, "geometry": { "type": "Point", "coordinates": [ -78.65025210322581, 35.7957811 ] } },
{ "type": "Feature", "properties": { "name": "Unnamed Raleigh Cooling Asset", "type": "Public Pool / Aquatic", "category": "Outdoor Cooling", "cooling_capacity": "Medium", "latitude": 35.80134415, "longitude": -78.706263461768771 }, "geometry": { "type": "Point", "coordinates": [ -78.706263461768771, 35.80134415 ] } },
{ "type": "Feature", "properties": { "name": "Unnamed Raleigh Cooling Asset", "type": "Public Pool / Aquatic", "category": "Outdoor Cooling", "cooling_capacity": "Medium", "latitude": 35.81998405, "longitude": -78.697999845578892 }, "geometry": { "type": "Point", "coordinates": [ -78.697999845578892, 35.81998405 ] } },
{ "type": "Feature", "properties": { "name": "Unnamed Raleigh Cooling Asset", "type": "Public Pool / Aquatic", "category": "Outdoor Cooling", "cooling_capacity": "Medium", "latitude": 35.8283243, "longitude": -78.692105960103717 }, "geometry": { "type": "Point", "coordinates": [ -78.692105960103717, 35.8283243 ] } },
{ "type": "Feature", "properties": { "name": "Unnamed Raleigh Cooling Asset", "type": "Public Pool / Aquatic", "category": "Outdoor Cooling", "cooling_capacity": "Medium", "latitude": 35.82928285, "longitude": -78.6931298 }, "geometry": { "type": "Point", "coordinates": [ -78.6931298, 35.82928285 ] } },
{ "type": "Feature", "properties": { "name": "Unnamed Raleigh Cooling Asset", "type": "Public Pool / Aquatic", "category": "Outdoor Cooling", "cooling_capacity": "Medium", "latitude": 35.8279119, "longitude": -78.691888663636348 }, "geometry": { "type": "Point", "coordinates": [ -78.691888663636348, 35.8279119 ] } },
{ "type": "Feature", "properties": { "name": "Unnamed Raleigh Cooling Asset", "type": "Public Pool / Aquatic", "category": "Outdoor Cooling", "cooling_capacity": "Medium", "latitude": 35.8271857, "longitude": -78.690779688289567 }, "geometry": { "type": "Point", "coordinates": [ -78.690779688289567, 35.8271857 ] } },
{ "type": "Feature", "properties": { "name": "Unnamed Raleigh Cooling Asset", "type": "Public Pool / Aquatic", "category": "Outdoor Cooling", "cooling_capacity": "Medium", "latitude": 35.82635495, "longitude": -78.687584207154487 }, "geometry": { "type": "Point", "coordinates": [ -78.687584207154487, 35.82635495 ] } },
{ "type": "Feature", "properties": { "name": "Unnamed Raleigh Cooling Asset", "type": "Public Pool / Aquatic", "category": "Outdoor Cooling", "cooling_capacity": "Medium", "latitude": 35.8212735, "longitude": -78.694129129749996 }, "geometry": { "type": "Point", "coordinates": [ -78.694129129749996, 35.8212735 ] } },
{ "type": "Feature", "properties": { "name": "Unnamed Raleigh Cooling Asset", "type": "Public Pool / Aquatic", "category": "Outdoor Cooling", "cooling_capacity": "Medium", "latitude": 35.82352575, "longitude": -78.694461521105268 }, "geometry": { "type": "Point", "coordinates": [ -78.694461521105268, 35.82352575 ] } },
{ "type": "Feature", "properties": { "name": "Unnamed Raleigh Cooling Asset", "type": "Public Pool / Aquatic", "category": "Outdoor Cooling", "cooling_capacity": "Medium", "latitude": 35.8252159, "longitude": -78.695926421428567 }, "geometry": { "type": "Point", "coordinates": [ -78.695926421428567, 35.8252159 ] } },
{ "type": "Feature", "properties": { "name": "Unnamed Raleigh Cooling Asset", "type": "Public Pool / Aquatic", "category": "Outdoor Cooling", "cooling_capacity": "Medium", "latitude": 35.8275953, "longitude": -78.698471672941594 }, "geometry": { "type": "Point", "coordinates": [ -78.698471672941594, 35.8275953 ] } },
{ "type": "Feature", "properties": { "name": "Unnamed Raleigh Cooling Asset", "type": "Public Pool / Aquatic", "category": "Outdoor Cooling", "cooling_capacity": "Medium", "latitude": 35.82756385, "longitude": -78.698985178175903 }, "geometry": { "type": "Point", "coordinates": [ -78.698985178175903, 35.82756385 ] } },
{ "type": "Feature", "properties": { "name": "Unnamed Raleigh Cooling Asset", "type": "Public Pool / Aquatic", "category": "Outdoor Cooling", "cooling_capacity": "Medium", "latitude": 35.8267126, "longitude": -78.69930077613401 }, "geometry": { "type": "Point", "coordinates": [ -78.69930077613401, 35.8267126 ] } },
{ "type": "Feature", "properties": { "name": "Unnamed Raleigh Cooling Asset", "type": "Public Pool / Aquatic", "category": "Outdoor Cooling", "cooling_capacity": "Medium", "latitude": 35.82406765, "longitude": -78.698082024756502 }, "geometry": { "type": "Point", "coordinates": [ -78.698082024756502, 35.82406765 ] } },
{ "type": "Feature", "properties": { "name": "Unnamed Raleigh Cooling Asset", "type": "Public Pool / Aquatic", "category": "Outdoor Cooling", "cooling_capacity": "Medium", "latitude": 35.81191005, "longitude": -78.6964768 }, "geometry": { "type": "Point", "coordinates": [ -78.6964768, 35.81191005 ] } },
{ "type": "Feature", "properties": { "name": "Unnamed Raleigh Cooling Asset", "type": "Public Pool / Aquatic", "category": "Outdoor Cooling", "cooling_capacity": "Medium", "latitude": 35.81189875, "longitude": -78.696794520366126 }, "geometry": { "type": "Point", "coordinates": [ -78.696794520366126, 35.81189875 ] } },
{ "type": "Feature", "properties": { "name": "Unnamed Raleigh Cooling Asset", "type": "Public Pool / Aquatic", "category": "Outdoor Cooling", "cooling_capacity": "Medium", "latitude": 35.8132079, "longitude": -78.6939035 }, "geometry": { "type": "Point", "coordinates": [ -78.6939035, 35.8132079 ] } },
{ "type": "Feature", "properties": { "name": "Unnamed Raleigh Cooling Asset", "type": "Public Pool / Aquatic", "category": "Outdoor Cooling", "cooling_capacity": "Medium", "latitude": 35.80906475, "longitude": -78.694548075846626 }, "geometry": { "type": "Point", "coordinates": [ -78.694548075846626, 35.80906475 ] } },
{ "type": "Feature", "properties": { "name": "Unnamed Raleigh Cooling Asset", "type": "Public Pool / Aquatic", "category": "Outdoor Cooling", "cooling_capacity": "Medium", "latitude": 35.87008035, "longitude": -78.625563436596821 }, "geometry": { "type": "Point", "coordinates": [ -78.625563436596821, 35.87008035 ] } },
{ "type": "Feature", "properties": { "name": "Unnamed Raleigh Cooling Asset", "type": "Public Pool / Aquatic", "category": "Outdoor Cooling", "cooling_capacity": "Medium", "latitude": 35.7665751, "longitude": -78.726879288193857 }, "geometry": { "type": "Point", "coordinates": [ -78.726879288193857, 35.7665751 ] } },
{ "type": "Feature", "properties": { "name": "Unnamed Raleigh Cooling Asset", "type": "Park / Tree Shade", "category": "Outdoor Shade", "cooling_capacity": "Moderate", "latitude": 35.92157695, "longitude": -78.582963927353973 }, "geometry": { "type": "Point", "coordinates": [ -78.582963927353973, 35.92157695 ] } },
{ "type": "Feature", "properties": { "name": "Southgate Community Library", "type": "Public Library", "category": "Indoor A/C Refuge", "cooling_capacity": "High", "latitude": 35.7549106, "longitude": -78.61538565000001 }, "geometry": { "type": "Point", "coordinates": [ -78.61538565, 35.7549106 ] } },
{ "type": "Feature", "properties": { "name": "Express Library Fayetteville Street", "type": "Public Library", "category": "Indoor A/C Refuge", "cooling_capacity": "High", "latitude": 35.77585265, "longitude": -78.639645436255435 }, "geometry": { "type": "Point", "coordinates": [ -78.639645436255435, 35.77585265 ] } },
{ "type": "Feature", "properties": { "name": "Oberlin Regional Library", "type": "Public Library", "category": "Indoor A/C Refuge", "cooling_capacity": "High", "latitude": 35.7896735, "longitude": -78.657908141874998 }, "geometry": { "type": "Point", "coordinates": [ -78.657908141874998, 35.7896735 ] } },
{ "type": "Feature", "properties": { "name": "Athens Drive Community Library", "type": "Public Library", "category": "Indoor A/C Refuge", "cooling_capacity": "High", "latitude": 35.7680517, "longitude": -78.710903240237883 }, "geometry": { "type": "Point", "coordinates": [ -78.710903240237883, 35.7680517 ] } },
{ "type": "Feature", "properties": { "name": "West Popular Lending Library", "type": "Public Library", "category": "Indoor A/C Refuge", "cooling_capacity": "High", "latitude": 35.8574693, "longitude": -78.7117497 }, "geometry": { "type": "Point", "coordinates": [ -78.7117497, 35.8574693 ] } },
{ "type": "Feature", "properties": { "name": "Unnamed Raleigh Cooling Asset", "type": "Public Pool / Aquatic", "category": "Outdoor Cooling", "cooling_capacity": "Medium", "latitude": 35.8393856, "longitude": -78.689806522795976 }, "geometry": { "type": "Point", "coordinates": [ -78.689806522795976, 35.8393856 ] } },
{ "type": "Feature", "properties": { "name": "Unnamed Raleigh Cooling Asset", "type": "Public Pool / Aquatic", "category": "Outdoor Cooling", "cooling_capacity": "Medium", "latitude": 35.8408413, "longitude": -78.692862600597607 }, "geometry": { "type": "Point", "coordinates": [ -78.692862600597607, 35.8408413 ] } },
{ "type": "Feature", "properties": { "name": "Unnamed Raleigh Cooling Asset", "type": "Public Pool / Aquatic", "category": "Outdoor Cooling", "cooling_capacity": "Medium", "latitude": 35.838311, "longitude": -78.694388719773897 }, "geometry": { "type": "Point", "coordinates": [ -78.694388719773897, 35.838311 ] } },
{ "type": "Feature", "properties": { "name": "Unnamed Raleigh Cooling Asset", "type": "Public Pool / Aquatic", "category": "Outdoor Cooling", "cooling_capacity": "Medium", "latitude": 35.8388278, "longitude": -78.696795025143402 }, "geometry": { "type": "Point", "coordinates": [ -78.696795025143402, 35.8388278 ] } },
{ "type": "Feature", "properties": { "name": "Unnamed Raleigh Cooling Asset", "type": "Public Pool / Aquatic", "category": "Outdoor Cooling", "cooling_capacity": "Medium", "latitude": 35.84777425, "longitude": -78.695419119114035 }, "geometry": { "type": "Point", "coordinates": [ -78.695419119114035, 35.84777425 ] } },
{ "type": "Feature", "properties": { "name": "Unnamed Raleigh Cooling Asset", "type": "Public Pool / Aquatic", "category": "Outdoor Cooling", "cooling_capacity": "Medium", "latitude": 35.8493441, "longitude": -78.690265999387222 }, "geometry": { "type": "Point", "coordinates": [ -78.690265999387222, 35.8493441 ] } },
{ "type": "Feature", "properties": { "name": "Unnamed Raleigh Cooling Asset", "type": "Public Pool / Aquatic", "category": "Outdoor Cooling", "cooling_capacity": "Medium", "latitude": 35.84274405, "longitude": -78.706816745738493 }, "geometry": { "type": "Point", "coordinates": [ -78.706816745738493, 35.84274405 ] } },
{ "type": "Feature", "properties": { "name": "Unnamed Raleigh Cooling Asset", "type": "Public Pool / Aquatic", "category": "Outdoor Cooling", "cooling_capacity": "Medium", "latitude": 35.84542495, "longitude": -78.708733442499991 }, "geometry": { "type": "Point", "coordinates": [ -78.708733442499991, 35.84542495 ] } },
{ "type": "Feature", "properties": { "name": "Unnamed Raleigh Cooling Asset", "type": "Public Pool / Aquatic", "category": "Outdoor Cooling", "cooling_capacity": "Medium", "latitude": 35.85484275, "longitude": -78.710137398420301 }, "geometry": { "type": "Point", "coordinates": [ -78.710137398420301, 35.85484275 ] } },
{ "type": "Feature", "properties": { "name": "Unnamed Raleigh Cooling Asset", "type": "Public Pool / Aquatic", "category": "Outdoor Cooling", "cooling_capacity": "Medium", "latitude": 35.84786535000001, "longitude": -78.721295865656657 }, "geometry": { "type": "Point", "coordinates": [ -78.721295865656657, 35.84786535 ] } },
{ "type": "Feature", "properties": { "name": "Unnamed Raleigh Cooling Asset", "type": "Public Pool / Aquatic", "category": "Outdoor Cooling", "cooling_capacity": "Medium", "latitude": 35.84895365, "longitude": -78.72031715 }, "geometry": { "type": "Point", "coordinates": [ -78.72031715, 35.84895365 ] } },
{ "type": "Feature", "properties": { "name": "Unnamed Raleigh Cooling Asset", "type": "Public Pool / Aquatic", "category": "Outdoor Cooling", "cooling_capacity": "Medium", "latitude": 35.8442187, "longitude": -78.721589709550557 }, "geometry": { "type": "Point", "coordinates": [ -78.721589709550557, 35.8442187 ] } },
{ "type": "Feature", "properties": { "name": "Unnamed Raleigh Cooling Asset", "type": "Public Pool / Aquatic", "category": "Outdoor Cooling", "cooling_capacity": "Medium", "latitude": 35.84238625, "longitude": -78.722241653507027 }, "geometry": { "type": "Point", "coordinates": [ -78.722241653507027, 35.84238625 ] } },
{ "type": "Feature", "properties": { "name": "Unnamed Raleigh Cooling Asset", "type": "Public Pool / Aquatic", "category": "Outdoor Cooling", "cooling_capacity": "Medium", "latitude": 35.8414034, "longitude": -78.721087812500002 }, "geometry": { "type": "Point", "coordinates": [ -78.721087812500002, 35.8414034 ] } },
{ "type": "Feature", "properties": { "name": "Unnamed Raleigh Cooling Asset", "type": "Public Pool / Aquatic", "category": "Outdoor Cooling", "cooling_capacity": "Medium", "latitude": 35.84090065, "longitude": -78.722314239654366 }, "geometry": { "type": "Point", "coordinates": [ -78.722314239654366, 35.84090065 ] } },
{ "type": "Feature", "properties": { "name": "Unnamed Raleigh Cooling Asset", "type": "Park / Tree Shade", "category": "Outdoor Shade", "cooling_capacity": "Moderate", "latitude": 35.84050975, "longitude": -78.540595832026526 }, "geometry": { "type": "Point", "coordinates": [ -78.540595832026526, 35.84050975 ] } },
{ "type": "Feature", "properties": { "name": "Unnamed Raleigh Cooling Asset", "type": "Public Pool / Aquatic", "category": "Outdoor Cooling", "cooling_capacity": "Medium", "latitude": 35.8665529, "longitude": -78.676508024766349 }, "geometry": { "type": "Point", "coordinates": [ -78.676508024766349, 35.8665529 ] } },
{ "type": "Feature", "properties": { "name": "Unnamed Raleigh Cooling Asset", "type": "Public Pool / Aquatic", "category": "Outdoor Cooling", "cooling_capacity": "Medium", "latitude": 35.86612785, "longitude": -78.676212293394087 }, "geometry": { "type": "Point", "coordinates": [ -78.676212293394087, 35.86612785 ] } },
{ "type": "Feature", "properties": { "name": "Unnamed Raleigh Cooling Asset", "type": "Public Pool / Aquatic", "category": "Outdoor Cooling", "cooling_capacity": "Medium", "latitude": 35.7680797, "longitude": -78.64783176484616 }, "geometry": { "type": "Point", "coordinates": [ -78.64783176484616, 35.7680797 ] } },
{ "type": "Feature", "properties": { "name": "Unnamed Raleigh Cooling Asset", "type": "Public Pool / Aquatic", "category": "Outdoor Cooling", "cooling_capacity": "Medium", "latitude": 35.77257995, "longitude": -78.644922200628258 }, "geometry": { "type": "Point", "coordinates": [ -78.644922200628258, 35.77257995 ] } },
{ "type": "Feature", "properties": { "name": "Unnamed Raleigh Cooling Asset", "type": "Public Pool / Aquatic", "category": "Outdoor Cooling", "cooling_capacity": "Medium", "latitude": 35.78950765, "longitude": -78.656929163806979 }, "geometry": { "type": "Point", "coordinates": [ -78.656929163806979, 35.78950765 ] } },
{ "type": "Feature", "properties": { "name": "Unnamed Raleigh Cooling Asset", "type": "Park / Tree Shade", "category": "Outdoor Shade", "cooling_capacity": "Moderate", "latitude": 35.81083555, "longitude": -78.654307099931216 }, "geometry": { "type": "Point", "coordinates": [ -78.654307099931216, 35.81083555 ] } },
{ "type": "Feature", "properties": { "name": "Unnamed Raleigh Cooling Asset", "type": "Public Pool / Aquatic", "category": "Outdoor Cooling", "cooling_capacity": "Medium", "latitude": 35.83391575, "longitude": -78.62765725 }, "geometry": { "type": "Point", "coordinates": [ -78.62765725, 35.83391575 ] } },
{ "type": "Feature", "properties": { "name": "Unnamed Raleigh Cooling Asset", "type": "Public Pool / Aquatic", "category": "Outdoor Cooling", "cooling_capacity": "Medium", "latitude": 35.83453905, "longitude": -78.631911677042012 }, "geometry": { "type": "Point", "coordinates": [ -78.631911677042012, 35.83453905 ] } },
{ "type": "Feature", "properties": { "name": "Unnamed Raleigh Cooling Asset", "type": "Public Pool / Aquatic", "category": "Outdoor Cooling", "cooling_capacity": "Medium", "latitude": 35.8343051, "longitude": -78.630942095947006 }, "geometry": { "type": "Point", "coordinates": [ -78.630942095947006, 35.8343051 ] } },
{ "type": "Feature", "properties": { "name": "Unnamed Raleigh Cooling Asset", "type": "Public Pool / Aquatic", "category": "Outdoor Cooling", "cooling_capacity": "Medium", "latitude": 35.7838772, "longitude": -78.6453015 }, "geometry": { "type": "Point", "coordinates": [ -78.6453015, 35.7838772 ] } },
{ "type": "Feature", "properties": { "name": "Holy Name of Jesus Cathedral Parish Center", "type": "Community Center", "category": "Indoor A/C Refuge", "cooling_capacity": "High", "latitude": 35.77844855, "longitude": -78.670098757137922 }, "geometry": { "type": "Point", "coordinates": [ -78.670098757137922, 35.77844855 ] } },
{ "type": "Feature", "properties": { "name": "Unnamed Raleigh Cooling Asset", "type": "Park / Tree Shade", "category": "Outdoor Shade", "cooling_capacity": "Moderate", "latitude": 35.78051465, "longitude": -78.68221648275852 }, "geometry": { "type": "Point", "coordinates": [ -78.68221648275852, 35.78051465 ] } },
{ "type": "Feature", "properties": { "name": "Unnamed Raleigh Cooling Asset", "type": "Public Pool / Aquatic", "category": "Outdoor Cooling", "cooling_capacity": "Medium", "latitude": 35.781921, "longitude": -78.633824829947827 }, "geometry": { "type": "Point", "coordinates": [ -78.633824829947827, 35.781921 ] } },
{ "type": "Feature", "properties": { "name": "Unnamed Raleigh Cooling Asset", "type": "Public Pool / Aquatic", "category": "Outdoor Cooling", "cooling_capacity": "Medium", "latitude": 35.80447845, "longitude": -78.7333814 }, "geometry": { "type": "Point", "coordinates": [ -78.7333814, 35.80447845 ] } },
{ "type": "Feature", "properties": { "name": "Unnamed Raleigh Cooling Asset", "type": "Public Pool / Aquatic", "category": "Outdoor Cooling", "cooling_capacity": "Medium", "latitude": 35.754081, "longitude": -78.667666836276084 }, "geometry": { "type": "Point", "coordinates": [ -78.667666836276084, 35.754081 ] } },
{ "type": "Feature", "properties": { "name": "Unnamed Raleigh Cooling Asset", "type": "Public Pool / Aquatic", "category": "Outdoor Cooling", "cooling_capacity": "Medium", "latitude": 35.9188802, "longitude": -78.782112586617444 }, "geometry": { "type": "Point", "coordinates": [ -78.782112586617444, 35.9188802 ] } },
{ "type": "Feature", "properties": { "name": "North Carolina Freedom Park", "type": "Park / Tree Shade", "category": "Outdoor Shade", "cooling_capacity": "Moderate", "latitude": 35.7834061, "longitude": -78.637388670410274 }, "geometry": { "type": "Point", "coordinates": [ -78.637388670410274, 35.7834061 ] } },
{ "type": "Feature", "properties": { "name": "Unnamed Raleigh Cooling Asset", "type": "Public Pool / Aquatic", "category": "Outdoor Cooling", "cooling_capacity": "Medium", "latitude": 35.78839105, "longitude": -78.701807245223065 }, "geometry": { "type": "Point", "coordinates": [ -78.701807245223065, 35.78839105 ] } },
{ "type": "Feature", "properties": { "name": "Unnamed Raleigh Cooling Asset", "type": "Park / Tree Shade", "category": "Outdoor Shade", "cooling_capacity": "Moderate", "latitude": 35.78688165, "longitude": -78.669724486002551 }, "geometry": { "type": "Point", "coordinates": [ -78.669724486002551, 35.78688165 ] } }
]
}
